user_id,age,gender,occupation,daily_screen_time_hours,phone_usage_before_sleep_minutes,sleep_duration_hours,sleep_quality_score,stress_level,caffeine_intake_cups,physical_activity_minutes,notifications_received_per_day,mental_fatigue_score
1,43,Male,Teacher,1.85,103,7.07,8,7,1,70,97,1
2,57,Male,Student,2.29,68,6.72,9,5,4,27,232,3
3,58,Female,Teacher,9.52,64,6.7,6,7,2,114,99,1
4,44,Male,Designer,2.39,80,4.57,7,2,5,62,48,4
5,49,Female,Student,7.26,117,7.61,2,1,2,89,137,5
6,27,Female,Student,5.12,57,8.07,8,2,4,107,113,1
7,43,Male,Designer,5.26,6,6.86,3,4,4,12,152,3
8,34,Male,Student,6.39,14,4.36,6,5,0,25,182,3
9,36,Male,Designer,1.92,49,6.54,2,1,1,46,156,3
10,52,Male,Teacher,5.74,11,7.15,9,6,2,2,73,2
11,27,Female,Designer,9.49,88,7.51,2,7,0,19,206,8
12,40,Male,Teacher,9.27,67,8.55,5,4,1,100,57,8
13,59,Female,Business,8.23,11,8.15,1,7,4,52,43,6
14,26,Male,Designer,3.51,82,4.41,9,3,4,13,263,5
15,32,Male,Student,5.92,99,8.43,7,1,4,73,111,2
16,24,Male,Engineer,4.61,118,5.01,3,6,3,23,138,3
17,56,Female,Business,9.6,65,7.03,9,7,4,69,72,8
18,48,Female,Engineer,3.49,93,7.84,1,6,2,11,175,8
19,46,Female,Business,9.47,62,6.93,2,6,3,91,61,4
20,55,Female,Teacher,6.41,119,7.33,1,8,4,18,102,5
21,30,Male,Designer,5.28,87,6.77,2,8,1,2,157,2
22,58,Female,Designer,9.06,25,6.25,7,1,3,11,166,8
23,31,Male,Engineer,4.64,68,6.84,9,9,0,17,235,2
24,51,Female,Engineer,1.23,24,6.01,3,6,4,92,276,4
25,21,Female,Doctor,2.95,98,5.98,1,8,5,14,180,2
26,54,Female,Designer,7.82,59,8.34,5,1,5,6,21,3
27,35,Female,Teacher,3.02,45,5.06,6,8,4,56,70,5
28,41,Female,Business,2.05,101,7.47,6,6,2,57,81,9
29,59,Female,Engineer,3.57,85,5.14,1,7,3,92,99,7
30,56,Male,Business,6.69,77,5.94,6,5,5,101,240,5
31,55,Female,Engineer,6.24,34,6.06,9,7,0,63,202,5
32,56,Female,Business,6.67,83,6.13,4,9,1,5,170,2
33,49,Male,Teacher,9.9,87,6.73,6,4,0,32,169,3
34,59,Female,Doctor,1.97,25,8.15,8,9,3,16,299,8
35,46,Male,Business,5.45,90,7.52,5,8,3,37,188,5
36,50,Female,Teacher,7.67,24,8.39,2,3,2,58,256,6
37,36,Female,Engineer,7.86,91,8.64,8,7,1,46,197,4
38,34,Male,Designer,9.24,85,4.84,9,8,2,35,190,1
39,29,Female,Engineer,6.92,24,6.43,6,3,4,94,184,9
40,56,Male,Designer,2.55,100,8.42,3,8,1,114,176,6
41,33,Female,Student,5.95,19,6.2,5,4,4,22,221,8
42,32,Male,Student,5.62,76,4.65,4,5,1,36,270,8
43,55,Male,Teacher,8.4,60,8.92,7,3,2,2,287,4
44,29,Female,Engineer,4.13,91,8.4,6,9,2,79,50,8
45,22,Male,Engineer,4.32,106,4.52,5,8,0,108,262,3
46,42,Female,Student,1.12,118,7.11,2,9,4,44,49,2
47,27,Male,Designer,3.66,75,4.37,5,2,5,0,34,1
48,32,Female,Doctor,9.35,49,4.7,6,4,2,78,27,5
49,34,Female,Designer,2.47,119,8.46,3,8,1,100,274,7
50,50,Female,Designer,8.42,59,5.0,5,8,1,63,157,9
51,30,Male,Designer,1.33,19,7.79,9,6,5,47,137,3
52,46,Female,Business,1.59,36,4.82,3,4,0,58,79,5
53,48,Male,Doctor,8.32,5,5.76,4,9,2,102,164,6
54,37,Male,Student,7.76,6,9.0,3,1,4,45,73,7
55,38,Male,Teacher,5.46,80,6.4,2,4,0,109,84,8
56,24,Male,Teacher,2.01,95,7.17,2,7,5,0,54,6
57,59,Female,Student,8.87,93,5.4,8,1,4,97,239,4
58,58,Female,Designer,8.45,94,6.96,5,2,5,84,24,9
59,29,Male,Business,9.23,15,4.6,1,5,1,96,26,7
60,46,Female,Student,3.13,89,6.96,1,8,4,27,180,7
61,18,Female,Student,9.0,72,4.48,1,9,4,109,231,2
62,53,Male,Engineer,9.94,105,5.17,1,3,5,68,297,2
63,42,Male,Designer,5.42,91,7.26,6,5,0,61,141,8
64,51,Male,Business,5.18,103,8.78,5,8,1,106,104,3
65,32,Female,Engineer,4.66,109,5.0,5,1,2,50,183,9
66,47,Male,Doctor,1.07,25,5.49,1,9,1,25,28,9
67,43,Male,Student,1.55,74,4.3,6,8,2,89,205,4
68,40,Female,Business,6.16,101,5.56,6,7,2,89,118,2
69,31,Male,Teacher,6.91,37,6.07,9,4,4,66,34,5
70,41,Female,Doctor,2.35,69,5.53,9,9,3,29,58,2
71,39,Female,Business,1.06,11,4.89,6,5,5,16,272,8
72,25,Female,Designer,4.23,113,5.5,2,6,4,23,142,9
73,53,Male,Student,6.86,25,8.57,7,5,5,106,66,5
74,29,Female,Engineer,4.57,33,4.04,3,2,2,89,196,4
75,19,Female,Teacher,6.64,41,6.85,2,4,3,101,277,3
76,51,Male,Designer,5.98,93,6.35,8,8,4,1,196,4
77,58,Male,Student,8.0,62,8.43,1,8,2,7,169,5
78,40,Female,Designer,1.6,94,8.85,4,2,5,57,65,9
79,48,Female,Designer,2.08,109,5.71,3,3,1,99,220,9
80,48,Female,Teacher,8.55,70,6.32,2,1,5,108,284,1
81,18,Female,Doctor,2.98,99,4.3,4,4,0,50,44,5
82,21,Male,Engineer,8.33,78,4.58,3,1,4,80,142,1
83,27,Female,Business,5.35,78,7.7,2,8,5,29,116,6
84,52,Female,Engineer,1.98,94,7.64,9,4,0,100,266,5
85,42,Female,Engineer,5.14,15,5.85,8,3,2,81,105,7
86,47,Male,Designer,2.51,103,4.89,7,2,4,54,289,5
87,19,Male,Student,9.04,52,5.54,8,4,3,7,167,7
88,21,Female,Doctor,1.69,85,7.52,4,4,3,3,233,7
89,19,Female,Designer,9.42,69,5.81,9,5,5,54,97,8
90,23,Male,Designer,3.1,67,5.76,3,6,0,58,184,1
91,55,Female,Teacher,8.33,52,4.79,8,5,2,110,166,7
92,35,Male,Business,4.88,70,4.03,1,2,1,93,87,2
93,50,Male,Doctor,1.82,72,6.83,7,4,1,70,164,2
94,35,Male,Student,9.34,107,4.4,6,8,0,45,129,4
95,35,Male,Student,5.51,27,6.43,2,3,0,63,203,3
96,31,Female,Doctor,6.76,37,4.43,9,5,3,80,102,4
97,37,Male,Designer,6.44,48,7.24,5,7,4,96,87,4
98,48,Female,Engineer,4.84,83,7.34,1,7,3,105,48,5
99,34,Female,Doctor,2.18,60,8.61,2,4,1,71,85,6
100,56,Male,Designer,9.87,68,6.65,4,9,1,116,262,5
101,55,Male,Doctor,9.1,33,8.4,1,2,2,31,92,6
102,52,Male,Business,9.5,63,7.76,1,1,5,117,219,7
103,22,Male,Designer,1.84,89,4.0,4,1,4,75,185,5
104,47,Female,Doctor,1.51,90,8.35,8,9,0,58,257,7
105,19,Male,Engineer,1.09,44,7.43,4,6,1,109,173,4
106,54,Female,Business,7.2,23,5.67,8,4,1,22,162,1
107,37,Male,Student,6.78,80,4.91,2,8,4,39,28,1
108,36,Male,Student,3.26,87,7.17,5,2,4,51,175,8
109,54,Female,Designer,9.33,104,4.65,7,2,4,108,272,6
110,49,Female,Student,8.14,40,6.28,5,5,3,53,216,7
111,52,Male,Doctor,5.43,86,8.41,7,2,3,97,82,3
112,44,Female,Teacher,5.45,119,4.95,9,4,5,19,115,1
113,55,Male,Engineer,8.79,5,6.89,5,4,5,82,169,4
114,34,Male,Student,7.78,6,5.97,9,5,5,72,278,8
115,31,Female,Business,4.32,28,7.59,4,3,5,82,261,6
116,42,Female,Doctor,9.36,30,4.35,7,2,2,106,199,8
117,53,Female,Doctor,3.69,80,7.99,8,6,2,55,133,8
118,23,Male,Designer,9.44,88,4.93,3,3,4,94,167,7
119,35,Female,Business,6.14,92,7.87,7,6,2,97,53,4
120,37,Female,Engineer,8.42,102,4.27,6,9,2,51,207,6
121,33,Male,Student,9.43,104,7.85,9,1,2,23,293,3
122,18,Male,Business,2.02,25,5.89,8,4,2,90,250,2
123,46,Female,Designer,1.06,36,8.8,5,9,5,118,188,4
124,33,Female,Business,2.7,59,5.91,8,8,0,44,65,8
125,46,Male,Engineer,5.9,13,6.09,2,5,2,112,107,8
126,52,Female,Teacher,3.08,23,5.97,5,7,1,66,144,4
127,38,Male,Designer,3.97,40,4.12,3,5,5,52,40,1
128,49,Male,Doctor,6.74,9,6.77,8,6,5,76,239,5
129,33,Female,Teacher,2.82,51,8.46,9,9,3,37,54,1
130,40,Male,Student,7.99,17,7.04,2,2,0,74,185,3
131,21,Female,Engineer,7.44,19,4.06,9,3,3,89,118,3
132,58,Male,Designer,4.72,36,4.11,7,3,1,66,182,1
133,30,Female,Business,9.0,30,7.96,8,9,5,43,256,6
134,50,Male,Student,6.65,16,8.69,2,7,5,32,52,7
135,39,Female,Business,2.42,114,5.13,7,5,1,55,41,5
136,54,Female,Engineer,2.66,80,5.51,6,9,1,117,34,9
137,43,Male,Doctor,9.31,19,7.7,3,1,0,97,271,4
138,38,Male,Business,6.54,116,6.73,1,7,5,52,275,1
139,30,Male,Designer,2.82,117,5.17,2,8,1,5,247,4
140,39,Female,Student,7.5,24,6.62,5,6,2,82,134,6
141,26,Female,Teacher,2.74,38,6.94,6,5,3,58,163,4
142,29,Female,Student,2.93,10,6.61,4,9,0,23,252,7
143,44,Female,Designer,1.64,54,4.01,6,3,1,47,281,1
144,59,Female,Student,1.35,38,8.54,7,6,5,96,105,9
145,56,Female,Designer,7.21,105,6.37,6,7,5,8,188,7
146,39,Female,Business,1.81,6,6.86,5,5,4,40,214,3
147,50,Female,Engineer,3.28,106,8.55,2,4,2,80,158,7
148,43,Male,Designer,1.6,6,7.56,9,6,2,78,59,1
149,49,Female,Designer,6.83,106,8.02,4,4,5,5,100,6
150,47,Male,Teacher,7.82,113,7.04,2,1,2,39,133,9
151,50,Female,Designer,4.74,71,7.38,3,1,5,95,128,3
152,24,Female,Business,5.95,83,4.27,5,2,4,115,129,6
153,49,Male,Engineer,5.12,57,7.69,2,6,0,78,80,1
154,46,Female,Student,8.22,65,4.75,7,9,3,50,149,8
155,56,Female,Business,7.28,96,5.97,6,2,5,65,225,2
156,32,Male,Business,7.39,24,5.35,7,2,1,107,231,5
157,21,Male,Business,4.18,12,8.14,5,5,2,53,232,2
158,44,Male,Student,7.96,112,8.9,1,1,1,87,92,2
159,40,Male,Engineer,9.31,114,8.17,2,1,1,57,61,8
160,29,Female,Student,9.12,30,6.06,3,1,4,81,266,8
161,29,Male,Student,4.59,115,6.26,3,7,1,73,144,2
162,46,Female,Business,2.3,19,6.57,5,2,5,49,83,5
163,49,Female,Doctor,9.28,34,4.76,9,4,3,15,195,3
164,50,Female,Designer,7.65,19,5.02,5,9,0,30,198,4
165,27,Male,Teacher,5.23,36,6.38,5,7,5,94,229,6
166,22,Female,Engineer,1.45,80,6.57,6,9,0,102,26,7
167,47,Female,Teacher,5.99,12,7.0,3,6,2,61,21,2
168,19,Male,Doctor,9.63,56,4.8,6,5,3,92,129,7
169,30,Female,Teacher,5.69,103,8.57,3,7,1,95,197,3
170,27,Female,Teacher,6.04,22,8.87,1,8,4,102,120,4
171,46,Female,Business,7.01,27,4.26,6,9,1,16,265,5
172,44,Male,Teacher,7.24,101,6.43,4,5,5,14,160,5
173,49,Male,Designer,1.4,15,6.63,2,9,2,98,237,6
174,29,Female,Student,7.96,93,8.09,7,3,1,99,270,9
175,27,Female,Designer,9.58,85,6.39,6,3,3,45,52,7
176,43,Male,Teacher,9.09,82,4.68,5,5,0,87,255,7
177,34,Male,Student,6.91,85,4.84,5,5,3,42,182,4
178,47,Male,Teacher,8.99,105,6.19,8,2,0,99,191,2
179,35,Male,Designer,9.45,59,6.14,6,1,0,44,297,3
180,41,Male,Engineer,4.39,10,7.95,2,6,0,68,59,5
181,54,Male,Designer,2.79,107,8.7,6,4,1,24,250,6
182,55,Male,Student,3.77,59,4.89,5,6,1,75,140,8
183,41,Female,Student,6.6,33,8.19,6,5,0,27,44,5
184,42,Female,Business,1.89,79,7.56,4,6,0,19,111,5
185,50,Male,Designer,6.71,5,4.31,1,9,0,112,27,1
186,28,Male,Student,9.7,61,4.06,7,1,2,28,117,4
187,55,Female,Doctor,5.51,61,8.42,9,3,1,69,49,2
188,48,Female,Business,6.44,113,8.26,8,9,5,31,144,6
189,49,Male,Business,1.08,52,4.04,7,4,5,47,82,8
190,44,Male,Teacher,3.49,49,4.95,8,8,4,108,284,2
191,20,Male,Teacher,5.22,109,6.75,7,8,0,54,157,8
192,21,Male,Engineer,5.61,92,8.82,1,5,1,65,176,4
193,24,Male,Business,8.78,58,5.69,1,6,2,44,163,1
194,28,Female,Business,9.95,35,4.8,2,5,4,25,109,9
195,44,Female,Teacher,6.96,64,4.5,3,1,1,99,24,7
196,32,Male,Student,3.11,104,6.19,1,3,5,93,155,4
197,35,Male,Business,7.26,93,6.91,6,1,3,45,25,9
198,48,Male,Doctor,5.84,104,8.58,4,9,1,1,24,4
199,29,Female,Engineer,8.74,112,8.03,3,3,1,53,240,4
200,25,Male,Doctor,2.06,79,6.55,9,2,0,86,127,9
201,46,Female,Doctor,1.69,119,7.51,2,2,5,24,60,1
202,34,Female,Student,9.68,80,8.28,9,9,3,85,55,1
203,58,Female,Business,4.79,119,7.43,4,8,1,40,74,5
204,35,Female,Designer,1.9,74,4.07,4,4,5,18,190,4
205,18,Female,Teacher,2.63,43,4.36,9,4,3,105,253,8
206,51,Female,Teacher,1.59,101,8.94,1,9,0,81,71,6
207,58,Female,Engineer,4.93,46,6.39,9,9,2,87,46,7
208,30,Female,Student,3.69,100,7.86,3,1,3,76,207,8
209,30,Female,Teacher,9.97,88,7.62,7,5,2,89,291,8
210,44,Male,Teacher,7.87,19,8.16,6,4,4,37,74,9
211,21,Female,Doctor,8.98,49,5.74,1,8,0,10,41,4
212,52,Male,Doctor,7.02,52,6.92,5,6,2,75,240,1
213,44,Male,Teacher,1.26,7,5.24,2,4,3,4,52,6
214,21,Female,Teacher,2.07,114,4.82,3,5,0,21,30,1
215,24,Male,Business,1.32,17,8.93,3,9,4,60,39,9
216,25,Male,Business,6.97,47,8.87,8,3,2,94,147,1
217,49,Male,Teacher,3.27,36,4.79,5,5,5,90,290,1
218,39,Female,Business,6.85,30,4.91,3,3,1,109,74,1
219,35,Male,Engineer,2.32,104,5.85,9,8,4,9,142,1
220,35,Male,Designer,5.82,68,7.94,7,2,1,7,292,1
221,21,Female,Designer,7.51,56,6.96,1,6,5,55,174,8
222,50,Female,Doctor,1.31,97,4.72,1,5,0,73,270,4
223,28,Female,Business,1.37,87,8.89,2,3,4,53,290,6
224,19,Male,Student,4.86,95,7.78,3,4,0,100,283,8
225,34,Male,Designer,3.04,40,6.45,3,7,1,37,75,9
226,31,Male,Engineer,8.4,97,4.43,5,8,1,16,172,7
227,28,Female,Designer,1.89,106,4.39,6,8,2,69,58,6
228,50,Female,Teacher,8.99,110,4.79,5,8,1,6,83,8
229,43,Female,Designer,5.56,115,7.32,5,6,1,104,79,3
230,36,Male,Student,6.77,58,8.07,1,1,5,51,174,1
231,40,Female,Business,9.58,31,4.07,1,6,5,25,43,8
232,51,Female,Business,9.44,53,8.47,6,7,1,68,108,4
233,53,Male,Student,6.94,107,8.1,5,8,3,22,50,9
234,25,Female,Designer,9.78,73,8.23,4,5,5,88,83,2
235,48,Male,Student,9.17,49,4.88,7,6,5,77,123,8
236,20,Female,Business,7.05,47,4.94,5,5,5,92,35,7
237,41,Male,Doctor,9.71,8,4.56,6,9,4,95,114,2
238,59,Female,Doctor,1.94,31,4.17,8,5,3,9,76,9
239,34,Female,Designer,5.77,106,7.27,3,5,5,101,214,2
240,52,Female,Doctor,1.69,5,5.99,8,3,5,84,88,3
241,41,Female,Business,9.91,107,4.95,2,2,1,83,295,6
242,20,Male,Designer,2.9,115,7.97,4,6,5,116,81,2
243,48,Female,Business,5.86,65,6.47,1,9,5,43,221,3
244,55,Female,Designer,1.91,74,4.78,8,2,2,27,112,3
245,18,Female,Designer,7.99,23,5.31,2,6,5,115,208,1
246,54,Female,Designer,7.27,72,4.56,1,7,2,0,290,3
247,39,Male,Engineer,7.28,33,4.3,9,4,1,97,291,9
248,42,Female,Engineer,5.54,111,6.81,5,7,0,88,31,2
249,51,Female,Doctor,2.31,46,4.83,8,1,0,96,249,8
250,52,Female,Teacher,2.26,42,6.15,9,7,0,92,63,4
251,43,Male,Designer,6.53,43,5.58,1,7,4,85,75,3
252,47,Male,Business,7.45,14,6.12,2,7,4,11,121,9
253,59,Female,Business,9.5,6,5.78,5,8,2,23,155,4
254,42,Male,Doctor,5.29,96,7.65,1,8,4,75,111,6
255,38,Male,Designer,4.67,16,6.26,3,6,0,102,70,2
256,35,Male,Engineer,3.77,41,7.37,8,2,5,102,238,8
257,59,Male,Business,4.46,23,8.47,5,1,5,67,235,9
258,54,Female,Designer,3.03,53,5.29,3,6,5,80,221,8
259,25,Male,Doctor,7.65,47,5.4,5,3,1,118,216,8
260,29,Male,Doctor,5.77,50,6.89,9,2,0,47,68,4
261,55,Male,Designer,2.9,98,4.25,5,8,5,28,262,9
262,27,Female,Teacher,3.98,72,6.93,6,2,5,5,211,4
263,42,Male,Engineer,9.38,74,6.86,3,3,4,48,155,6
264,54,Male,Engineer,5.05,31,4.91,5,7,2,7,174,6
265,47,Female,Business,1.01,66,7.38,5,9,3,108,172,2
266,46,Male,Doctor,4.8,78,8.24,9,8,3,14,152,7
267,42,Female,Engineer,8.51,44,7.33,5,6,3,14,112,5
268,50,Male,Doctor,7.11,30,4.92,6,3,1,38,167,8
269,28,Male,Engineer,4.81,22,6.16,1,3,4,103,288,2
270,33,Male,Student,9.79,51,7.55,6,2,3,20,231,1
271,52,Male,Engineer,1.99,92,5.42,6,9,5,35,197,7
272,21,Female,Student,6.85,56,6.7,5,4,1,47,89,6
273,41,Male,Student,1.09,97,8.94,9,1,4,61,215,2
274,54,Female,Business,3.83,99,6.75,4,2,4,38,203,6
275,18,Female,Designer,9.67,85,8.34,6,6,5,46,181,4
276,31,Male,Teacher,7.64,76,5.04,6,4,3,52,82,6
277,38,Male,Business,5.2,96,6.1,8,3,1,102,126,9
278,20,Male,Teacher,7.47,104,4.12,9,1,5,75,58,4
279,48,Female,Designer,8.3,80,4.91,8,5,2,112,54,6
280,48,Male,Student,2.1,59,5.58,2,5,5,20,262,1
281,52,Male,Engineer,6.01,110,6.54,3,6,5,111,241,5
282,30,Female,Doctor,7.54,106,8.74,6,2,4,15,205,2
283,51,Male,Doctor,8.88,5,5.24,9,7,0,106,280,9
284,44,Female,Doctor,2.3,32,5.72,7,3,4,58,118,1
285,48,Male,Doctor,3.31,25,7.53,1,6,0,117,246,8
286,56,Female,Engineer,3.54,24,7.72,8,1,4,87,180,3
287,55,Male,Doctor,8.68,80,4.06,8,9,4,9,251,5
288,44,Male,Business,6.43,112,4.24,7,1,0,94,44,6
289,20,Male,Engineer,5.58,45,4.31,9,3,5,33,69,9
290,58,Female,Business,3.19,20,5.68,7,6,2,115,270,9
291,49,Male,Designer,5.17,45,7.13,3,8,2,45,231,6
292,27,Female,Student,6.04,7,5.98,4,7,5,35,79,4
293,49,Female,Designer,7.28,52,7.46,5,6,2,36,244,3
294,51,Male,Designer,1.16,83,6.01,9,3,1,15,135,3
295,40,Male,Engineer,6.35,110,4.82,1,6,5,106,159,9
296,26,Female,Designer,1.13,11,5.5,5,2,3,2,169,7
297,20,Female,Doctor,1.65,109,7.22,3,7,0,34,49,5
298,18,Female,Designer,5.73,99,5.73,6,4,0,2,76,4
299,21,Female,Designer,6.96,63,7.31,2,6,3,113,148,3
300,28,Female,Designer,9.29,112,8.2,2,1,1,17,293,1
301,19,Male,Teacher,3.19,85,4.29,2,6,1,84,298,1
302,34,Female,Designer,2.57,37,7.91,3,5,1,64,280,6
303,58,Male,Designer,9.68,35,6.36,7,1,0,72,107,1
304,44,Female,Teacher,1.48,40,7.96,6,9,1,73,51,7
305,45,Female,Doctor,2.59,69,6.5,4,6,5,21,243,9
306,41,Male,Designer,8.74,12,6.14,2,6,4,75,148,6
307,55,Male,Designer,8.98,67,5.15,6,1,4,45,93,2
308,52,Female,Student,9.61,44,5.37,2,5,0,14,187,6
309,19,Female,Engineer,6.82,67,7.35,4,6,4,101,165,5
310,52,Male,Teacher,7.92,32,6.17,5,5,0,45,285,8
311,31,Female,Designer,9.9,11,4.41,9,6,4,61,111,8
312,30,Male,Student,6.8,58,7.27,3,7,4,38,176,3
313,26,Male,Engineer,1.35,42,4.63,8,4,0,44,32,5
314,50,Female,Teacher,5.42,80,6.59,9,5,4,50,145,6
315,26,Female,Teacher,7.27,13,7.44,5,6,5,6,220,2
316,53,Female,Doctor,1.62,56,6.1,7,1,2,6,116,9
317,56,Male,Doctor,7.16,88,7.57,3,3,3,85,275,7
318,57,Male,Designer,4.6,95,8.03,7,6,4,22,296,7
319,37,Male,Business,4.28,67,7.54,3,2,0,65,171,9
320,35,Male,Designer,8.18,64,5.09,2,4,4,111,166,9
321,32,Female,Designer,1.31,70,8.61,8,4,5,32,236,1
322,59,Male,Teacher,4.15,46,8.23,6,2,1,16,34,4
323,40,Male,Teacher,4.19,6,6.75,8,3,1,28,162,7
324,18,Female,Teacher,6.78,96,8.87,4,5,0,18,170,9
325,28,Male,Student,6.99,64,5.3,9,7,5,99,194,7
326,19,Male,Student,9.27,77,6.72,4,7,4,75,226,6
327,22,Male,Doctor,4.93,17,5.0,3,1,5,119,118,5
328,59,Male,Designer,1.75,119,8.43,4,6,4,89,243,4
329,43,Male,Designer,7.78,85,6.72,7,7,1,5,40,1
330,49,Female,Business,5.99,111,7.54,6,2,0,17,111,6
331,50,Female,Business,9.25,6,7.3,4,6,1,94,208,5
332,21,Female,Designer,4.36,22,6.33,8,1,0,71,164,4
333,18,Female,Doctor,4.27,7,5.9,4,4,1,65,199,3
334,48,Female,Business,3.14,36,5.69,1,5,2,56,139,8
335,32,Male,Business,2.6,23,8.26,1,3,1,47,217,9
336,32,Male,Engineer,6.3,82,7.98,6,2,1,15,281,1
337,38,Female,Business,7.54,19,6.68,3,7,3,67,72,2
338,42,Male,Student,2.68,10,6.38,7,8,5,5,184,3
339,37,Male,Doctor,4.38,15,8.14,8,9,0,106,49,5
340,26,Male,Engineer,7.9,36,6.15,8,5,5,113,32,3
341,37,Female,Engineer,5.35,74,4.39,8,5,0,35,148,9
342,56,Female,Designer,5.28,65,5.46,3,4,5,95,105,4
343,18,Male,Teacher,5.48,22,5.15,9,3,3,103,183,9
344,38,Male,Designer,6.33,23,7.36,4,8,4,58,206,3
345,58,Female,Student,1.62,35,8.76,7,4,0,77,69,2
346,33,Female,Teacher,3.37,99,6.93,1,4,1,60,246,5
347,50,Male,Business,2.66,105,5.09,3,7,0,88,295,6
348,39,Male,Teacher,6.56,119,6.45,2,8,2,72,38,7
349,24,Female,Student,7.4,86,6.79,8,4,0,79,235,5
350,35,Male,Teacher,6.82,88,5.3,6,8,2,85,159,8
351,30,Male,Teacher,8.22,49,4.76,3,3,0,89,69,5
352,44,Male,Doctor,6.92,34,7.22,6,7,5,87,115,7
353,29,Female,Designer,5.72,36,4.87,3,5,5,42,20,3
354,26,Male,Designer,3.9,13,6.95,3,3,3,2,286,3
355,34,Female,Engineer,9.28,93,7.96,7,1,0,6,51,4
356,41,Male,Engineer,2.86,7,4.14,4,6,1,116,68,2
357,24,Male,Designer,2.37,87,8.04,7,2,3,67,114,4
358,30,Female,Business,2.7,111,8.78,9,1,3,108,238,6
359,25,Female,Teacher,2.0,80,4.09,7,6,3,36,46,2
360,37,Male,Designer,2.92,6,6.0,4,4,1,46,85,8
361,45,Female,Teacher,6.63,53,8.3,7,4,0,79,109,3
362,50,Male,Doctor,4.47,62,8.75,7,6,2,104,54,4
363,56,Male,Student,9.48,53,5.17,7,3,0,83,261,8
364,51,Female,Doctor,1.35,15,8.48,2,5,2,112,237,1
365,40,Female,Doctor,9.44,94,6.74,7,9,3,117,131,9
366,46,Male,Student,4.12,49,7.06,9,8,1,73,198,9
367,49,Female,Business,9.08,47,4.32,4,6,0,88,132,6
368,46,Male,Teacher,3.96,63,4.24,9,5,4,83,175,6
369,26,Female,Designer,4.98,64,7.77,8,3,4,37,224,4
370,22,Female,Teacher,9.7,47,7.09,3,9,1,107,136,3
371,18,Female,Business,1.95,100,5.87,8,4,0,33,155,1
372,48,Male,Engineer,1.72,115,4.9,2,9,1,57,178,5
373,42,Male,Doctor,4.78,18,8.91,6,8,2,22,245,2
374,20,Female,Designer,5.71,13,8.75,2,2,5,12,239,1
375,51,Male,Student,5.34,78,5.58,3,7,5,59,123,8
376,26,Female,Designer,7.97,81,4.57,1,3,3,98,84,2
377,37,Female,Designer,3.47,24,5.43,3,2,2,13,183,1
378,23,Male,Teacher,2.12,110,8.72,9,1,4,37,215,9
379,21,Male,Business,6.0,22,4.36,7,5,2,108,34,5
380,19,Female,Teacher,1.89,67,5.92,5,6,5,1,162,1
381,18,Female,Student,3.45,93,4.15,7,4,0,61,194,8
382,23,Male,Student,1.31,65,5.99,3,8,4,2,185,6
383,59,Female,Designer,5.24,77,4.85,8,2,1,98,168,6
384,26,Female,Business,3.36,35,6.19,2,9,0,101,189,6
385,36,Male,Doctor,5.29,85,4.16,2,3,2,0,58,9
386,41,Female,Business,5.46,44,7.91,2,3,1,65,33,6
387,37,Male,Designer,3.85,23,6.33,6,6,1,117,55,2
388,26,Male,Teacher,2.12,58,8.22,5,3,3,35,98,5
389,58,Female,Designer,9.71,10,8.71,8,9,5,72,224,5
390,39,Female,Teacher,8.85,88,5.57,5,6,4,82,168,7
391,18,Female,Business,8.3,35,4.28,4,8,5,94,242,4
392,42,Female,Doctor,9.28,109,4.15,1,9,0,42,287,1
393,49,Male,Business,7.78,26,8.93,4,9,5,73,174,2
394,50,Male,Student,3.51,71,5.11,5,7,3,104,288,8
395,59,Female,Business,7.12,80,7.27,6,2,0,60,189,1
396,21,Male,Teacher,9.3,64,4.44,9,6,1,16,202,1
397,26,Male,Doctor,9.57,37,5.85,6,5,1,32,74,1
398,31,Male,Engineer,8.93,84,4.37,9,5,5,115,278,7
399,31,Male,Business,6.68,95,4.8,6,7,4,8,176,2
400,51,Male,Designer,1.18,46,6.31,3,7,3,75,132,7
401,33,Male,Student,7.35,60,4.5,7,3,2,50,120,3
402,58,Male,Student,1.02,85,5.82,8,5,4,78,23,8
403,21,Female,Teacher,8.93,87,8.52,7,2,4,67,210,7
404,44,Male,Doctor,9.09,51,5.65,8,4,5,77,270,1
405,22,Female,Doctor,3.93,36,5.21,9,1,3,15,219,6
406,31,Male,Business,1.42,14,8.25,8,9,0,10,159,2
407,25,Male,Business,1.84,37,4.52,8,3,2,118,240,7
408,48,Female,Business,9.6,56,8.53,9,3,5,12,26,6
409,30,Male,Student,3.28,100,6.91,7,6,2,5,221,4
410,52,Male,Student,8.34,49,7.49,3,2,2,26,263,3
411,33,Female,Doctor,7.76,13,4.04,3,8,0,83,169,4
412,43,Male,Doctor,8.12,25,4.63,9,9,5,49,155,5
413,28,Female,Engineer,1.87,20,6.55,3,4,1,14,58,7
414,19,Male,Business,1.78,119,4.96,1,5,5,21,162,2
415,46,Male,Designer,5.13,25,7.16,8,7,1,39,147,2
416,37,Female,Teacher,3.46,64,4.34,5,5,1,15,97,3
417,38,Male,Doctor,8.4,50,7.66,4,8,5,3,21,3
418,38,Male,Business,4.4,32,7.88,2,6,0,96,250,7
419,31,Female,Designer,9.86,44,5.3,5,9,5,20,156,6
420,56,Male,Engineer,6.23,103,6.42,6,6,5,30,222,8
421,27,Female,Student,6.74,21,7.61,3,1,5,0,177,5
422,58,Female,Engineer,5.07,21,6.61,7,3,0,38,228,4
423,38,Male,Engineer,3.44,117,4.94,1,7,4,107,243,7
424,52,Female,Teacher,3.43,49,8.81,5,3,5,74,185,6
425,55,Male,Teacher,9.29,95,6.34,5,2,1,51,79,8
426,20,Female,Designer,4.4,14,7.65,5,7,1,91,251,8
427,20,Female,Engineer,4.33,39,8.04,3,1,3,79,178,8
428,54,Male,Student,8.22,78,5.36,8,3,4,5,26,6
429,21,Male,Designer,8.01,19,7.23,6,1,4,106,229,7
430,49,Male,Business,8.11,107,7.12,7,9,2,28,289,5
431,28,Male,Doctor,2.55,6,5.08,3,5,0,5,114,9
432,24,Male,Teacher,6.65,6,4.21,3,8,3,46,215,9
433,38,Female,Student,1.9,40,8.46,5,3,4,12,214,1
434,19,Male,Doctor,8.06,42,7.09,1,2,4,2,162,9
435,50,Female,Business,1.09,19,6.24,5,9,0,102,84,9
436,45,Male,Business,1.17,97,6.11,7,1,1,117,280,7
437,58,Male,Doctor,1.68,43,7.92,7,2,4,92,109,5
438,26,Male,Doctor,2.55,101,8.24,1,3,2,101,147,1
439,40,Female,Teacher,6.73,107,7.08,8,7,5,97,189,1
440,49,Male,Teacher,6.0,100,7.12,4,7,4,10,229,8
441,30,Female,Business,2.5,33,7.27,4,3,0,9,119,7
442,52,Female,Teacher,4.22,104,8.78,4,6,3,23,154,2
443,26,Female,Engineer,1.14,21,5.36,7,6,0,84,196,5
444,51,Female,Engineer,5.43,42,6.3,8,7,1,68,158,7
445,45,Female,Doctor,5.36,98,6.03,3,3,5,80,130,3
446,29,Female,Teacher,5.82,97,7.52,4,3,1,69,268,9
447,44,Female,Student,6.96,47,4.88,4,3,1,68,32,6
448,35,Male,Student,3.72,105,5.87,2,6,0,72,203,7
449,56,Male,Engineer,6.14,22,5.61,4,1,5,42,90,6
450,56,Female,Doctor,1.57,40,6.99,3,7,2,59,267,7
451,58,Female,Teacher,8.23,63,8.69,3,8,4,71,89,3
452,28,Male,Designer,3.16,47,4.25,7,4,4,15,249,7
453,55,Male,Designer,5.3,109,7.3,2,5,3,14,37,3
454,53,Male,Teacher,8.53,78,5.83,4,2,5,76,188,5
455,51,Male,Business,4.5,28,6.95,3,4,1,26,262,7
456,48,Male,Designer,8.28,64,7.74,8,6,0,45,270,1
457,31,Male,Teacher,7.97,88,8.79,2,2,4,39,272,3
458,25,Male,Doctor,6.01,60,7.43,5,7,4,42,141,4
459,27,Male,Teacher,8.31,61,7.94,1,5,0,110,124,1
460,40,Male,Engineer,6.24,116,4.32,2,8,4,84,162,4
461,56,Male,Designer,4.64,63,7.67,9,3,0,53,150,6
462,35,Female,Business,7.71,32,7.21,2,8,1,47,109,2
463,37,Male,Engineer,6.62,90,8.16,3,3,2,82,23,1
464,52,Female,Doctor,8.22,104,4.13,7,5,3,49,44,2
465,32,Female,Designer,4.5,112,4.88,5,6,5,25,256,4
466,28,Female,Engineer,3.71,93,7.77,1,3,4,62,287,5
467,57,Male,Business,1.14,52,5.8,4,2,5,57,210,8
468,35,Male,Engineer,2.25,114,6.96,8,6,3,23,243,6
469,41,Male,Student,8.61,55,6.7,7,9,3,105,172,3
470,46,Female,Doctor,6.95,15,8.33,6,3,1,4,96,8
471,31,Male,Student,4.35,21,7.86,7,7,0,70,187,3
472,33,Female,Doctor,9.76,52,8.59,5,9,2,82,281,8
473,18,Male,Teacher,4.19,115,5.58,2,9,4,108,125,5
474,25,Female,Engineer,1.08,73,4.86,7,4,0,77,178,5
475,26,Female,Business,1.89,94,7.85,6,1,1,76,146,2
476,50,Female,Engineer,9.12,27,4.9,5,9,3,10,90,8
477,53,Male,Teacher,7.7,19,6.0,7,7,3,11,216,8
478,40,Female,Teacher,9.99,42,8.87,5,6,4,42,232,3
479,58,Female,Teacher,9.59,37,7.42,4,5,1,83,252,1
480,39,Female,Business,1.9,74,4.8,1,8,1,111,64,3
481,38,Male,Engineer,2.59,22,7.15,5,7,1,34,159,3
482,54,Female,Business,7.59,17,6.43,9,9,3,10,268,1
483,29,Female,Designer,3.36,61,7.6,1,5,3,99,215,2
484,47,Male,Student,6.45,116,8.65,8,3,4,112,182,3
485,45,Female,Engineer,7.76,110,6.22,6,7,0,5,202,5
486,53,Female,Business,3.75,61,7.5,5,5,3,32,191,7
487,33,Female,Designer,6.15,48,8.66,1,7,1,76,264,4
488,23,Female,Business,5.76,107,7.67,4,3,2,58,280,1
489,42,Male,Doctor,7.67,61,4.04,9,4,5,77,94,8
490,24,Female,Teacher,9.44,13,4.42,8,3,2,22,115,2
491,24,Female,Engineer,8.35,34,6.11,2,9,1,72,40,3
492,19,Female,Designer,9.12,57,7.39,8,3,3,9,120,6
493,25,Male,Teacher,2.44,108,8.72,9,9,4,108,49,1
494,40,Male,Business,9.42,84,5.71,1,3,4,30,215,1
495,41,Male,Engineer,4.55,99,8.8,6,3,0,92,72,8
496,32,Female,Engineer,6.32,110,4.42,7,6,3,9,127,5
497,19,Male,Teacher,8.0,109,5.54,3,9,5,82,105,7
498,50,Male,Doctor,9.53,105,5.23,9,5,2,35,274,6
499,37,Male,Teacher,1.52,78,5.96,5,5,4,27,143,5
500,59,Female,Doctor,1.49,109,4.85,8,6,0,66,94,8
501,48,Female,Engineer,9.36,6,6.33,9,3,5,2,264,7
502,19,Male,Teacher,6.1,88,6.75,1,8,5,116,74,9
503,46,Male,Student,5.74,23,8.19,8,3,1,96,210,3
504,24,Male,Business,2.19,98,7.1,6,2,3,36,150,9
505,20,Male,Teacher,5.28,22,6.42,5,7,5,18,277,6
506,30,Female,Teacher,7.76,16,5.93,5,3,2,22,229,2
507,30,Male,Designer,9.45,47,8.83,5,1,3,82,197,7
508,43,Male,Business,7.67,11,8.98,5,1,2,19,179,1
509,39,Female,Business,6.01,116,5.57,6,3,2,29,147,5
510,18,Male,Business,3.87,7,5.19,8,9,0,105,151,7
511,52,Male,Engineer,3.17,13,4.14,3,5,2,27,206,7
512,48,Female,Doctor,8.49,65,8.0,7,2,5,78,257,9
513,48,Male,Doctor,4.51,70,8.26,9,1,1,5,85,1
514,32,Male,Designer,5.2,34,7.2,4,6,5,57,285,6
515,54,Male,Doctor,7.98,38,4.16,2,3,3,34,127,4
516,20,Male,Engineer,2.51,9,8.47,1,5,1,33,168,2
517,57,Female,Teacher,6.09,51,6.26,8,7,4,45,157,4
518,26,Female,Designer,6.51,89,4.39,7,3,1,33,85,9
519,51,Female,Student,5.22,111,7.03,6,4,1,15,97,6
520,55,Female,Student,8.86,47,6.41,7,5,2,17,166,8
521,22,Male,Engineer,8.05,115,8.06,2,9,0,86,188,9
522,32,Male,Engineer,7.66,103,6.9,5,8,2,44,114,8
523,42,Male,Designer,2.94,110,6.3,9,8,5,2,295,8
524,33,Male,Teacher,8.02,98,4.69,9,2,2,41,241,4
525,55,Male,Business,1.54,21,5.12,9,3,1,117,55,1
526,48,Female,Business,9.39,98,8.28,4,8,2,90,79,2
527,19,Male,Student,1.51,44,6.74,2,5,3,87,75,9
528,56,Male,Teacher,1.04,93,7.96,6,6,5,74,207,8
529,35,Male,Designer,3.58,9,4.58,6,1,1,87,26,5
530,37,Female,Student,6.15,87,7.81,2,3,3,70,37,9
531,39,Male,Doctor,6.38,87,7.92,2,8,1,77,169,6
532,40,Female,Engineer,7.97,39,7.26,5,7,5,50,57,5
533,53,Male,Doctor,1.56,21,5.47,7,7,3,62,61,5
534,29,Female,Teacher,4.71,40,6.61,2,6,2,67,230,6
535,49,Male,Engineer,1.91,5,7.76,2,8,3,34,162,9
536,23,Male,Designer,3.69,116,8.45,3,2,0,114,24,4
537,48,Female,Doctor,8.72,22,8.78,3,6,2,89,205,4
538,29,Female,Designer,6.05,97,7.26,4,1,5,23,24,4
539,24,Male,Student,6.75,87,4.03,5,8,0,14,190,8
540,58,Female,Teacher,3.79,24,5.91,3,7,2,60,43,1
541,54,Female,Student,4.11,106,6.42,1,8,5,10,25,5
542,51,Female,Designer,3.88,100,8.87,5,2,2,56,217,7
543,34,Male,Doctor,5.59,9,8.86,8,8,2,58,181,8
544,22,Female,Business,9.1,83,5.3,2,2,1,6,48,5
545,48,Female,Engineer,5.19,97,7.97,6,3,3,35,292,6
546,57,Male,Doctor,8.97,15,7.4,1,8,0,25,238,4
547,39,Male,Doctor,1.26,102,4.14,8,4,1,46,20,2
548,53,Male,Designer,7.47,76,7.43,4,7,3,97,62,2
549,44,Female,Engineer,6.1,37,7.37,9,3,4,18,115,6
550,43,Female,Business,5.19,55,5.13,6,1,2,47,187,6
551,20,Female,Designer,4.57,111,5.46,6,6,3,109,76,3
552,51,Male,Doctor,7.57,92,4.58,8,1,2,38,185,6
553,27,Female,Doctor,7.48,58,7.02,2,8,5,89,24,9
554,22,Female,Designer,6.94,66,6.22,2,1,4,60,183,8
555,32,Female,Engineer,4.94,113,7.71,2,4,4,101,257,4
556,29,Female,Doctor,2.82,51,4.5,1,6,5,39,39,8
557,26,Female,Doctor,8.52,62,6.49,7,2,2,70,203,1
558,45,Female,Business,4.52,83,5.24,4,3,2,107,194,4
559,47,Male,Teacher,9.51,64,8.73,6,4,5,19,254,4
560,41,Male,Engineer,5.87,15,6.49,6,6,5,99,140,7
561,26,Female,Teacher,1.34,105,4.99,4,6,5,41,174,2
562,34,Male,Designer,2.72,71,5.77,3,1,3,40,214,8
563,30,Male,Doctor,5.2,113,4.03,8,4,3,38,55,2
564,53,Male,Engineer,3.92,23,8.3,5,7,1,106,38,3
565,19,Male,Business,1.77,23,5.5,3,4,2,49,72,2
566,34,Female,Teacher,8.65,21,4.06,6,4,4,62,218,9
567,25,Female,Designer,3.78,41,6.1,4,9,5,8,291,3
568,44,Female,Designer,3.59,5,4.14,4,2,1,94,135,5
569,49,Male,Student,5.25,12,4.86,7,2,2,52,119,4
570,18,Male,Business,3.66,77,7.39,3,1,5,67,99,2
571,33,Male,Engineer,1.08,69,4.88,1,2,4,0,131,1
572,44,Female,Teacher,2.03,76,8.52,9,8,4,47,245,8
573,20,Female,Engineer,5.75,55,7.08,9,8,2,57,105,7
574,21,Female,Business,2.28,106,8.82,3,7,1,80,122,7
575,21,Female,Engineer,2.8,58,4.76,2,3,4,60,92,7
576,55,Male,Engineer,9.64,76,8.38,1,9,3,103,95,4
577,25,Female,Designer,6.54,100,6.63,3,5,2,29,103,9
578,55,Female,Doctor,8.59,31,4.98,7,1,3,116,105,7
579,20,Male,Engineer,5.26,119,5.41,1,7,5,107,130,4
580,23,Female,Teacher,1.06,112,7.22,7,8,5,90,144,8
581,36,Female,Student,4.27,111,8.3,2,3,1,112,188,6
582,19,Female,Student,3.35,75,7.99,9,8,3,16,22,8
583,20,Male,Teacher,8.34,79,8.6,3,6,4,25,250,1
584,34,Male,Business,5.15,46,4.33,9,2,5,42,134,7
585,47,Male,Business,5.01,119,7.53,5,9,3,40,151,2
586,36,Female,Doctor,4.67,45,4.73,9,5,0,39,113,8
587,18,Female,Designer,1.46,13,4.69,9,5,0,83,25,4
588,33,Female,Doctor,1.04,87,5.1,5,1,5,39,204,6
589,36,Male,Student,2.98,10,5.62,3,7,3,65,87,8
590,20,Female,Student,1.53,62,6.75,1,8,0,1,245,7
591,22,Male,Teacher,4.11,8,4.74,1,8,2,46,112,7
592,51,Female,Business,6.79,108,8.54,1,1,0,51,224,5
593,32,Female,Engineer,1.27,14,7.57,5,6,4,115,260,6
594,25,Male,Engineer,7.84,33,5.69,2,2,1,0,30,2
595,21,Female,Business,3.19,27,5.67,7,2,1,73,258,3
596,48,Female,Business,8.72,17,6.83,3,6,0,66,170,8
597,57,Female,Teacher,5.98,73,4.59,6,1,0,36,68,1
598,42,Female,Doctor,6.16,101,8.08,6,4,4,36,169,4
599,29,Male,Teacher,5.37,18,7.64,5,7,1,95,196,1
600,41,Female,Business,3.93,71,6.43,6,8,0,96,47,1
601,39,Female,Business,5.15,14,7.0,9,2,5,118,192,2
602,50,Female,Doctor,5.07,10,5.55,5,9,3,55,72,9
603,25,Male,Teacher,6.29,14,5.19,7,3,3,7,206,7
604,46,Male,Engineer,1.98,35,7.46,3,5,3,69,158,9
605,50,Male,Doctor,4.13,82,8.82,4,3,1,0,39,7
606,19,Male,Doctor,6.77,85,7.96,4,1,4,87,151,5
607,54,Female,Teacher,9.53,50,8.82,8,1,1,82,177,7
608,53,Female,Engineer,8.76,26,4.75,9,2,2,76,224,9
609,29,Female,Engineer,6.75,61,7.28,7,8,4,78,169,7
610,33,Female,Doctor,6.94,21,7.92,1,8,5,60,222,8
611,32,Female,Designer,1.39,55,6.27,9,7,4,21,266,1
612,38,Male,Designer,3.67,102,5.61,1,4,0,74,151,2
613,53,Female,Business,2.11,5,7.17,7,2,4,63,227,3
614,18,Female,Doctor,1.1,30,6.34,1,8,5,48,145,9
615,41,Male,Student,8.05,119,8.12,4,2,2,92,83,2
616,56,Female,Student,8.08,80,5.21,6,9,2,68,226,1
617,37,Female,Designer,6.19,108,8.41,5,5,4,116,254,6
618,56,Female,Doctor,9.61,119,5.24,7,7,3,56,173,4
619,25,Male,Student,5.75,52,8.98,9,3,5,102,277,7
620,50,Male,Engineer,2.18,69,7.07,6,9,5,85,111,8
621,22,Male,Doctor,2.92,107,6.76,5,9,0,9,62,1
622,35,Male,Student,7.1,56,7.46,8,6,3,113,129,1
623,56,Female,Teacher,7.62,114,6.81,6,1,1,38,35,9
624,40,Male,Teacher,1.89,7,4.85,9,7,5,78,210,4
625,36,Male,Designer,7.42,24,6.62,6,8,2,81,199,5
626,53,Male,Engineer,5.78,112,5.56,5,9,5,36,229,7
627,48,Female,Designer,6.6,110,7.74,3,7,1,83,114,1
628,46,Male,Designer,5.11,57,6.77,5,9,2,108,38,2
629,45,Female,Engineer,5.91,17,7.04,6,1,4,14,285,3
630,47,Female,Business,2.33,74,7.35,5,4,1,10,227,1
631,46,Male,Designer,9.68,31,8.55,6,3,1,103,98,1
632,30,Male,Business,7.27,75,4.62,8,6,1,96,54,6
633,39,Male,Teacher,6.87,76,5.01,7,6,4,113,41,4
634,40,Male,Designer,2.75,107,8.26,1,9,2,26,189,1
635,53,Male,Doctor,5.21,80,6.85,9,1,2,36,208,7
636,56,Female,Business,1.18,83,5.16,3,5,3,2,206,7
637,27,Female,Business,2.7,22,4.96,2,5,0,30,264,2
638,23,Female,Engineer,8.61,90,7.26,5,1,4,53,108,6
639,45,Female,Business,3.57,119,5.88,2,8,2,59,296,5
640,55,Male,Student,2.99,93,4.03,7,8,4,13,212,2
641,18,Female,Engineer,2.17,104,4.76,9,6,3,114,148,4
642,48,Female,Doctor,8.72,31,5.89,3,4,1,0,56,7
643,27,Female,Teacher,9.02,12,7.95,9,3,5,68,235,6
644,44,Male,Student,9.3,96,5.11,2,9,5,48,217,2
645,47,Female,Teacher,5.38,96,4.26,8,4,5,91,77,2
646,35,Male,Engineer,6.57,102,7.81,9,5,3,100,42,3
647,52,Male,Teacher,7.35,35,7.68,1,3,3,35,121,8
648,42,Female,Engineer,8.16,30,5.07,6,4,2,51,292,3
649,48,Male,Student,5.26,76,7.85,2,3,2,48,229,5
650,39,Female,Doctor,3.15,37,4.35,8,3,3,114,195,8
651,24,Male,Teacher,2.87,47,7.01,7,3,5,7,152,8
652,38,Male,Engineer,6.77,52,4.94,4,6,1,31,277,4
653,55,Female,Designer,2.23,62,4.76,4,2,3,43,185,6
654,47,Female,Doctor,8.22,51,8.17,2,9,4,69,238,8
655,25,Female,Business,7.08,10,7.34,1,9,1,70,99,3
656,57,Male,Doctor,3.14,61,5.52,8,5,0,95,160,5
657,24,Female,Engineer,5.82,17,5.49,9,7,5,109,30,1
658,19,Male,Business,2.59,63,6.99,7,8,0,62,46,8
659,35,Female,Engineer,3.21,30,7.55,5,9,0,8,299,6
660,50,Female,Engineer,1.47,33,7.55,5,6,4,111,195,4
661,28,Male,Teacher,5.66,61,6.78,5,8,1,113,208,2
662,54,Male,Teacher,7.22,102,4.93,6,2,3,41,45,2
663,52,Female,Doctor,7.47,39,8.12,3,8,5,93,165,1
664,20,Male,Engineer,3.01,71,4.3,7,2,3,14,199,8
665,27,Female,Business,3.11,73,6.24,4,3,1,42,179,5
666,20,Female,Student,7.38,97,8.99,5,6,3,93,221,2
667,27,Male,Designer,4.07,118,6.14,8,2,5,96,205,4
668,22,Female,Designer,7.93,94,5.02,3,2,2,28,161,6
669,31,Male,Teacher,5.82,12,5.25,5,1,1,18,31,9
670,43,Female,Engineer,8.84,73,8.88,9,4,3,107,27,6
671,26,Female,Engineer,5.15,89,4.9,2,1,2,75,20,5
672,35,Female,Engineer,4.64,12,7.71,6,5,1,78,65,5
673,37,Female,Student,9.98,111,5.51,4,6,1,85,201,9
674,41,Female,Teacher,6.38,87,5.41,3,6,3,98,62,5
675,29,Male,Doctor,6.1,67,5.97,4,5,5,73,200,5
676,29,Female,Engineer,9.8,91,6.65,1,3,3,98,87,6
677,51,Male,Designer,9.56,93,4.26,2,3,3,39,279,4
678,49,Male,Teacher,9.85,40,6.74,7,3,4,5,162,1
679,20,Female,Teacher,5.47,115,7.64,6,1,0,84,72,7
680,42,Male,Student,7.74,109,6.58,2,7,0,25,77,4
681,42,Female,Business,4.82,56,8.18,1,4,0,110,124,4
682,26,Female,Designer,3.24,28,7.39,1,5,5,87,209,5
683,54,Female,Doctor,6.11,51,5.07,9,7,3,68,204,8
684,58,Female,Engineer,5.77,40,4.96,8,4,2,5,245,2
685,39,Male,Business,4.27,71,6.36,1,4,0,71,76,1
686,27,Female,Engineer,7.51,81,7.82,3,9,5,63,286,2
687,40,Male,Business,1.73,55,4.29,1,4,4,18,37,3
688,43,Male,Doctor,8.09,40,4.39,7,2,5,85,43,3
689,55,Male,Engineer,9.6,104,7.33,6,2,1,6,282,3
690,18,Female,Student,6.82,101,7.17,3,9,0,105,247,2
691,39,Male,Business,6.75,103,8.95,5,7,5,94,221,4
692,47,Female,Teacher,3.83,75,7.27,9,7,0,74,203,5
693,38,Male,Teacher,7.04,95,4.81,6,1,1,55,61,6
694,45,Female,Designer,1.99,25,6.91,3,9,5,113,51,3
695,35,Female,Student,1.18,6,4.04,1,8,4,19,289,7
696,43,Male,Engineer,8.85,108,7.02,2,2,3,97,84,3
697,47,Male,Teacher,6.34,56,5.97,4,3,5,104,54,9
698,26,Female,Teacher,1.25,100,6.55,7,3,2,116,156,2
699,18,Female,Teacher,8.93,107,7.4,1,4,2,79,183,4
700,27,Male,Designer,7.59,76,8.04,2,4,0,76,85,8
701,53,Male,Engineer,9.19,81,7.95,9,1,2,19,254,5
702,46,Male,Student,9.63,20,6.68,4,3,5,109,35,2
703,46,Female,Business,3.39,93,8.18,5,6,4,78,26,8
704,37,Female,Teacher,3.24,119,4.93,2,3,3,3,133,1
705,40,Female,Doctor,1.73,44,5.42,1,2,2,96,175,8
706,34,Male,Designer,8.47,82,5.57,3,1,2,109,139,4
707,51,Female,Designer,5.38,85,5.21,3,5,4,44,238,8
708,21,Female,Doctor,5.62,116,7.98,2,1,4,11,32,1
709,52,Male,Teacher,9.57,17,7.72,6,6,5,85,28,4
710,32,Male,Business,5.7,82,8.42,2,3,0,21,189,6
711,39,Male,Doctor,7.08,109,8.0,6,5,1,46,168,7
712,50,Male,Business,8.81,30,6.46,5,9,5,118,84,3
713,55,Female,Doctor,1.1,25,6.6,7,7,4,79,175,4
714,47,Female,Designer,9.24,60,6.29,5,4,4,48,219,6
715,21,Female,Teacher,8.57,38,8.49,9,3,1,18,36,6
716,32,Male,Designer,9.73,65,8.64,1,6,2,63,93,5
717,50,Female,Teacher,2.65,76,7.68,1,4,0,8,134,9
718,31,Male,Engineer,6.77,74,7.85,7,4,2,32,181,6
719,41,Male,Engineer,2.57,83,8.56,3,8,1,107,165,9
720,18,Female,Teacher,1.13,74,7.18,1,8,1,86,31,1
721,37,Female,Business,3.64,43,7.54,8,6,2,64,224,3
722,50,Female,Student,3.91,52,6.59,4,4,2,32,128,6
723,37,Female,Engineer,4.07,59,4.18,6,3,1,28,229,3
724,29,Male,Student,8.18,89,8.06,2,3,3,114,164,2
725,39,Male,Student,9.55,28,4.21,6,6,3,90,196,2
726,23,Female,Doctor,5.97,13,4.1,5,8,1,4,41,3
727,33,Female,Student,8.81,44,4.38,9,2,1,17,218,6
728,32,Female,Doctor,6.57,16,4.91,7,2,1,22,290,2
729,58,Female,Doctor,7.41,19,4.89,6,9,2,110,280,7
730,39,Male,Business,3.4,62,8.55,8,4,1,71,29,4
731,35,Male,Business,5.09,64,8.08,2,8,0,97,116,6
732,19,Male,Designer,3.44,94,8.64,3,9,3,21,296,3
733,56,Female,Designer,4.29,95,8.73,2,7,4,62,190,8
734,55,Male,Doctor,7.47,89,8.8,3,5,5,94,176,6
735,19,Female,Doctor,5.22,119,6.81,7,1,2,44,283,1
736,58,Male,Student,5.57,23,8.12,8,2,4,66,246,2
737,58,Female,Teacher,2.12,89,5.37,6,8,4,108,172,7
738,54,Male,Doctor,9.35,91,8.76,5,6,1,39,63,1
739,33,Male,Business,7.86,50,5.75,1,7,4,72,233,9
740,50,Male,Designer,8.27,38,8.32,7,9,4,29,53,3
741,24,Female,Designer,7.06,73,4.3,2,4,1,3,148,9
742,30,Male,Designer,5.52,15,6.89,2,5,1,34,106,4
743,50,Male,Designer,1.86,39,7.09,8,9,4,46,251,7
744,44,Female,Business,1.83,46,7.77,9,5,2,109,165,5
745,21,Male,Business,4.77,82,4.97,3,7,4,97,196,6
746,30,Male,Teacher,8.84,96,8.95,3,9,0,19,113,8
747,57,Male,Doctor,4.22,82,4.14,7,7,1,54,125,3
748,59,Male,Designer,6.82,46,4.27,6,8,3,83,197,9
749,21,Female,Doctor,3.92,36,4.57,8,9,4,45,216,8
750,32,Female,Student,7.88,60,5.05,8,3,0,94,236,9
751,52,Male,Student,9.27,58,8.05,5,8,1,96,143,4
752,53,Male,Designer,7.7,108,4.64,5,2,3,106,79,9
753,34,Female,Engineer,5.77,107,7.42,9,3,3,72,91,8
754,26,Female,Engineer,2.91,15,8.03,9,8,5,25,107,2
755,22,Female,Teacher,3.25,10,5.8,7,4,0,102,139,7
756,47,Female,Business,4.85,47,4.36,5,6,0,87,125,2
757,22,Female,Teacher,6.38,77,7.77,4,3,1,91,160,4
758,50,Male,Doctor,5.04,11,8.57,6,6,0,102,241,3
759,38,Male,Doctor,9.68,23,6.59,8,8,3,88,236,6
760,57,Male,Business,7.41,68,5.8,7,9,5,116,255,7
761,54,Female,Teacher,2.34,83,6.08,7,2,4,0,286,4
762,23,Male,Engineer,4.32,82,4.46,2,5,0,84,270,6
763,33,Male,Business,2.22,112,4.47,7,3,2,108,259,6
764,31,Female,Designer,2.93,32,5.58,6,1,2,82,105,8
765,56,Male,Teacher,7.91,37,6.88,1,3,1,76,244,7
766,51,Female,Doctor,6.74,67,7.67,2,4,1,11,245,5
767,35,Male,Doctor,4.51,25,7.14,9,9,5,8,71,3
768,27,Male,Designer,8.46,72,6.56,6,6,0,13,169,9
769,44,Female,Designer,7.53,84,4.86,8,9,3,75,201,2
770,20,Male,Business,8.41,13,8.27,3,6,4,113,144,1
771,49,Male,Teacher,6.12,38,6.25,7,7,0,104,254,4
772,57,Female,Business,5.93,85,4.68,2,5,2,16,118,7
773,44,Female,Teacher,1.9,27,4.53,8,1,2,90,49,6
774,19,Female,Designer,4.07,94,6.22,5,4,0,101,31,7
775,25,Male,Designer,9.24,20,8.05,3,6,1,59,271,2
776,41,Male,Teacher,9.34,20,4.17,6,8,1,31,123,8
777,29,Male,Designer,7.71,53,7.53,2,2,5,59,79,9
778,44,Male,Doctor,9.76,96,7.43,7,6,0,79,240,6
779,57,Female,Engineer,2.77,103,5.35,8,5,0,24,274,4
780,48,Female,Designer,2.21,34,6.23,3,6,4,104,272,5
781,26,Female,Engineer,4.95,52,5.91,9,2,3,79,103,1
782,52,Female,Student,1.65,39,4.59,2,2,5,74,64,9
783,51,Male,Designer,6.43,8,7.59,7,9,2,73,26,8
784,21,Male,Business,6.76,24,8.92,4,6,0,115,239,2
785,47,Female,Teacher,5.8,38,6.36,8,7,0,111,296,8
786,27,Female,Teacher,1.64,54,4.15,2,9,3,9,61,2
787,52,Female,Teacher,7.17,9,4.21,9,2,5,16,121,5
788,29,Female,Doctor,7.8,91,6.49,6,1,0,74,139,8
789,49,Female,Teacher,7.36,110,8.23,2,7,5,29,104,3
790,52,Female,Designer,1.11,11,8.83,4,4,0,98,152,6
791,19,Male,Designer,8.23,39,6.93,5,5,0,116,72,3
792,21,Female,Engineer,4.47,118,6.13,7,7,3,89,65,7
793,56,Female,Doctor,9.21,28,8.6,5,5,0,68,29,2
794,56,Female,Business,8.79,77,7.0,4,8,3,49,28,5
795,32,Female,Business,3.21,32,8.5,4,2,3,29,169,5
796,46,Female,Teacher,4.38,15,6.62,1,2,5,74,164,7
797,35,Female,Student,9.7,51,8.87,7,5,5,117,72,1
798,56,Female,Student,2.39,10,7.48,6,6,4,61,223,5
799,51,Male,Business,5.53,42,5.49,3,2,2,104,174,6
800,29,Female,Student,5.87,74,8.48,8,7,3,37,140,6
801,59,Male,Engineer,2.2,45,6.0,2,2,4,48,149,6
802,41,Female,Doctor,6.65,89,5.09,9,3,3,87,135,1
803,37,Female,Doctor,2.85,95,5.58,7,9,0,29,129,1
804,28,Female,Teacher,6.19,24,8.29,2,3,3,30,36,4
805,26,Female,Student,7.03,110,6.02,6,7,3,66,248,6
806,21,Male,Teacher,9.96,43,8.48,4,9,0,38,163,3
807,52,Female,Engineer,6.69,27,4.6,5,2,2,28,83,9
808,44,Female,Teacher,9.93,23,5.93,5,4,4,47,95,1
809,46,Male,Teacher,7.16,112,8.67,7,3,3,14,264,8
810,46,Male,Student,3.68,78,7.21,9,2,0,7,210,2
811,42,Male,Designer,2.21,95,7.33,9,7,5,18,105,3
812,19,Male,Teacher,8.28,5,7.62,7,5,2,66,105,9
813,55,Male,Teacher,4.28,30,5.09,9,6,3,2,120,2
814,51,Female,Business,1.07,64,5.88,6,1,5,80,239,8
815,19,Female,Designer,3.27,6,8.57,8,7,1,73,165,9
816,54,Male,Teacher,7.62,113,5.42,8,3,5,6,292,1
817,36,Female,Doctor,8.46,50,8.56,7,4,4,75,161,3
818,27,Male,Student,4.58,64,6.77,2,7,2,16,45,2
819,26,Female,Student,8.86,95,4.26,4,5,4,14,271,8
820,59,Male,Student,2.61,12,4.45,7,1,5,29,64,5
821,44,Male,Student,2.39,81,4.94,9,7,2,113,284,9
822,58,Male,Doctor,4.69,20,6.12,9,2,3,3,125,5
823,49,Female,Business,4.91,118,8.38,8,7,3,35,50,7
824,21,Female,Business,6.55,81,5.33,7,3,5,96,132,3
825,26,Female,Designer,3.12,16,5.85,2,3,4,19,212,5
826,55,Male,Designer,7.57,67,5.91,2,8,4,23,268,9
827,59,Female,Business,7.38,17,4.62,9,8,3,34,23,9
828,48,Male,Doctor,8.84,11,5.44,2,3,4,90,159,6
829,21,Male,Doctor,7.32,108,8.75,1,5,0,93,204,7
830,57,Female,Engineer,4.4,77,6.01,9,9,4,76,206,7
831,19,Male,Business,7.16,109,6.62,3,1,4,15,105,6
832,21,Female,Designer,9.05,118,8.11,2,9,0,40,297,4
833,42,Female,Doctor,9.19,35,5.74,9,6,4,46,299,8
834,18,Male,Doctor,8.28,100,5.01,3,8,1,111,261,5
835,49,Female,Designer,9.15,75,8.43,3,3,4,45,187,5
836,22,Female,Student,7.81,49,7.6,5,5,5,62,36,6
837,47,Male,Teacher,1.87,89,7.01,4,4,1,72,217,5
838,51,Male,Doctor,1.15,52,8.65,6,9,2,51,43,2
839,36,Male,Designer,7.44,62,7.77,9,8,4,114,153,9
840,37,Female,Teacher,5.02,29,6.27,2,1,5,21,258,7
841,21,Female,Teacher,3.33,82,4.07,6,8,5,37,194,5
842,52,Female,Business,3.49,41,6.36,4,3,1,96,73,9
843,32,Female,Designer,4.7,34,4.88,2,3,3,107,115,8
844,49,Male,Student,7.32,21,4.01,4,5,0,112,79,7
845,42,Female,Doctor,9.6,85,7.21,8,6,5,67,256,6
846,50,Male,Designer,8.17,74,7.92,5,2,0,97,146,8
847,33,Male,Student,4.48,15,4.37,2,4,2,58,265,7
848,44,Male,Business,4.42,107,7.04,8,4,3,20,168,9
849,45,Male,Business,3.82,24,7.47,4,5,5,46,171,9
850,55,Female,Teacher,2.71,79,4.48,9,3,4,72,183,9
851,43,Male,Teacher,7.51,119,5.56,4,7,4,111,39,6
852,25,Female,Designer,9.78,87,5.55,2,8,1,114,173,5
853,43,Male,Teacher,5.59,37,4.78,6,2,2,81,282,5
854,27,Female,Student,5.42,89,6.98,4,2,0,31,282,4
855,35,Female,Student,3.16,45,4.79,9,9,4,52,141,3
856,33,Female,Designer,8.26,118,4.04,6,5,3,76,291,4
857,46,Male,Engineer,6.88,87,8.21,8,8,0,78,39,9
858,42,Female,Business,8.07,35,4.11,5,6,0,69,133,5
859,41,Male,Teacher,8.32,49,8.34,5,4,5,22,154,3
860,23,Female,Doctor,4.44,110,6.98,3,8,4,82,87,7
861,45,Female,Teacher,5.62,34,6.93,3,7,0,70,279,3
862,56,Male,Engineer,8.63,35,7.08,8,5,5,68,285,2
863,59,Male,Engineer,3.62,17,5.35,6,6,4,115,196,5
864,45,Female,Business,4.5,55,5.27,7,8,2,106,89,3
865,30,Male,Business,4.8,61,6.24,7,9,0,6,224,6
866,52,Male,Student,9.73,39,7.37,9,7,3,103,282,2
867,58,Female,Student,7.74,95,6.35,7,9,4,96,131,7
868,29,Female,Student,5.66,8,4.62,3,1,2,28,91,3
869,51,Female,Designer,8.77,35,6.06,9,7,4,100,156,2
870,49,Female,Engineer,6.58,115,5.79,8,7,4,7,280,7
871,33,Male,Teacher,1.41,43,8.88,3,1,1,59,295,2
872,48,Female,Doctor,1.22,29,4.6,7,5,5,103,56,9
873,20,Female,Teacher,1.58,56,5.49,5,9,1,20,72,5
874,49,Female,Student,8.33,63,7.27,1,8,1,116,113,7
875,50,Female,Teacher,5.25,77,7.69,9,8,3,93,131,6
876,27,Female,Engineer,9.86,103,8.32,9,8,2,10,170,9
877,30,Male,Teacher,5.17,99,4.95,5,3,3,73,89,7
878,49,Female,Engineer,3.93,29,7.01,3,1,0,23,97,7
879,40,Female,Designer,4.51,43,4.7,7,9,2,109,125,4
880,41,Male,Business,5.47,30,7.31,5,9,3,116,192,7
881,25,Male,Engineer,7.57,59,4.73,8,7,1,7,181,7
882,51,Female,Teacher,2.49,14,8.55,4,9,3,4,135,5
883,53,Female,Student,9.78,24,4.12,7,5,4,49,46,1
884,32,Female,Doctor,1.83,10,5.65,4,5,2,114,42,2
885,21,Male,Business,7.91,93,4.58,2,3,3,42,198,4
886,20,Female,Business,3.86,66,7.25,1,5,5,72,263,9
887,37,Female,Business,1.33,66,4.73,1,4,4,98,86,7
888,32,Female,Designer,4.08,81,4.21,2,9,1,79,139,5
889,51,Female,Student,4.43,47,8.26,4,9,2,11,185,8
890,31,Male,Business,5.54,24,7.14,5,2,3,108,154,2
891,46,Male,Student,5.52,73,6.21,7,8,4,15,125,6
892,35,Male,Engineer,8.07,29,8.95,1,2,2,23,136,8
893,35,Male,Teacher,8.14,62,8.15,2,4,5,44,272,7
894,37,Male,Engineer,5.4,109,5.72,4,9,1,13,87,6
895,59,Male,Engineer,1.65,12,5.79,4,5,1,97,177,8
896,58,Female,Teacher,8.92,46,4.29,6,2,5,100,109,4
897,42,Female,Teacher,1.54,92,5.92,3,9,5,1,182,5
898,52,Male,Designer,5.84,117,8.97,5,3,5,103,95,8
899,35,Male,Student,8.07,49,4.17,4,7,3,15,216,5
900,23,Female,Business,1.91,79,6.96,2,1,4,119,108,7
901,39,Female,Student,3.84,60,8.92,6,4,3,117,99,8
902,40,Female,Engineer,1.35,15,4.98,2,3,1,102,163,3
903,19,Male,Designer,6.52,32,4.03,6,6,4,21,136,1
904,36,Male,Business,4.74,98,6.38,2,8,1,99,221,3
905,47,Female,Business,5.87,70,6.82,6,2,4,107,153,7
906,35,Male,Business,4.14,14,8.29,7,7,4,69,61,6
907,25,Male,Teacher,7.95,100,4.98,8,1,2,38,66,5
908,37,Male,Designer,8.57,49,6.47,2,1,3,72,177,9
909,42,Male,Student,6.47,98,7.36,6,8,4,87,122,9
910,36,Male,Engineer,9.65,26,8.82,6,8,2,112,215,6
911,19,Female,Teacher,7.11,81,6.5,2,4,4,19,28,3
912,26,Female,Business,8.55,17,8.95,4,1,2,66,63,3
913,59,Female,Business,8.43,89,4.9,7,2,5,27,200,6
914,29,Female,Designer,9.56,78,6.61,3,3,1,45,24,3
915,58,Male,Doctor,5.33,102,8.47,2,1,1,53,203,2
916,37,Female,Designer,4.49,108,4.25,9,5,1,47,99,6
917,36,Female,Business,8.95,80,6.41,9,9,5,14,122,8
918,54,Male,Teacher,9.14,90,8.3,1,1,5,114,100,5
919,38,Male,Designer,3.73,118,6.15,7,2,2,73,204,2
920,48,Female,Teacher,3.37,115,5.46,7,8,0,35,162,6
921,44,Male,Engineer,9.09,20,4.2,9,5,4,94,86,7
922,24,Female,Engineer,4.0,71,7.13,3,9,0,17,91,1
923,59,Female,Teacher,4.86,95,8.88,8,6,2,6,283,4
924,45,Male,Student,1.12,117,7.06,9,1,3,27,252,2
925,54,Male,Teacher,2.76,117,8.75,4,9,4,101,231,4
926,55,Male,Student,5.1,108,4.49,5,4,1,59,286,9
927,57,Male,Engineer,8.26,15,8.2,6,3,1,45,90,6
928,22,Female,Student,5.83,83,8.65,5,2,2,84,195,4
929,56,Female,Business,7.58,37,8.18,1,3,0,111,273,8
930,59,Female,Engineer,8.36,81,6.38,2,1,0,17,37,7
931,48,Male,Engineer,4.43,104,4.62,7,6,0,48,85,1
932,19,Male,Teacher,9.22,28,7.04,2,8,1,78,32,6
933,51,Male,Teacher,9.25,72,5.21,1,3,4,58,224,2
934,54,Female,Teacher,9.76,88,7.41,8,4,3,14,269,9
935,50,Female,Doctor,3.18,62,7.95,5,7,2,76,278,8
936,31,Male,Engineer,1.1,26,7.42,8,7,1,75,285,6
937,32,Male,Student,5.15,47,7.41,1,3,2,77,95,3
938,48,Female,Business,1.4,116,4.72,5,8,2,46,137,1
939,48,Female,Student,1.86,116,8.99,8,3,1,41,223,1
940,53,Male,Designer,2.66,118,5.61,1,7,2,26,144,5
941,46,Female,Business,8.18,98,6.96,7,8,4,85,145,3
942,29,Female,Student,2.91,21,5.26,3,6,4,12,164,9
943,31,Male,Business,3.65,45,5.34,1,8,2,31,288,1
944,38,Female,Teacher,5.05,77,4.5,4,8,5,3,207,8
945,28,Male,Teacher,4.55,7,4.64,9,8,1,88,140,9
946,43,Male,Student,5.66,83,7.35,6,9,4,39,130,3
947,50,Female,Designer,2.84,58,5.82,3,9,3,68,58,4
948,24,Female,Business,5.86,74,8.53,3,7,2,37,146,3
949,34,Female,Doctor,8.35,5,8.87,9,9,0,13,110,4
950,47,Male,Doctor,3.94,83,4.73,6,3,5,50,229,9
951,44,Male,Doctor,6.51,95,6.14,8,8,5,4,129,7
952,38,Male,Doctor,9.15,19,4.83,5,9,0,101,202,1
953,41,Female,Engineer,2.16,113,5.95,2,4,3,58,150,9
954,35,Female,Student,4.51,90,8.36,7,5,1,14,25,1
955,56,Female,Student,8.63,21,5.16,4,1,5,108,235,4
956,20,Male,Doctor,4.18,57,5.41,4,7,0,23,199,7
957,50,Female,Designer,6.75,36,7.72,5,9,1,79,248,8
958,36,Male,Student,6.04,95,5.93,6,8,5,101,268,7
959,59,Female,Business,9.87,85,4.75,7,5,1,112,154,4
960,35,Female,Designer,8.47,49,8.36,6,2,4,108,78,4
961,52,Male,Doctor,8.05,35,6.9,7,9,5,82,198,2
962,32,Female,Teacher,7.29,60,4.23,2,8,1,104,256,7
963,50,Female,Teacher,1.1,92,7.4,1,3,5,74,232,1
964,39,Female,Designer,6.8,30,6.99,6,3,5,113,81,8
965,54,Female,Teacher,7.83,30,4.03,9,7,2,67,76,1
966,52,Female,Student,6.93,39,8.17,2,2,1,98,184,2
967,29,Female,Student,6.41,10,5.25,1,5,1,79,266,1
968,43,Male,Engineer,2.0,23,5.73,1,8,5,9,139,6
969,20,Male,Doctor,5.5,37,7.13,3,5,5,8,127,8
970,57,Male,Designer,7.92,64,4.53,3,3,3,113,79,2
971,48,Male,Designer,3.33,16,6.47,2,1,0,35,279,2
972,43,Male,Teacher,4.45,81,6.22,2,1,5,40,84,9
973,56,Male,Teacher,9.66,20,4.64,7,9,5,108,84,9
974,21,Female,Designer,8.26,114,5.19,9,2,2,8,174,3
975,19,Male,Business,5.53,17,6.64,5,1,1,116,57,9
976,49,Female,Engineer,4.21,8,7.32,9,6,5,16,60,7
977,53,Male,Business,6.08,88,7.14,9,6,1,37,231,5
978,19,Female,Teacher,2.33,47,6.82,1,1,0,73,65,4
979,35,Female,Student,7.4,111,5.93,7,9,1,27,74,4
980,24,Male,Doctor,5.41,17,4.16,5,3,2,37,38,2
981,21,Female,Engineer,5.88,45,6.0,6,4,2,92,236,2
982,57,Male,Student,8.88,13,6.46,2,2,3,23,244,9
983,37,Male,Doctor,4.73,52,7.09,6,2,4,2,50,9
984,24,Female,Teacher,1.08,60,5.4,8,7,5,24,33,4
985,51,Female,Designer,2.51,82,7.75,5,3,5,67,231,7
986,40,Female,Business,3.38,51,5.15,8,9,1,0,28,9
987,32,Female,Business,7.64,74,6.78,5,9,4,99,289,9
988,54,Female,Teacher,4.51,16,8.93,3,8,2,118,217,9
989,19,Male,Designer,9.38,100,5.51,2,2,2,62,111,3
990,41,Male,Teacher,9.03,63,7.59,6,4,5,48,207,4
991,45,Female,Doctor,1.54,85,8.45,4,6,3,8,280,6
992,57,Male,Student,9.07,13,7.18,7,3,3,47,161,4
993,53,Female,Business,5.02,92,6.47,4,2,1,115,146,3
994,42,Female,Engineer,4.54,43,4.91,2,9,3,3,144,9
995,21,Male,Engineer,1.72,96,7.66,8,7,1,15,145,7
996,37,Female,Designer,5.89,59,5.7,6,6,2,56,21,5
997,33,Female,Student,8.65,78,6.33,7,6,4,37,26,9
998,25,Female,Business,8.44,111,5.45,5,9,2,83,246,6
999,32,Male,Student,8.23,48,7.63,6,2,3,75,266,3
1000,59,Female,Engineer,3.53,86,5.88,9,8,4,118,103,9
1001,39,Male,Engineer,6.63,28,7.19,1,2,4,49,289,8
1002,34,Male,Student,2.97,60,8.23,9,2,1,33,89,1
1003,52,Male,Business,8.33,106,6.86,5,1,5,72,73,4
1004,20,Female,Teacher,8.51,51,4.07,1,6,1,50,22,5
1005,54,Male,Engineer,3.41,57,4.31,5,6,0,75,76,8
1006,53,Female,Business,8.02,6,8.75,7,8,1,36,279,1
1007,55,Male,Doctor,4.51,53,7.21,9,6,2,14,62,3
1008,22,Male,Doctor,4.74,10,6.59,2,6,5,14,22,8
1009,31,Male,Student,4.24,68,8.17,3,4,1,79,210,3
1010,19,Female,Designer,2.36,32,8.34,5,9,3,85,190,7
1011,56,Female,Business,9.38,73,8.47,3,5,2,59,228,1
1012,54,Female,Student,9.15,108,6.09,2,7,0,109,49,2
1013,58,Female,Teacher,5.2,70,4.23,3,4,4,53,125,6
1014,21,Female,Doctor,1.79,66,8.49,6,2,3,51,186,6
1015,41,Female,Engineer,4.35,69,7.23,5,8,5,68,148,5
1016,19,Male,Business,7.9,66,5.7,1,7,0,29,274,4
1017,35,Female,Designer,7.67,54,7.22,8,7,5,56,79,6
1018,40,Female,Business,2.11,109,8.05,1,6,0,8,290,9
1019,53,Male,Student,7.06,11,7.38,4,3,1,9,134,6
1020,39,Male,Designer,5.34,97,4.02,5,1,5,16,170,5
1021,31,Male,Business,7.24,27,7.42,6,1,0,73,144,6
1022,19,Male,Business,2.27,51,6.15,5,8,0,40,89,3
1023,37,Male,Doctor,6.46,84,5.62,5,4,5,25,212,3
1024,46,Female,Doctor,1.18,28,5.2,4,7,0,46,261,3
1025,25,Female,Teacher,9.22,17,8.11,1,1,0,84,93,7
1026,39,Female,Engineer,4.29,20,7.18,3,9,0,44,166,6
1027,53,Male,Doctor,2.69,21,8.06,5,7,5,105,149,5
1028,26,Female,Student,8.56,118,6.98,7,1,0,23,299,4
1029,44,Female,Business,7.4,62,5.74,1,2,0,99,52,1
1030,34,Male,Teacher,1.74,60,6.34,4,8,0,106,55,4
1031,33,Male,Student,6.94,80,8.88,9,9,5,55,53,6
1032,35,Male,Student,6.21,76,5.68,6,1,4,105,221,8
1033,28,Female,Designer,4.8,73,7.02,3,2,3,1,192,6
1034,56,Male,Designer,2.78,33,7.21,7,1,3,0,298,8
1035,49,Male,Doctor,4.12,42,6.52,5,6,2,51,148,8
1036,18,Male,Business,2.08,97,7.03,3,4,0,80,123,4
1037,51,Male,Business,9.87,92,4.53,1,6,3,27,82,7
1038,45,Female,Engineer,4.27,35,6.25,1,3,0,9,50,5
1039,48,Male,Doctor,7.4,115,6.34,1,6,4,69,141,5
1040,26,Male,Business,8.09,72,8.67,8,5,5,73,174,1
1041,34,Male,Engineer,5.62,35,7.23,7,9,0,22,206,3
1042,56,Male,Doctor,8.86,71,6.8,2,2,0,36,81,1
1043,53,Female,Engineer,4.48,46,5.62,8,1,5,22,137,6
1044,19,Female,Student,9.24,6,7.19,9,5,5,26,258,5
1045,36,Male,Teacher,3.72,81,5.38,5,2,1,81,47,3
1046,40,Male,Business,3.13,45,7.45,3,8,3,18,35,1
1047,41,Male,Engineer,2.44,80,5.21,4,4,1,117,75,6
1048,19,Male,Student,8.06,74,7.21,7,3,0,56,149,6
1049,58,Male,Student,6.54,58,7.9,7,1,1,98,207,4
1050,45,Male,Business,3.55,45,7.08,5,7,2,28,188,3
1051,56,Female,Teacher,3.68,90,6.83,1,9,5,16,210,4
1052,42,Male,Engineer,5.06,13,7.76,3,5,0,44,56,5
1053,20,Female,Teacher,2.34,98,4.01,4,3,0,112,173,3
1054,37,Female,Designer,3.51,39,5.65,2,1,2,87,218,5
1055,40,Female,Designer,1.33,98,4.85,6,4,2,88,220,6
1056,31,Female,Teacher,8.79,45,6.77,9,1,5,66,123,6
1057,37,Female,Business,1.94,102,8.37,6,3,3,77,87,1
1058,58,Female,Engineer,7.76,63,8.48,6,1,3,86,241,3
1059,24,Female,Student,4.83,107,6.57,3,5,3,112,226,7
1060,56,Male,Engineer,1.7,13,5.97,5,6,5,18,184,3
1061,18,Male,Engineer,7.98,92,8.99,5,9,4,30,198,5
1062,28,Male,Doctor,3.16,75,8.41,7,8,0,53,58,9
1063,34,Male,Student,4.07,78,7.74,7,1,4,117,147,3
1064,42,Male,Engineer,7.48,87,5.55,2,9,0,72,273,2
1065,53,Female,Designer,7.99,58,4.67,5,7,1,87,137,6
1066,43,Male,Business,2.18,119,5.8,8,6,0,43,188,2
1067,43,Male,Engineer,5.72,103,7.54,6,1,1,109,113,3
1068,58,Male,Student,8.68,29,8.99,6,1,5,12,270,2
1069,35,Male,Business,7.97,10,4.37,2,3,4,59,257,8
1070,28,Female,Business,3.09,24,8.92,5,9,5,0,252,1
1071,49,Male,Business,5.3,90,5.67,5,9,4,8,259,3
1072,54,Male,Engineer,3.16,33,7.56,2,8,3,33,92,1
1073,58,Male,Teacher,4.23,88,4.48,8,5,4,61,293,6
1074,40,Female,Engineer,2.08,77,7.38,1,5,2,75,121,5
1075,27,Male,Teacher,6.64,58,5.73,4,1,1,95,105,9
1076,54,Female,Student,7.67,85,8.56,2,2,4,45,246,8
1077,19,Female,Designer,3.77,10,5.69,4,9,5,94,80,3
1078,57,Female,Student,7.16,25,7.54,8,6,0,62,285,4
1079,54,Female,Student,9.06,84,7.49,6,7,0,74,146,7
1080,53,Male,Engineer,1.12,92,4.29,3,6,2,75,71,9
1081,54,Female,Doctor,1.22,61,5.05,6,7,3,88,129,1
1082,42,Female,Business,1.33,73,6.31,3,3,3,107,105,9
1083,18,Female,Doctor,6.67,86,7.57,4,8,1,109,228,8
1084,36,Male,Teacher,3.95,21,4.38,3,8,3,57,244,9
1085,19,Male,Engineer,3.25,70,4.79,7,7,1,69,22,7
1086,39,Female,Engineer,2.17,95,4.11,2,3,3,118,83,5
1087,32,Male,Teacher,6.96,59,8.18,1,5,3,64,209,4
1088,39,Female,Designer,8.66,53,8.05,3,5,1,80,126,2
1089,35,Female,Doctor,6.38,7,7.19,2,3,0,34,241,3
1090,55,Female,Engineer,4.97,91,7.88,1,6,3,65,272,5
1091,21,Female,Business,3.26,48,5.36,7,5,0,84,136,1
1092,32,Male,Doctor,5.46,56,5.2,7,4,1,79,267,5
1093,29,Female,Designer,3.63,66,5.35,3,6,1,54,24,1
1094,19,Male,Teacher,3.29,119,8.53,4,9,3,23,55,5
1095,58,Female,Doctor,5.37,56,4.23,1,6,3,76,91,7
1096,27,Female,Doctor,4.24,17,8.0,5,8,1,104,87,2
1097,46,Female,Student,9.04,49,8.39,7,7,3,113,278,9
1098,30,Female,Student,1.68,76,6.17,2,5,5,23,51,8
1099,40,Male,Business,9.0,38,7.0,2,5,4,63,121,3
1100,48,Male,Business,6.02,57,7.82,9,6,3,82,210,8
1101,51,Female,Business,3.75,17,7.27,2,7,1,48,160,9
1102,38,Male,Teacher,4.49,14,8.44,6,9,0,37,200,8
1103,45,Male,Engineer,7.89,15,5.16,3,1,0,1,70,8
1104,23,Male,Teacher,4.73,69,4.14,2,5,5,62,153,3
1105,27,Male,Designer,6.44,11,4.89,9,1,4,29,187,4
1106,34,Male,Engineer,7.25,68,6.42,5,2,1,39,136,4
1107,44,Female,Doctor,8.1,91,7.18,1,1,0,3,177,9
1108,24,Female,Teacher,3.22,72,7.3,5,9,1,97,153,6
1109,41,Male,Business,1.93,13,7.28,2,1,5,43,118,6
1110,55,Male,Student,4.76,5,5.4,3,5,4,24,39,6
1111,29,Male,Business,9.24,62,6.92,1,1,3,34,36,9
1112,29,Female,Business,2.44,36,7.03,6,5,2,36,154,1
1113,26,Female,Doctor,8.49,17,7.98,5,9,3,87,154,1
1114,41,Male,Doctor,6.4,81,4.34,9,5,4,14,127,9
1115,20,Female,Student,8.1,8,8.2,1,9,4,101,280,9
1116,28,Female,Business,2.38,6,7.21,6,3,4,48,78,8
1117,24,Female,Engineer,1.68,25,7.9,8,7,0,52,152,3
1118,32,Male,Student,5.65,46,8.28,6,5,4,9,98,3
1119,41,Male,Business,1.9,72,4.24,7,2,5,108,250,3
1120,51,Female,Teacher,4.08,60,7.14,4,3,1,23,178,4
1121,23,Male,Engineer,8.99,111,4.6,7,1,2,91,131,1
1122,32,Female,Student,3.22,26,5.05,2,2,2,35,106,6
1123,50,Female,Doctor,2.68,15,7.27,9,5,2,76,20,4
1124,58,Female,Doctor,4.71,35,7.15,2,5,0,5,20,9
1125,37,Male,Business,4.65,71,5.32,5,1,1,27,232,2
1126,58,Male,Teacher,3.64,83,5.85,5,4,2,49,224,9
1127,27,Female,Designer,6.76,113,5.23,1,2,2,62,227,5
1128,37,Female,Teacher,6.12,11,5.55,6,5,5,70,102,3
1129,44,Female,Doctor,4.33,70,7.8,8,2,4,83,157,1
1130,58,Male,Teacher,7.68,55,6.41,1,4,3,47,155,7
1131,47,Male,Designer,7.26,70,6.8,3,6,5,72,78,9
1132,23,Female,Doctor,4.72,25,7.27,1,6,2,116,278,3
1133,48,Female,Designer,4.28,82,4.66,9,4,1,80,70,5
1134,50,Male,Doctor,9.92,24,7.98,8,3,3,88,203,2
1135,27,Male,Designer,6.12,114,4.23,6,4,0,20,62,6
1136,28,Male,Student,5.82,47,4.82,3,4,2,6,211,8
1137,50,Female,Student,2.95,27,4.27,8,7,0,93,233,5
1138,32,Female,Business,9.34,27,7.91,8,1,3,106,176,5
1139,43,Female,Designer,1.74,58,7.14,1,2,4,23,287,1
1140,27,Female,Engineer,2.86,20,8.69,8,8,3,22,285,6
1141,37,Male,Engineer,6.15,113,6.26,8,2,1,4,192,3
1142,48,Female,Student,9.65,18,8.58,1,9,5,114,140,4
1143,52,Female,Student,3.98,15,4.95,9,8,1,1,141,2
1144,42,Male,Engineer,4.95,35,4.22,9,8,5,16,27,2
1145,33,Female,Doctor,6.78,86,5.86,9,9,5,0,102,2
1146,51,Female,Teacher,9.04,12,7.0,9,1,0,16,88,5
1147,36,Female,Teacher,9.14,113,7.84,2,8,0,54,30,7
1148,22,Female,Teacher,3.68,50,8.35,4,9,4,35,149,9
1149,33,Female,Doctor,3.65,83,6.11,2,4,2,105,269,5
1150,43,Male,Business,7.82,50,8.74,5,7,5,67,235,4
1151,56,Male,Teacher,1.22,44,8.75,5,1,4,106,241,1
1152,43,Female,Doctor,4.55,114,5.05,6,9,5,114,216,4
1153,32,Male,Business,6.48,21,5.09,9,3,4,15,41,2
1154,40,Male,Business,5.6,113,7.66,3,4,2,49,29,6
1155,53,Female,Designer,5.14,56,5.15,1,5,4,100,141,3
1156,33,Male,Designer,2.98,55,6.75,2,5,1,34,93,1
1157,19,Male,Doctor,1.36,66,5.83,3,8,0,92,276,3
1158,34,Male,Teacher,2.55,99,7.93,9,5,3,93,293,6
1159,47,Female,Student,4.72,102,4.78,7,3,2,61,248,7
1160,46,Male,Teacher,4.99,62,4.56,7,2,0,70,134,6
1161,48,Male,Business,6.91,109,8.43,1,4,2,13,169,9
1162,51,Female,Student,9.43,37,4.88,2,4,2,99,151,8
1163,51,Female,Student,2.32,86,4.24,9,7,0,27,136,3
1164,38,Female,Student,5.4,12,8.89,3,7,1,25,80,9
1165,36,Male,Doctor,8.21,104,8.38,5,9,1,55,185,3
1166,49,Female,Business,5.1,25,8.38,1,6,2,112,267,9
1167,43,Male,Teacher,8.25,87,7.24,8,8,5,53,47,9
1168,36,Male,Doctor,4.15,53,6.16,9,2,0,98,144,1
1169,28,Female,Designer,2.5,67,8.82,6,2,5,116,204,2
1170,37,Female,Doctor,2.52,94,4.12,2,5,3,58,288,2
1171,43,Female,Doctor,5.28,91,4.9,6,6,0,29,50,5
1172,47,Male,Teacher,4.38,50,5.09,5,9,0,11,115,4
1173,36,Female,Teacher,3.26,53,5.74,6,1,4,89,246,7
1174,35,Male,Doctor,9.41,107,4.7,5,4,5,44,50,4
1175,35,Male,Teacher,5.09,35,8.91,2,9,4,58,264,6
1176,28,Male,Teacher,2.88,82,7.66,3,3,2,26,45,5
1177,51,Female,Engineer,1.19,77,4.57,6,9,2,21,195,2
1178,56,Female,Student,2.88,53,7.65,6,5,5,45,71,9
1179,59,Male,Business,3.0,70,7.75,9,1,0,2,136,4
1180,45,Male,Doctor,9.37,44,8.81,1,1,1,78,111,5
1181,32,Female,Teacher,4.78,75,5.39,2,4,0,68,256,4
1182,48,Female,Engineer,6.74,29,8.52,6,8,5,28,218,3
1183,37,Male,Engineer,3.35,94,8.07,8,7,3,21,218,6
1184,31,Female,Engineer,6.4,19,5.72,3,7,0,85,266,7
1185,48,Male,Business,4.61,33,4.09,1,4,4,16,80,3
1186,39,Female,Business,9.9,54,8.68,8,2,0,90,33,6
1187,33,Female,Student,5.61,101,6.49,6,8,3,73,236,9
1188,18,Female,Engineer,4.51,113,7.36,8,4,2,78,277,8
1189,37,Female,Designer,8.61,72,4.53,4,2,3,38,92,9
1190,20,Female,Engineer,2.34,17,4.05,8,4,1,14,82,8
1191,37,Male,Student,4.59,36,4.97,7,5,2,9,52,2
1192,55,Female,Teacher,1.62,89,5.67,2,9,3,99,148,8
1193,45,Male,Business,8.16,74,7.27,7,5,4,95,23,5
1194,46,Male,Business,4.3,50,4.35,2,7,1,23,63,6
1195,45,Female,Engineer,5.71,113,4.32,9,9,5,63,284,8
1196,27,Male,Teacher,1.21,5,5.02,6,9,1,64,140,4
1197,43,Male,Engineer,6.42,37,4.2,4,9,5,104,72,3
1198,35,Male,Engineer,7.05,49,8.1,7,7,5,13,246,2
1199,43,Female,Engineer,8.44,54,7.12,9,2,5,44,206,3
1200,28,Male,Student,3.08,43,5.33,1,8,0,23,145,4
1201,29,Male,Engineer,4.88,64,6.06,2,8,1,98,65,6
1202,56,Male,Student,8.63,69,5.19,2,8,1,26,96,1
1203,32,Female,Designer,4.44,89,7.21,8,8,1,6,55,2
1204,51,Male,Doctor,9.63,42,5.52,4,2,2,41,92,1
1205,29,Male,Business,4.41,6,4.35,1,1,5,108,244,2
1206,23,Female,Engineer,6.8,31,5.35,5,8,1,83,122,1
1207,18,Male,Designer,8.39,96,6.55,1,4,5,90,289,9
1208,42,Female,Student,4.44,115,7.0,2,6,5,87,44,6
1209,38,Male,Engineer,8.6,79,8.65,8,7,0,99,294,8
1210,54,Female,Teacher,2.16,59,6.84,1,3,2,97,252,5
1211,29,Male,Designer,6.47,19,7.32,4,4,5,88,158,2
1212,33,Female,Student,7.12,44,7.04,5,6,1,58,106,4
1213,38,Female,Doctor,5.18,82,7.36,2,7,4,111,111,9
1214,19,Male,Business,4.44,119,7.05,6,9,0,76,128,8
1215,58,Male,Doctor,9.98,56,5.98,8,1,1,102,201,6
1216,38,Female,Teacher,1.02,40,7.68,2,5,4,56,99,2
1217,26,Male,Doctor,5.2,45,7.66,9,8,0,58,108,6
1218,41,Male,Teacher,1.37,61,5.9,3,8,4,69,183,2
1219,50,Male,Designer,6.93,25,6.28,4,2,5,60,20,8
1220,36,Male,Business,4.89,56,8.62,8,5,4,52,154,9
1221,44,Female,Doctor,8.61,22,8.87,2,1,0,13,75,5
1222,26,Male,Designer,6.58,58,6.11,6,6,0,34,167,6
1223,40,Female,Designer,6.31,20,5.93,4,4,1,15,191,3
1224,22,Male,Student,1.44,15,6.08,2,5,1,84,32,4
1225,40,Male,Designer,3.4,81,8.48,2,7,3,58,58,6
1226,27,Male,Engineer,4.15,92,5.94,5,4,4,67,202,5
1227,23,Male,Teacher,7.34,70,5.96,2,9,2,14,44,2
1228,50,Male,Business,2.29,84,6.15,1,5,3,19,101,3
1229,25,Female,Designer,3.8,114,6.47,1,5,2,73,83,1
1230,37,Female,Doctor,7.16,47,8.03,7,6,1,75,147,6
1231,36,Male,Teacher,2.51,91,8.45,8,6,4,74,252,8
1232,59,Male,Teacher,2.47,14,5.31,5,2,4,62,73,5
1233,49,Male,Engineer,9.13,23,7.75,7,8,1,114,223,1
1234,22,Female,Engineer,5.49,55,8.32,4,7,0,18,137,5
1235,50,Female,Doctor,3.74,113,6.71,5,5,2,22,86,3
1236,51,Female,Designer,4.62,7,6.34,2,7,0,60,63,7
1237,23,Female,Business,3.65,40,4.36,5,5,5,2,241,1
1238,59,Male,Engineer,7.76,23,8.36,7,2,3,33,261,6
1239,41,Male,Business,9.98,42,8.92,2,4,1,9,216,6
1240,42,Male,Business,6.2,11,5.25,9,2,0,42,232,3
1241,40,Male,Designer,2.75,70,6.45,6,6,5,28,161,5
1242,31,Male,Doctor,6.49,110,4.89,6,9,4,57,135,3
1243,38,Female,Teacher,9.45,28,6.93,7,3,1,28,77,3
1244,21,Female,Engineer,7.9,31,4.65,8,8,0,37,59,2
1245,24,Female,Engineer,4.89,35,6.76,7,3,2,22,281,4
1246,54,Male,Business,4.04,8,6.64,1,8,0,40,33,5
1247,24,Male,Designer,5.19,57,7.15,9,6,5,34,292,9
1248,21,Male,Doctor,6.07,39,4.8,4,4,0,8,249,8
1249,22,Male,Engineer,9.1,105,8.75,1,6,3,111,158,8
1250,54,Male,Designer,8.54,101,7.49,4,1,4,55,206,6
1251,54,Male,Designer,9.22,101,5.43,9,9,2,102,105,9
1252,51,Female,Engineer,9.0,70,8.27,3,3,4,48,263,4
1253,19,Male,Designer,1.36,39,5.72,3,9,3,94,263,9
1254,21,Female,Student,7.53,117,7.9,1,9,1,61,46,3
1255,37,Male,Engineer,7.62,103,5.08,6,2,2,40,98,2
1256,29,Male,Business,6.13,37,7.49,1,1,0,91,79,6
1257,35,Female,Engineer,6.67,48,6.79,6,8,0,115,128,8
1258,46,Male,Engineer,2.98,29,4.4,6,6,1,42,33,7
1259,33,Male,Doctor,3.14,56,8.86,5,1,3,44,216,5
1260,52,Female,Designer,6.97,84,5.51,1,3,1,17,32,8
1261,24,Female,Engineer,3.11,103,6.64,5,6,2,113,259,4
1262,56,Female,Business,3.88,55,6.02,3,3,2,118,213,2
1263,55,Male,Engineer,7.51,117,8.64,3,8,2,47,114,7
1264,54,Male,Student,8.94,86,5.04,6,1,0,58,41,8
1265,23,Female,Teacher,9.3,87,8.89,6,9,1,19,149,5
1266,28,Male,Teacher,3.44,43,7.11,1,6,4,39,134,8
1267,42,Female,Business,3.48,102,7.13,5,4,1,61,261,8
1268,59,Female,Designer,6.98,10,4.37,3,3,0,44,264,1
1269,25,Male,Teacher,5.31,95,8.31,6,9,5,1,216,9
1270,37,Male,Engineer,5.93,117,6.28,1,6,2,64,251,7
1271,53,Male,Business,5.39,90,7.37,1,2,0,28,63,1
1272,41,Female,Teacher,2.66,40,7.7,2,5,3,88,81,8
1273,54,Male,Teacher,9.26,41,6.05,8,3,3,79,163,5
1274,24,Female,Student,5.37,99,7.47,3,6,4,70,268,3
1275,32,Male,Doctor,3.97,15,6.86,4,2,5,99,55,9
1276,25,Female,Designer,8.86,106,6.84,2,6,2,76,51,1
1277,34,Female,Doctor,4.12,13,6.89,7,6,4,97,121,2
1278,58,Female,Student,6.79,116,4.24,1,8,5,109,135,2
1279,50,Male,Teacher,6.23,81,6.29,9,1,4,84,184,2
1280,41,Male,Doctor,2.07,25,5.87,5,9,4,50,227,9
1281,58,Female,Business,1.22,108,6.01,9,6,0,4,168,6
1282,24,Male,Doctor,3.31,58,7.94,7,4,0,1,282,2
1283,27,Female,Student,6.16,109,7.06,6,3,1,50,35,8
1284,51,Female,Teacher,9.67,39,5.88,2,5,1,34,180,2
1285,32,Female,Teacher,5.34,109,5.79,4,8,0,36,74,4
1286,19,Male,Designer,4.2,63,8.49,2,8,1,48,88,3
1287,38,Female,Business,8.47,65,8.76,3,9,1,107,259,8
1288,57,Female,Business,6.33,118,7.83,8,2,3,108,200,3
1289,23,Female,Business,5.3,11,5.23,2,8,5,16,166,6
1290,37,Female,Teacher,5.87,111,5.85,1,6,1,83,21,9
1291,27,Male,Teacher,4.04,108,7.39,9,1,1,41,211,4
1292,20,Female,Engineer,7.51,19,6.93,3,5,5,85,183,8
1293,59,Male,Doctor,3.4,31,8.46,4,4,0,80,123,9
1294,51,Female,Student,6.41,86,5.9,5,6,4,45,272,7
1295,54,Male,Engineer,2.52,62,7.77,2,9,3,5,157,2
1296,55,Male,Doctor,9.5,25,7.23,7,9,1,75,152,1
1297,54,Female,Business,7.23,118,4.97,3,7,1,90,239,4
1298,53,Male,Business,7.19,99,6.97,9,2,0,30,39,1
1299,39,Female,Designer,1.07,90,6.86,9,4,2,90,270,9
1300,31,Female,Designer,4.36,100,6.76,6,8,3,2,186,8
1301,20,Female,Teacher,1.53,12,5.48,9,4,2,16,97,1
1302,28,Male,Business,6.0,114,5.28,7,2,0,115,111,2
1303,51,Male,Doctor,2.8,105,5.0,5,7,3,4,81,3
1304,33,Male,Doctor,4.91,93,5.06,4,1,1,9,40,7
1305,51,Male,Designer,8.88,59,8.79,4,3,3,22,230,9
1306,40,Male,Doctor,1.15,21,5.21,2,4,4,117,145,8
1307,24,Female,Doctor,8.62,53,8.57,9,9,1,17,277,3
1308,23,Female,Student,1.51,73,6.7,7,8,4,13,63,4
1309,23,Female,Doctor,6.67,74,4.22,1,4,2,93,91,6
1310,24,Female,Doctor,4.76,8,6.14,6,5,2,112,170,6
1311,59,Male,Engineer,9.43,104,7.14,9,5,4,92,196,7
1312,19,Female,Engineer,5.83,95,5.7,7,5,3,55,198,8
1313,27,Male,Engineer,9.63,49,5.1,7,4,4,23,21,7
1314,35,Male,Doctor,7.16,55,6.87,1,8,0,95,168,9
1315,58,Male,Engineer,2.41,42,7.89,2,9,4,82,224,4
1316,29,Female,Doctor,3.0,24,4.52,4,6,3,29,155,7
1317,19,Female,Doctor,6.15,100,4.35,2,2,3,63,27,9
1318,35,Male,Designer,5.64,60,4.08,9,2,3,2,246,7
1319,36,Female,Doctor,7.98,49,7.52,4,4,5,84,38,9
1320,37,Female,Doctor,3.64,29,6.08,8,7,0,76,114,3
1321,59,Female,Teacher,5.06,114,5.85,4,1,5,21,157,9
1322,36,Male,Designer,1.22,48,5.38,5,6,4,67,115,2
1323,34,Female,Business,9.85,90,6.62,7,8,5,25,298,3
1324,20,Male,Doctor,2.1,27,6.31,8,7,1,45,70,3
1325,26,Male,Designer,8.67,90,7.68,5,3,5,60,71,4
1326,44,Male,Doctor,9.88,8,6.21,8,5,5,17,105,8
1327,50,Male,Engineer,1.81,21,4.47,4,4,4,73,20,8
1328,27,Male,Business,9.5,45,6.83,9,8,1,111,45,7
1329,53,Female,Student,3.43,26,5.04,8,3,0,67,24,7
1330,29,Male,Student,1.85,65,4.54,4,1,5,65,75,6
1331,24,Female,Engineer,1.22,37,5.15,8,2,1,43,279,3
1332,37,Female,Student,3.38,106,8.66,9,5,1,99,191,1
1333,29,Female,Teacher,1.39,86,5.17,6,3,3,108,274,6
1334,25,Male,Student,8.43,116,4.47,9,5,4,46,44,7
1335,59,Female,Engineer,4.6,112,4.33,2,9,1,66,37,7
1336,23,Female,Teacher,3.31,9,8.09,1,2,0,2,24,5
1337,45,Female,Teacher,8.09,34,4.66,6,5,5,110,173,8
1338,59,Male,Doctor,8.54,92,4.53,5,8,0,103,35,1
1339,47,Female,Doctor,2.2,81,4.45,7,5,5,109,210,7
1340,40,Female,Doctor,9.48,93,8.34,7,9,3,21,47,5
1341,43,Female,Teacher,9.29,88,5.1,8,2,3,75,26,5
1342,27,Male,Business,6.2,79,4.88,7,6,4,31,238,8
1343,19,Female,Engineer,5.52,60,5.78,7,8,5,116,101,2
1344,47,Male,Teacher,7.67,67,5.71,2,9,4,13,212,2
1345,29,Male,Doctor,3.44,42,5.29,3,6,3,63,77,7
1346,24,Female,Teacher,3.48,19,6.16,1,9,1,74,141,9
1347,42,Female,Designer,4.94,7,7.14,9,8,1,5,47,7
1348,52,Male,Doctor,5.87,35,5.12,1,9,2,100,153,1
1349,30,Female,Business,1.43,66,7.85,2,6,1,28,40,8
1350,42,Female,Engineer,4.66,44,5.45,6,9,0,80,27,2
1351,20,Female,Doctor,2.45,83,5.62,8,4,2,72,70,4
1352,20,Male,Teacher,2.81,6,5.36,4,2,0,94,24,3
1353,43,Male,Engineer,8.0,64,8.44,3,7,3,104,245,7
1354,32,Female,Doctor,9.09,102,4.45,6,7,1,52,256,2
1355,37,Male,Teacher,4.02,50,4.86,7,7,1,98,235,8
1356,21,Female,Engineer,9.99,71,6.54,2,4,4,27,201,3
1357,54,Female,Designer,5.96,8,6.58,4,8,1,85,188,5
1358,30,Female,Doctor,2.25,93,5.31,5,8,4,113,206,8
1359,29,Male,Engineer,7.71,21,8.65,9,7,4,27,176,5
1360,30,Male,Designer,2.58,24,8.56,2,8,0,75,221,4
1361,21,Female,Student,7.34,94,7.04,8,4,4,12,256,4
1362,48,Female,Business,5.47,60,7.65,7,2,5,29,122,6
1363,45,Male,Doctor,5.76,7,7.73,9,2,1,103,243,3
1364,36,Female,Doctor,7.25,78,7.69,4,6,5,60,277,7
1365,42,Female,Doctor,7.88,6,5.1,3,9,1,65,73,9
1366,19,Male,Doctor,5.04,48,6.79,9,4,3,23,141,2
1367,33,Female,Designer,1.8,8,7.02,3,4,2,35,77,7
1368,39,Female,Student,4.65,54,4.47,6,9,2,50,178,8
1369,39,Female,Designer,6.64,90,8.77,1,6,5,60,191,3
1370,34,Female,Student,2.21,50,4.49,6,2,2,37,170,6
1371,27,Female,Designer,3.0,21,7.81,5,8,5,5,90,6
1372,23,Female,Teacher,6.52,15,5.17,1,5,3,52,213,4
1373,38,Female,Teacher,9.52,109,7.96,7,6,0,108,152,8
1374,54,Male,Business,7.11,22,7.89,4,5,0,43,121,2
1375,49,Male,Business,2.66,114,7.56,8,8,2,58,111,6
1376,26,Female,Student,4.67,118,4.98,3,5,4,0,50,5
1377,39,Male,Business,2.25,51,4.98,9,9,0,3,56,6
1378,54,Male,Engineer,8.79,92,7.48,7,6,5,90,180,7
1379,47,Male,Engineer,4.87,107,4.05,8,9,2,89,296,7
1380,25,Female,Engineer,4.81,91,4.86,9,2,5,3,293,4
1381,24,Male,Teacher,5.48,16,7.09,4,7,2,48,22,2
1382,20,Male,Business,7.17,40,7.72,7,1,5,113,298,1
1383,41,Male,Business,3.26,113,8.66,3,4,2,80,42,9
1384,46,Male,Engineer,6.88,101,5.27,9,7,3,78,76,6
1385,28,Female,Teacher,7.34,37,4.02,6,1,1,67,260,4
1386,25,Male,Engineer,2.01,45,5.15,2,3,0,24,242,8
1387,54,Male,Student,5.85,81,5.23,7,2,1,22,146,6
1388,25,Male,Business,5.78,6,7.08,4,1,0,17,136,4
1389,52,Male,Engineer,1.09,5,6.18,7,4,1,25,93,6
1390,35,Male,Business,8.25,22,4.21,4,4,4,48,152,4
1391,50,Male,Student,6.08,21,7.75,6,7,2,114,87,3
1392,30,Male,Designer,5.83,50,8.94,4,2,5,62,134,1
1393,44,Male,Designer,7.54,20,5.59,2,6,2,24,258,4
1394,53,Female,Teacher,2.5,49,4.06,6,4,1,85,171,5
1395,51,Male,Student,5.47,73,6.37,8,6,3,88,49,7
1396,52,Male,Teacher,7.94,105,8.87,8,9,4,13,178,3
1397,31,Female,Designer,3.01,40,8.73,4,2,4,36,109,7
1398,36,Female,Doctor,3.91,46,8.2,2,3,3,118,123,7
1399,51,Female,Engineer,8.54,109,6.43,4,9,0,18,299,3
1400,21,Female,Doctor,8.71,92,4.44,2,6,0,57,63,5
1401,31,Female,Doctor,9.91,21,8.99,6,6,2,28,193,3
1402,42,Male,Teacher,6.11,65,7.72,5,7,5,115,178,1
1403,42,Female,Business,4.12,106,5.27,2,5,3,25,194,6
1404,21,Male,Engineer,8.28,51,8.15,8,4,3,72,173,9
1405,52,Female,Designer,8.9,57,4.33,3,5,4,43,163,3
1406,51,Male,Business,1.38,36,7.39,4,4,3,89,144,4
1407,24,Male,Designer,7.79,50,4.05,3,3,2,82,272,8
1408,40,Male,Designer,9.15,49,8.31,8,4,1,115,138,5
1409,28,Female,Designer,6.74,44,7.68,5,3,1,10,105,4
1410,28,Female,Doctor,3.2,48,8.73,3,4,4,48,135,3
1411,49,Male,Engineer,6.07,51,8.12,5,2,0,68,155,5
1412,45,Female,Engineer,4.7,92,7.35,3,4,2,19,275,6
1413,37,Female,Student,9.94,47,4.29,8,5,2,27,294,5
1414,53,Male,Teacher,5.96,11,4.0,5,4,0,46,102,7
1415,55,Male,Teacher,8.22,19,6.26,1,5,1,29,102,4
1416,27,Female,Designer,3.72,42,7.41,7,5,4,71,56,3
1417,59,Male,Teacher,1.36,57,8.34,6,2,2,100,169,4
1418,40,Male,Teacher,4.77,41,8.92,8,2,0,102,82,9
1419,44,Female,Doctor,6.87,25,6.29,4,5,4,96,43,1
1420,40,Female,Student,2.64,64,7.55,9,4,3,45,167,9
1421,18,Male,Business,9.24,29,7.37,9,4,2,85,165,2
1422,51,Male,Business,6.76,55,8.01,2,8,0,91,165,1
1423,43,Male,Teacher,6.83,52,6.67,9,6,4,34,21,6
1424,19,Male,Teacher,3.27,39,7.98,9,2,3,83,23,4
1425,30,Male,Teacher,7.07,116,6.58,4,8,5,100,295,3
1426,40,Female,Doctor,5.86,98,6.19,8,2,5,51,152,3
1427,25,Female,Teacher,9.19,105,5.59,4,2,3,3,276,2
1428,55,Female,Doctor,5.95,94,4.54,6,7,0,51,284,8
1429,59,Male,Business,6.06,34,6.58,8,8,3,0,141,5
1430,39,Male,Teacher,6.97,79,7.98,3,4,3,99,81,2
1431,33,Female,Teacher,2.13,33,7.67,7,4,2,75,243,3
1432,32,Male,Teacher,1.91,51,5.72,1,4,3,3,41,6
1433,32,Male,Business,8.63,114,6.67,9,1,5,107,228,7
1434,50,Female,Student,4.11,119,7.11,7,7,0,109,220,6
1435,39,Female,Designer,6.02,10,7.28,7,1,0,51,280,9
1436,49,Female,Designer,6.11,115,4.97,3,1,2,81,176,3
1437,51,Male,Doctor,7.42,23,4.05,8,5,4,43,280,2
1438,32,Female,Business,2.53,105,8.85,4,6,4,111,39,2
1439,57,Female,Teacher,9.78,25,5.12,7,6,2,28,269,9
1440,55,Female,Designer,4.78,102,7.46,6,2,1,110,111,3
1441,22,Female,Business,8.99,95,5.01,6,6,3,83,289,3
1442,47,Male,Business,5.12,9,4.03,1,3,1,42,89,3
1443,41,Female,Student,3.39,10,6.12,8,9,5,15,51,2
1444,45,Male,Business,9.34,68,6.59,7,3,4,41,182,6
1445,47,Female,Student,2.83,63,6.42,2,4,2,86,99,3
1446,32,Female,Doctor,2.89,28,4.03,3,1,4,45,249,1
1447,34,Male,Engineer,4.38,31,7.12,5,3,0,99,82,9
1448,37,Female,Student,1.79,65,8.55,3,9,0,47,25,1
1449,27,Female,Doctor,4.63,54,6.32,2,1,3,96,129,8
1450,49,Female,Teacher,8.02,19,4.4,9,8,3,47,48,8
1451,27,Male,Engineer,9.29,66,4.92,2,5,0,109,291,8
1452,42,Female,Student,9.29,118,5.34,4,3,3,2,276,3
1453,52,Male,Designer,5.48,87,6.65,3,4,3,97,226,6
1454,26,Female,Business,1.96,43,8.21,7,6,2,71,264,4
1455,42,Female,Student,5.34,74,4.17,9,6,4,92,162,7
1456,27,Male,Teacher,4.8,41,4.13,1,6,1,61,224,9
1457,18,Female,Teacher,6.95,71,7.46,4,8,0,20,32,8
1458,33,Male,Business,7.72,61,8.06,3,4,0,25,122,8
1459,39,Male,Business,6.24,14,6.31,6,4,3,75,232,4
1460,34,Male,Teacher,3.38,38,5.08,8,1,0,81,256,1
1461,57,Male,Doctor,7.16,101,5.75,6,5,0,75,86,8
1462,18,Male,Student,8.62,16,6.62,4,5,4,17,232,5
1463,57,Male,Engineer,5.43,47,4.91,9,2,3,112,94,7
1464,32,Female,Student,4.71,18,5.89,8,5,1,70,92,7
1465,48,Male,Designer,3.63,81,6.72,2,2,4,19,101,7
1466,27,Male,Engineer,1.79,94,5.7,6,2,2,31,76,7
1467,23,Male,Doctor,5.31,95,6.58,3,7,4,118,293,9
1468,35,Female,Teacher,7.86,58,4.97,6,3,0,18,124,1
1469,55,Female,Student,1.88,68,8.6,8,9,3,85,186,7
1470,49,Female,Business,6.1,47,8.61,6,1,3,31,24,7
1471,45,Male,Business,9.97,108,4.14,3,8,4,1,230,3
1472,29,Male,Student,3.11,37,6.32,1,3,4,72,105,8
1473,38,Male,Designer,2.04,84,6.93,3,3,0,94,113,8
1474,58,Male,Engineer,4.79,52,8.15,5,7,2,75,265,6
1475,41,Male,Business,2.03,76,6.37,2,9,0,2,296,1
1476,42,Female,Doctor,4.27,17,6.84,3,4,2,54,109,7
1477,40,Male,Doctor,3.87,57,7.31,9,5,1,13,77,3
1478,52,Female,Student,2.64,23,7.44,3,8,5,55,58,5
1479,54,Male,Teacher,8.06,34,7.81,3,2,5,109,36,8
1480,52,Female,Student,2.14,67,4.06,8,6,3,9,38,1
1481,24,Female,Business,8.04,13,7.1,4,9,1,18,210,1
1482,50,Female,Business,3.32,15,4.08,1,8,2,15,161,6
1483,52,Male,Doctor,5.24,38,7.7,9,1,3,49,27,6
1484,43,Female,Designer,6.99,13,5.88,9,2,2,20,114,4
1485,53,Male,Doctor,8.12,48,7.24,2,2,5,87,255,4
1486,32,Male,Doctor,4.79,87,5.66,8,6,4,46,250,6
1487,30,Male,Doctor,4.63,21,8.75,5,3,0,74,99,4
1488,35,Male,Teacher,8.54,95,4.05,1,3,1,68,105,9
1489,30,Male,Doctor,7.72,42,6.77,1,1,4,96,253,9
1490,53,Male,Business,8.19,24,5.58,9,8,5,74,62,5
1491,33,Male,Business,4.96,61,7.94,9,5,3,14,115,2
1492,20,Female,Engineer,3.52,91,8.41,7,3,4,29,20,5
1493,51,Female,Student,5.05,25,8.04,9,7,5,86,184,3
1494,27,Male,Teacher,7.72,34,4.21,3,6,2,91,182,3
1495,55,Male,Teacher,9.0,63,5.36,9,9,1,55,89,1
1496,54,Male,Business,3.41,53,7.14,4,2,3,2,222,2
1497,37,Female,Business,6.39,42,6.76,4,5,2,79,61,2
1498,40,Male,Engineer,1.66,84,6.14,3,9,2,111,197,7
1499,29,Female,Business,1.25,26,6.55,2,8,1,16,77,5
1500,23,Male,Student,3.78,64,8.18,9,3,3,14,127,9
1501,26,Female,Doctor,2.12,52,6.21,9,9,5,93,49,3
1502,22,Male,Student,5.27,58,5.14,7,4,4,115,235,6
1503,21,Male,Teacher,6.26,45,6.67,6,1,5,96,240,2
1504,57,Male,Engineer,2.06,44,4.26,1,3,5,12,25,3
1505,24,Female,Doctor,8.94,112,7.35,4,3,5,43,187,6
1506,26,Female,Designer,8.75,12,7.94,3,7,3,109,243,2
1507,29,Male,Business,9.29,57,6.04,7,3,3,64,140,4
1508,59,Female,Student,2.72,86,6.59,2,5,5,32,293,3
1509,23,Male,Business,5.98,39,8.22,1,2,2,56,26,3
1510,32,Male,Engineer,5.58,10,8.03,5,5,0,19,23,1
1511,43,Female,Student,7.65,56,6.13,7,2,0,109,290,9
1512,55,Female,Designer,9.1,118,4.5,5,9,5,108,107,9
1513,57,Female,Student,4.71,18,5.09,5,2,1,110,22,1
1514,40,Male,Doctor,7.02,101,5.32,2,3,5,27,120,1
1515,53,Male,Teacher,5.37,45,7.68,4,4,2,113,243,2
1516,49,Male,Doctor,7.22,97,6.05,3,9,1,41,148,1
1517,45,Female,Student,9.71,73,5.02,2,4,4,45,224,1
1518,59,Male,Student,7.03,48,8.71,6,3,3,20,73,1
1519,33,Female,Designer,2.34,46,5.53,3,9,3,83,217,5
1520,32,Male,Teacher,4.01,13,8.92,7,1,3,3,47,4
1521,58,Female,Student,1.22,54,4.49,7,5,3,66,31,2
1522,27,Female,Doctor,5.25,54,5.7,3,4,3,43,92,1
1523,35,Male,Teacher,5.26,22,4.71,5,6,5,72,60,4
1524,59,Male,Doctor,1.26,48,5.67,1,8,0,49,192,3
1525,58,Female,Designer,7.81,50,6.32,3,6,5,107,176,4
1526,35,Male,Business,6.86,20,7.16,1,2,5,65,178,9
1527,22,Male,Student,4.51,112,6.51,9,5,2,84,25,7
1528,24,Male,Doctor,6.35,119,8.3,7,6,5,64,188,9
1529,46,Male,Business,5.57,36,6.11,6,4,1,81,98,4
1530,52,Male,Business,3.29,65,4.59,5,1,1,72,30,7
1531,51,Female,Doctor,4.28,53,6.4,4,3,4,47,30,7
1532,38,Male,Engineer,7.68,54,5.34,5,4,3,64,22,5
1533,49,Male,Business,6.27,27,4.85,9,4,4,51,115,4
1534,58,Male,Business,6.23,109,7.49,4,7,4,83,273,1
1535,30,Female,Doctor,7.26,107,4.91,1,6,3,74,150,4
1536,25,Female,Doctor,6.82,72,6.61,1,6,1,26,262,6
1537,22,Female,Engineer,1.69,118,7.31,2,9,3,33,280,3
1538,55,Male,Designer,6.9,102,6.57,8,5,4,107,176,2
1539,35,Female,Business,6.07,21,5.08,7,5,0,95,161,6
1540,58,Male,Business,8.99,110,4.17,6,5,3,87,101,9
1541,53,Male,Designer,2.08,32,6.01,9,6,5,118,241,6
1542,26,Female,Teacher,3.02,43,8.66,5,9,5,119,199,5
1543,23,Female,Engineer,8.69,44,8.24,3,7,0,81,277,6
1544,22,Male,Student,6.48,28,7.7,5,1,5,99,77,2
1545,51,Male,Student,7.88,64,5.43,5,8,0,16,266,8
1546,18,Female,Doctor,7.82,46,6.01,3,2,0,61,189,2
1547,23,Female,Business,8.59,10,8.75,1,2,4,59,121,5
1548,21,Female,Engineer,8.78,108,4.07,5,4,4,24,283,4
1549,31,Female,Designer,9.45,115,5.31,1,6,1,116,167,7
1550,24,Female,Doctor,3.29,99,4.11,7,4,2,7,40,3
1551,24,Female,Student,4.73,66,5.75,2,9,1,105,221,1
1552,51,Male,Business,2.98,92,6.58,9,9,3,41,295,3
1553,24,Male,Student,6.79,119,7.23,6,5,4,103,253,2
1554,47,Male,Teacher,2.36,115,8.82,7,1,3,50,53,6
1555,48,Male,Doctor,4.22,34,6.56,4,2,3,48,107,6
1556,48,Male,Student,1.8,81,7.86,8,2,1,35,60,8
1557,28,Female,Engineer,2.31,58,7.33,4,6,0,106,252,7
1558,53,Male,Doctor,2.14,9,6.21,1,2,5,110,292,4
1559,56,Male,Student,6.75,85,7.3,4,8,2,99,280,6
1560,36,Male,Designer,6.06,54,4.27,2,7,5,23,154,2
1561,20,Male,Business,3.46,115,4.2,1,4,3,37,61,1
1562,36,Male,Doctor,8.42,30,6.42,9,5,2,75,273,7
1563,30,Female,Business,1.34,23,5.07,3,7,4,52,234,1
1564,26,Male,Student,3.94,116,7.84,1,8,1,26,51,1
1565,33,Male,Engineer,4.83,17,6.64,1,2,2,52,169,6
1566,49,Female,Teacher,7.71,71,7.77,1,4,5,108,105,1
1567,20,Female,Teacher,1.21,49,4.34,2,6,1,52,140,2
1568,32,Male,Teacher,1.61,109,6.86,8,2,0,94,99,2
1569,50,Male,Student,9.63,106,8.28,6,7,5,87,87,9
1570,34,Female,Business,4.56,12,7.18,9,9,5,55,132,3
1571,53,Male,Student,5.31,28,4.85,4,6,3,44,48,5
1572,47,Male,Business,7.89,18,4.34,6,6,0,0,43,3
1573,55,Female,Doctor,8.53,91,6.33,8,9,1,107,62,9
1574,24,Female,Teacher,9.83,34,6.03,6,1,0,7,222,2
1575,21,Female,Teacher,5.97,71,8.26,6,9,3,15,272,2
1576,47,Male,Engineer,1.32,90,5.14,2,7,5,92,246,2
1577,31,Male,Doctor,4.03,66,7.53,3,9,0,68,253,5
1578,31,Female,Designer,1.64,67,8.92,8,7,2,92,224,3
1579,35,Male,Teacher,9.51,100,4.69,7,8,0,30,62,9
1580,53,Female,Business,1.89,95,4.85,8,4,1,97,243,9
1581,29,Male,Student,5.07,35,4.1,7,8,3,16,263,6
1582,46,Male,Teacher,8.14,91,5.18,9,9,5,110,114,6
1583,22,Male,Engineer,6.73,88,5.64,1,8,4,108,207,9
1584,21,Female,Designer,8.41,20,7.29,2,8,3,18,92,6
1585,36,Female,Engineer,9.02,7,5.65,4,1,4,16,66,3
1586,58,Male,Designer,7.89,81,8.27,9,7,4,61,115,1
1587,43,Male,Student,7.67,107,8.42,1,2,4,101,55,8
1588,41,Female,Engineer,2.73,13,4.25,4,3,2,90,228,3
1589,36,Male,Student,1.29,10,8.75,9,8,0,82,278,5
1590,30,Female,Business,6.76,101,4.94,4,4,0,117,99,1
1591,45,Female,Designer,5.31,22,4.69,7,6,1,43,27,7
1592,50,Female,Student,6.88,8,6.81,6,7,3,114,144,2
1593,45,Male,Student,5.17,80,6.07,2,4,3,18,94,7
1594,41,Female,Doctor,5.43,28,4.7,1,1,1,50,75,8
1595,51,Female,Teacher,9.85,82,7.99,2,3,0,44,299,4
1596,28,Male,Designer,6.98,90,4.97,7,5,0,68,181,6
1597,25,Male,Designer,6.67,80,7.98,3,9,4,69,134,6
1598,49,Male,Business,7.81,97,5.37,5,5,5,44,169,1
1599,45,Female,Business,9.21,74,6.31,3,2,0,115,160,9
1600,56,Male,Designer,6.0,58,8.31,8,4,4,96,295,2
1601,21,Female,Business,4.0,94,7.18,2,2,2,87,39,6
1602,48,Male,Business,1.04,21,7.65,1,7,4,64,53,2
1603,32,Male,Designer,8.02,70,6.34,7,9,5,111,135,9
1604,50,Female,Student,9.5,34,7.32,6,2,5,29,154,1
1605,41,Female,Student,8.83,14,4.82,5,4,3,79,58,8
1606,54,Male,Teacher,8.1,60,6.27,1,4,4,109,98,5
1607,28,Female,Student,8.5,55,8.16,1,7,5,0,132,9
1608,55,Male,Doctor,7.11,95,7.24,9,9,1,41,298,1
1609,45,Male,Business,2.89,91,6.2,6,3,0,36,231,5
1610,39,Male,Designer,1.59,55,6.2,2,3,0,41,122,3
1611,43,Male,Engineer,1.65,15,6.96,3,3,1,90,133,5
1612,43,Male,Designer,3.99,8,7.49,4,5,5,69,84,9
1613,30,Male,Doctor,4.0,97,6.69,2,4,5,56,275,5
1614,41,Female,Designer,4.87,116,4.36,9,7,4,119,42,2
1615,59,Male,Doctor,5.6,100,4.5,2,4,4,86,184,3
1616,34,Male,Teacher,2.46,56,7.83,4,3,2,39,172,1
1617,37,Male,Designer,7.16,43,5.34,9,8,4,100,121,9
1618,19,Male,Designer,8.47,51,5.43,5,3,4,11,217,1
1619,50,Female,Designer,3.87,39,6.41,8,5,2,40,215,3
1620,44,Female,Doctor,9.33,73,7.46,9,3,1,112,184,3
1621,48,Male,Engineer,2.75,40,6.12,1,9,5,75,281,7
1622,26,Female,Designer,9.07,52,5.38,5,9,0,18,109,4
1623,20,Male,Student,3.89,98,8.76,9,6,2,116,246,9
1624,32,Male,Doctor,2.55,79,5.84,6,4,1,112,118,9
1625,48,Female,Teacher,4.63,49,6.42,4,2,3,74,289,8
1626,54,Male,Designer,4.25,26,4.52,6,1,2,12,199,6
1627,21,Male,Doctor,2.32,87,5.61,5,1,5,51,65,8
1628,56,Male,Teacher,5.33,23,7.6,4,5,4,6,270,5
1629,51,Female,Student,8.97,61,7.22,5,4,1,92,226,4
1630,23,Female,Designer,4.06,47,7.91,3,1,0,5,85,4
1631,43,Male,Student,9.31,46,4.12,9,3,2,89,222,9
1632,20,Female,Designer,8.65,34,7.62,9,5,1,65,284,1
1633,29,Male,Teacher,9.24,95,8.09,4,8,3,77,226,1
1634,43,Female,Engineer,1.01,101,7.25,4,3,1,82,46,7
1635,32,Male,Doctor,5.58,75,7.22,6,5,1,118,242,3
1636,38,Female,Designer,8.03,102,8.18,1,1,5,106,171,8
1637,19,Male,Designer,8.69,116,7.88,2,8,2,53,61,8
1638,31,Male,Engineer,4.44,90,5.6,8,9,4,52,93,4
1639,53,Male,Teacher,5.9,72,5.61,4,8,5,117,71,6
1640,37,Female,Student,5.09,55,6.03,2,3,1,31,195,4
1641,21,Female,Doctor,2.15,40,7.52,6,6,0,25,267,6
1642,28,Female,Doctor,2.59,32,6.36,2,3,1,79,94,5
1643,53,Female,Student,6.65,38,6.08,1,9,4,65,256,1
1644,42,Female,Student,4.81,117,4.41,1,6,0,52,198,7
1645,55,Female,Student,2.05,46,7.47,6,7,0,79,153,8
1646,32,Female,Designer,5.53,107,7.26,7,5,0,72,237,7
1647,39,Female,Designer,8.68,108,5.53,8,5,0,55,215,8
1648,44,Female,Business,9.45,86,8.63,6,8,2,49,255,3
1649,43,Male,Student,4.95,77,4.7,4,6,1,19,41,7
1650,38,Male,Designer,4.24,29,4.2,9,5,5,90,194,8
1651,54,Female,Engineer,8.36,94,5.89,3,3,1,30,47,8
1652,43,Male,Designer,1.51,90,5.46,8,1,5,19,93,7
1653,26,Female,Student,2.7,9,4.61,8,1,3,36,72,7
1654,29,Male,Teacher,4.16,50,5.69,4,7,4,49,261,3
1655,34,Female,Doctor,3.2,114,8.63,6,3,2,26,64,1
1656,43,Female,Designer,3.78,87,7.57,7,7,4,50,82,5
1657,27,Female,Business,8.12,58,8.72,8,3,5,62,108,3
1658,27,Male,Teacher,2.43,11,7.51,3,8,2,38,241,9
1659,20,Male,Designer,7.04,52,7.12,3,6,2,50,151,4
1660,20,Female,Doctor,9.3,71,5.31,1,1,3,70,86,3
1661,35,Male,Student,1.11,86,6.84,6,7,3,26,204,6
1662,50,Male,Business,3.54,38,8.84,8,3,2,40,233,6
1663,53,Male,Engineer,1.75,51,5.19,9,4,3,67,145,5
1664,57,Female,Doctor,6.45,26,4.07,4,2,2,10,282,2
1665,40,Male,Teacher,6.86,118,7.3,2,9,0,19,75,1
1666,39,Female,Engineer,6.28,38,7.34,7,3,1,118,201,2
1667,56,Male,Business,3.5,55,6.71,3,1,3,53,73,1
1668,27,Female,Business,8.75,73,7.73,2,1,5,99,111,9
1669,54,Female,Designer,9.19,101,4.29,3,2,1,56,147,3
1670,30,Female,Engineer,4.31,19,5.89,2,2,2,80,201,9
1671,20,Male,Doctor,8.45,50,6.6,5,6,2,29,119,3
1672,58,Female,Student,6.03,42,6.76,3,6,3,33,120,2
1673,18,Male,Teacher,3.77,49,8.12,8,6,5,24,229,6
1674,57,Male,Teacher,9.46,115,4.9,4,7,1,76,219,8
1675,42,Male,Business,7.74,99,6.98,5,5,0,119,99,7
1676,58,Male,Business,2.56,75,4.05,1,6,3,39,87,7
1677,41,Male,Doctor,1.17,44,8.86,1,7,1,101,166,4
1678,31,Female,Business,7.57,54,6.28,5,2,1,28,292,9
1679,20,Male,Business,4.55,20,8.64,1,4,3,79,157,4
1680,49,Male,Doctor,8.65,78,7.31,7,2,2,7,275,1
1681,31,Female,Doctor,2.77,98,4.22,7,7,5,65,162,1
1682,41,Female,Student,4.68,38,4.84,3,8,5,51,282,9
1683,44,Male,Business,9.53,109,8.34,8,4,2,36,116,1
1684,19,Male,Doctor,9.41,25,5.51,7,6,0,54,54,4
1685,41,Female,Student,2.96,66,5.6,5,2,5,30,64,3
1686,20,Male,Engineer,9.42,25,5.92,2,1,4,80,265,8
1687,55,Male,Teacher,3.82,61,4.83,4,8,5,56,211,6
1688,41,Male,Designer,4.85,90,5.0,2,1,4,11,175,5
1689,48,Female,Student,7.87,119,8.56,7,2,4,80,214,3
1690,25,Female,Engineer,5.01,30,5.43,9,3,5,44,170,1
1691,42,Female,Designer,1.33,29,5.47,6,7,3,18,243,5
1692,59,Male,Designer,1.76,31,7.5,6,5,5,115,211,9
1693,42,Male,Designer,2.77,12,6.31,6,5,5,57,89,1
1694,38,Male,Doctor,4.9,114,7.9,1,9,5,4,86,7
1695,33,Male,Business,8.8,118,8.64,8,3,3,46,124,5
1696,53,Male,Doctor,7.87,115,8.22,4,9,2,68,43,7
1697,23,Female,Designer,6.99,29,8.95,6,9,3,18,113,9
1698,44,Male,Teacher,5.82,38,5.0,6,3,3,50,272,6
1699,41,Male,Student,4.48,54,4.08,3,1,4,95,75,8
1700,28,Male,Student,9.64,16,4.24,4,4,0,43,277,9
1701,36,Male,Teacher,5.54,36,7.94,1,5,1,103,228,6
1702,22,Female,Teacher,8.96,59,6.98,8,2,2,90,175,6
1703,53,Male,Business,2.78,61,5.73,5,8,3,76,55,7
1704,28,Male,Doctor,7.83,72,6.5,9,8,1,10,246,1
1705,56,Female,Engineer,6.92,6,7.05,8,3,5,84,266,3
1706,48,Male,Business,8.44,10,6.62,2,6,2,41,225,4
1707,33,Female,Teacher,1.6,23,6.21,8,4,3,11,49,1
1708,25,Male,Business,4.13,6,8.41,9,4,5,7,108,9
1709,24,Female,Engineer,2.74,100,7.78,3,9,5,46,167,4
1710,21,Male,Engineer,7.69,40,8.16,8,3,2,21,282,7
1711,20,Female,Doctor,2.54,38,8.91,8,6,3,18,42,3
1712,59,Male,Designer,6.56,65,8.59,6,9,1,91,34,6
1713,58,Female,Business,5.18,17,7.24,2,9,5,71,33,8
1714,29,Male,Student,9.1,29,6.94,4,2,2,53,278,9
1715,21,Male,Student,1.56,22,7.37,9,1,4,12,296,7
1716,20,Female,Engineer,5.1,24,7.01,6,8,1,89,235,1
1717,50,Female,Business,6.38,65,8.9,3,7,3,119,72,3
1718,45,Female,Teacher,6.09,77,8.95,9,4,1,4,130,9
1719,22,Male,Engineer,9.14,116,4.38,1,6,1,110,57,3
1720,21,Male,Engineer,7.34,36,4.32,4,2,5,83,157,3
1721,48,Female,Business,6.72,52,8.67,2,1,5,47,297,4
1722,35,Female,Designer,3.99,114,7.88,1,3,5,77,92,7
1723,55,Male,Student,2.03,69,4.61,8,7,4,7,114,4
1724,55,Female,Teacher,3.97,50,8.26,8,6,2,40,132,7
1725,46,Male,Designer,1.09,107,8.58,6,5,0,87,157,8
1726,32,Male,Teacher,9.56,83,6.38,8,7,0,8,270,3
1727,35,Female,Student,3.51,101,4.47,5,6,5,48,99,8
1728,20,Female,Designer,9.65,72,4.71,5,4,0,26,182,7
1729,45,Female,Teacher,5.28,90,6.46,2,3,2,34,140,3
1730,45,Female,Designer,9.86,6,6.99,9,9,3,33,188,9
1731,31,Female,Student,7.06,21,5.23,4,4,1,52,181,4
1732,41,Female,Student,4.38,106,5.4,8,8,0,27,292,4
1733,40,Male,Doctor,2.41,99,8.57,7,6,2,12,101,1
1734,55,Female,Designer,2.69,23,8.63,4,3,1,43,158,1
1735,41,Male,Engineer,4.92,85,5.22,5,9,3,89,263,6
1736,19,Male,Designer,6.64,77,7.78,4,1,3,69,185,9
1737,24,Female,Designer,4.02,29,4.86,5,1,1,105,185,2
1738,59,Female,Teacher,7.77,66,7.07,4,5,3,17,98,9
1739,36,Male,Engineer,3.55,95,6.78,5,9,1,57,152,8
1740,39,Male,Doctor,1.46,12,5.14,2,1,0,24,137,4
1741,50,Female,Business,7.74,81,4.57,8,6,2,22,25,8
1742,18,Female,Engineer,1.17,53,5.65,6,9,1,23,146,4
1743,58,Male,Engineer,9.95,36,5.57,1,6,1,118,50,5
1744,19,Female,Business,6.71,53,4.42,7,9,0,96,255,1
1745,41,Female,Business,8.25,41,5.95,1,5,3,26,55,7
1746,50,Female,Business,6.48,108,6.72,9,7,4,67,43,4
1747,51,Male,Doctor,2.16,37,6.76,7,6,2,14,152,5
1748,44,Female,Doctor,7.75,106,7.11,1,1,5,112,144,8
1749,27,Male,Designer,1.29,22,8.24,6,6,2,92,167,7
1750,22,Male,Business,5.25,97,8.77,2,3,3,29,161,9
1751,39,Female,Teacher,2.26,87,8.72,8,3,2,118,191,3
1752,31,Male,Designer,7.95,6,4.91,1,4,0,101,89,7
1753,54,Female,Teacher,5.21,23,5.43,7,5,0,11,270,2
1754,51,Male,Designer,3.24,63,5.21,9,4,5,33,180,2
1755,19,Female,Engineer,9.59,48,7.32,2,2,5,97,148,9
1756,38,Male,Designer,3.33,105,6.86,7,9,3,14,41,4
1757,30,Male,Student,7.38,23,6.1,3,3,3,20,195,9
1758,32,Female,Business,9.62,115,7.71,6,1,3,104,149,1
1759,20,Male,Designer,8.55,13,7.24,8,3,1,6,213,9
1760,54,Male,Teacher,3.3,102,8.91,5,9,0,101,157,5
1761,33,Female,Teacher,3.05,105,7.03,5,7,5,5,197,5
1762,34,Male,Doctor,1.76,19,4.05,4,6,1,61,248,7
1763,27,Male,Engineer,5.48,112,7.26,8,7,3,27,256,5
1764,45,Male,Designer,1.68,95,6.08,5,1,4,64,235,9
1765,56,Male,Designer,4.12,17,6.05,9,7,1,57,184,6
1766,59,Male,Engineer,4.16,116,7.64,9,5,0,20,34,2
1767,28,Female,Doctor,3.79,37,7.05,8,1,0,9,63,8
1768,48,Female,Engineer,9.95,99,5.06,4,8,4,75,39,1
1769,29,Female,Doctor,9.06,22,4.28,1,2,0,89,125,3
1770,49,Male,Doctor,5.3,67,5.94,4,7,1,102,192,5
1771,41,Male,Designer,9.51,111,6.89,5,9,0,77,192,3
1772,44,Female,Business,4.91,79,8.52,8,6,4,26,24,3
1773,21,Female,Designer,8.52,53,6.87,9,6,0,53,55,3
1774,27,Male,Student,1.9,45,5.34,9,2,5,74,102,9
1775,38,Female,Engineer,7.18,90,5.06,9,4,1,118,214,4
1776,46,Male,Student,4.45,48,8.46,9,6,1,28,139,1
1777,22,Male,Teacher,5.97,29,7.59,7,7,4,61,273,6
1778,42,Female,Business,9.73,25,8.4,9,2,1,95,224,1
1779,42,Male,Business,9.75,116,7.24,7,6,3,81,255,4
1780,25,Male,Doctor,3.96,96,4.08,2,8,0,101,158,6
1781,24,Male,Business,8.59,111,5.29,3,7,4,36,205,7
1782,36,Male,Teacher,5.63,103,8.77,1,5,5,118,238,1
1783,18,Female,Business,2.08,22,6.32,2,4,5,7,284,4
1784,36,Male,Teacher,7.7,52,8.7,8,2,2,12,59,9
1785,34,Male,Student,3.59,87,8.59,8,1,0,87,142,5
1786,52,Female,Designer,4.85,86,4.46,4,6,1,11,57,4
1787,48,Female,Teacher,7.17,100,7.54,4,7,5,102,216,6
1788,23,Male,Designer,1.89,58,8.29,9,1,5,22,42,4
1789,20,Female,Doctor,1.48,49,5.01,8,6,2,62,141,6
1790,29,Male,Engineer,8.8,38,4.7,8,9,3,16,208,6
1791,47,Male,Doctor,8.87,107,5.12,7,4,2,6,258,2
1792,57,Male,Engineer,6.03,116,8.89,2,5,5,60,245,9
1793,58,Female,Engineer,4.84,111,6.81,6,9,1,111,297,6
1794,58,Male,Teacher,6.25,14,5.05,2,3,5,27,89,6
1795,22,Male,Designer,1.64,81,6.79,8,4,2,14,103,1
1796,27,Male,Teacher,6.75,82,4.68,5,7,4,39,294,7
1797,26,Female,Business,9.18,5,4.37,6,2,0,42,110,2
1798,44,Male,Designer,8.42,80,8.43,5,1,1,16,296,7
1799,58,Female,Student,4.91,49,5.92,7,3,2,17,94,6
1800,51,Male,Engineer,9.5,31,5.24,1,9,2,89,83,1
1801,51,Male,Engineer,3.32,68,5.51,9,2,2,64,110,2
1802,23,Female,Engineer,6.6,108,4.91,9,1,0,10,238,6
1803,31,Male,Doctor,5.61,54,8.29,2,4,0,117,70,7
1804,52,Female,Doctor,2.2,46,7.92,9,5,3,67,62,9
1805,21,Female,Doctor,1.72,44,8.82,9,2,3,22,216,7
1806,39,Female,Engineer,5.48,93,7.4,7,5,0,18,294,5
1807,55,Female,Teacher,1.04,51,7.19,4,1,3,104,280,2
1808,58,Female,Business,6.65,20,4.59,5,2,2,45,44,6
1809,47,Female,Teacher,3.34,57,7.29,7,6,4,35,185,4
1810,39,Male,Doctor,7.87,14,5.71,1,5,2,13,23,5
1811,37,Male,Doctor,5.09,44,7.15,9,8,4,70,195,5
1812,23,Female,Teacher,7.76,27,6.38,2,9,2,89,222,8
1813,55,Male,Doctor,4.43,24,8.91,6,8,3,78,176,2
1814,46,Female,Teacher,8.87,57,5.61,6,5,2,7,226,5
1815,31,Male,Doctor,8.18,18,7.37,6,9,2,58,106,1
1816,34,Male,Engineer,2.65,71,8.84,4,9,1,17,120,8
1817,56,Male,Business,7.5,104,6.69,8,3,5,89,98,5
1818,35,Male,Engineer,1.92,107,5.19,4,1,1,119,295,1
1819,26,Male,Doctor,1.84,96,7.32,5,5,2,14,243,8
1820,43,Female,Teacher,5.31,79,7.04,1,1,1,6,65,4
1821,42,Female,Doctor,2.01,24,8.13,1,8,5,115,200,3
1822,49,Female,Designer,8.94,56,7.07,7,4,1,117,141,7
1823,55,Male,Student,4.95,18,8.07,3,7,5,5,230,6
1824,51,Male,Doctor,8.01,99,6.32,4,6,4,91,125,5
1825,43,Female,Student,9.23,28,7.37,3,6,1,89,203,7
1826,32,Female,Engineer,5.71,30,5.5,6,1,4,29,225,5
1827,43,Male,Teacher,6.55,34,8.07,6,2,5,25,195,9
1828,57,Female,Student,3.71,23,8.46,9,5,4,57,54,2
1829,51,Male,Teacher,7.0,43,5.45,2,3,1,56,270,3
1830,18,Male,Doctor,7.11,26,4.27,6,9,2,38,227,1
1831,51,Female,Teacher,7.05,55,6.48,4,7,4,73,261,4
1832,51,Male,Student,3.34,48,7.84,8,3,3,2,44,6
1833,20,Male,Business,5.69,69,4.36,8,6,2,48,201,9
1834,42,Female,Engineer,3.98,41,5.93,3,1,5,92,106,1
1835,47,Female,Engineer,6.07,79,6.45,5,5,5,28,47,9
1836,38,Male,Doctor,6.19,41,5.8,2,7,0,115,115,4
1837,56,Male,Business,1.67,66,5.68,9,1,2,87,214,1
1838,28,Male,Doctor,2.94,104,5.39,1,2,1,11,273,3
1839,53,Female,Doctor,6.29,65,8.83,9,7,0,21,55,9
1840,52,Female,Business,9.06,107,5.8,3,8,0,116,223,4
1841,31,Female,Business,9.78,78,4.61,5,4,3,107,210,6
1842,22,Female,Teacher,4.19,63,4.94,1,7,4,61,54,7
1843,36,Female,Business,4.78,63,4.47,1,9,3,42,99,4
1844,22,Female,Engineer,8.15,69,4.92,3,6,5,36,30,6
1845,36,Male,Student,4.98,101,5.98,5,1,4,104,172,2
1846,22,Female,Business,1.92,119,7.48,4,5,0,90,130,9
1847,29,Female,Business,2.05,22,8.38,3,8,1,36,178,9
1848,59,Female,Designer,6.08,101,4.73,4,6,2,81,53,6
1849,54,Male,Designer,5.59,30,4.31,4,7,3,97,111,4
1850,31,Female,Business,7.71,39,6.3,8,2,1,10,83,7
1851,48,Female,Engineer,5.71,106,5.04,5,1,0,35,69,3
1852,48,Male,Business,2.58,71,4.87,2,2,0,113,62,1
1853,36,Female,Student,1.09,55,7.88,4,4,4,12,35,8
1854,26,Female,Teacher,9.53,101,5.13,6,2,0,0,264,3
1855,34,Female,Doctor,4.95,36,5.49,5,9,5,66,212,3
1856,41,Female,Student,9.49,32,8.1,4,1,0,76,289,5
1857,54,Male,Doctor,9.9,78,7.36,6,9,3,71,99,5
1858,29,Male,Doctor,8.5,36,7.26,8,3,1,45,202,5
1859,18,Male,Engineer,1.3,96,8.7,1,9,5,84,249,3
1860,58,Female,Doctor,6.26,7,6.21,3,8,5,101,120,3
1861,32,Male,Designer,4.6,77,7.46,5,2,2,48,28,5
1862,41,Male,Student,5.63,8,8.17,2,9,3,21,36,7
1863,51,Male,Engineer,2.64,27,7.09,1,5,4,17,178,3
1864,33,Male,Teacher,6.16,98,7.98,8,8,1,39,288,5
1865,37,Male,Student,7.54,22,5.74,8,2,5,114,98,8
1866,19,Male,Designer,8.92,98,6.28,1,5,1,67,173,4
1867,40,Female,Student,7.4,60,7.71,7,8,3,39,58,5
1868,59,Female,Engineer,1.91,58,5.79,2,9,5,79,156,4
1869,40,Male,Teacher,2.03,113,8.74,6,8,2,5,238,7
1870,28,Male,Engineer,6.53,99,7.57,8,1,1,108,265,3
1871,35,Male,Designer,9.11,46,4.79,6,4,0,26,248,3
1872,31,Male,Business,5.13,67,5.76,7,9,2,66,207,6
1873,58,Male,Student,4.06,115,8.19,7,1,5,10,151,2
1874,40,Male,Teacher,5.8,70,7.56,6,7,2,22,297,9
1875,29,Male,Doctor,7.19,87,4.23,6,2,2,10,57,5
1876,54,Female,Designer,3.95,16,4.0,4,4,5,49,274,9
1877,30,Female,Designer,9.09,95,6.13,6,4,3,89,231,9
1878,22,Male,Business,8.22,49,7.46,7,9,3,46,142,8
1879,59,Male,Student,3.77,30,7.91,5,3,5,6,131,6
1880,48,Male,Student,6.57,39,6.54,6,4,1,74,58,5
1881,22,Male,Doctor,5.43,43,8.03,8,8,1,24,162,7
1882,25,Female,Teacher,9.63,15,6.19,6,5,1,44,165,9
1883,20,Female,Student,3.35,85,7.2,6,3,4,104,232,7
1884,36,Female,Doctor,7.5,15,5.5,3,3,4,88,92,2
1885,18,Female,Student,9.99,116,6.15,9,3,0,25,120,9
1886,52,Male,Doctor,7.05,68,7.31,8,2,5,106,287,8
1887,21,Male,Engineer,7.16,118,4.63,5,1,2,117,158,8
1888,29,Male,Engineer,6.47,77,6.61,2,5,1,42,289,9
1889,38,Male,Student,8.91,103,7.7,1,4,2,3,249,6
1890,49,Female,Doctor,1.68,116,8.66,8,9,3,113,134,3
1891,51,Male,Designer,9.8,43,8.06,8,7,4,73,33,8
1892,25,Male,Teacher,9.67,39,6.68,5,3,3,39,278,2
1893,44,Male,Student,1.09,33,7.13,3,1,1,32,48,3
1894,55,Male,Business,5.72,82,7.64,2,5,4,73,104,1
1895,51,Male,Designer,2.59,50,7.92,2,4,3,5,208,6
1896,59,Male,Doctor,3.66,22,4.48,4,9,4,13,190,2
1897,35,Female,Engineer,5.88,28,4.2,2,6,5,75,174,3
1898,52,Female,Student,3.35,87,4.59,2,6,3,78,136,5
1899,18,Male,Engineer,2.72,6,6.81,7,2,3,66,274,2
1900,48,Male,Doctor,4.9,40,8.12,8,2,1,67,284,6
1901,49,Female,Student,2.69,27,5.18,9,9,0,15,24,4
1902,30,Male,Engineer,5.22,92,6.9,4,5,2,96,74,7
1903,48,Male,Business,5.78,50,8.05,6,7,0,110,160,9
1904,33,Female,Teacher,7.64,79,5.97,3,3,4,28,264,2
1905,29,Female,Designer,3.93,73,5.1,4,7,0,98,99,2
1906,29,Male,Teacher,8.52,39,7.76,7,7,4,111,39,6
1907,20,Female,Designer,7.69,108,5.12,8,8,5,39,247,8
1908,59,Female,Teacher,4.92,10,5.94,9,3,4,51,91,9
1909,59,Female,Designer,4.14,17,4.22,5,8,5,88,150,1
1910,57,Female,Engineer,1.27,46,7.8,5,3,0,4,113,8
1911,36,Female,Engineer,6.54,115,7.07,1,7,4,73,21,4
1912,35,Female,Doctor,6.8,48,7.02,1,3,1,11,260,9
1913,54,Female,Student,2.28,105,5.64,9,2,5,43,209,5
1914,32,Male,Doctor,9.17,97,5.99,3,1,3,55,212,7
1915,48,Male,Designer,9.47,79,5.62,8,8,4,82,266,3
1916,40,Female,Engineer,5.21,86,8.38,9,4,3,30,52,1
1917,40,Female,Student,9.6,113,7.97,4,1,2,113,29,6
1918,29,Female,Designer,6.15,68,7.16,2,3,2,118,30,1
1919,25,Female,Engineer,5.48,18,5.03,1,1,3,40,216,4
1920,34,Female,Business,6.39,100,6.75,6,7,0,76,251,3
1921,45,Male,Designer,1.66,10,4.61,6,8,4,13,141,6
1922,31,Male,Student,9.08,15,8.78,3,2,2,117,157,6
1923,43,Male,Doctor,2.82,10,6.14,3,8,2,119,165,2
1924,45,Male,Engineer,5.87,77,8.03,4,6,5,115,251,6
1925,26,Male,Designer,8.21,91,7.75,8,6,3,63,103,4
1926,42,Female,Designer,4.41,58,8.7,9,9,5,65,46,1
1927,56,Male,Business,9.2,41,7.02,6,9,0,98,103,3
1928,25,Female,Business,5.65,13,6.75,9,1,5,119,146,6
1929,25,Male,Business,2.54,26,6.25,7,1,4,118,276,6
1930,54,Female,Designer,9.79,42,6.74,1,8,3,65,286,8
1931,57,Female,Designer,8.58,41,5.5,2,6,4,78,238,9
1932,49,Female,Designer,4.08,47,4.39,8,2,1,70,62,6
1933,51,Female,Doctor,9.06,60,6.52,1,4,4,98,205,4
1934,35,Male,Doctor,4.77,110,7.03,4,1,1,79,118,9
1935,19,Female,Teacher,3.47,18,7.74,1,6,3,110,111,4
1936,26,Female,Student,4.98,62,5.68,1,2,4,79,136,1
1937,53,Male,Business,7.65,107,4.46,6,9,4,60,272,2
1938,58,Male,Engineer,6.93,116,4.9,4,9,2,47,252,3
1939,19,Male,Engineer,3.91,39,5.45,8,5,3,50,195,4
1940,31,Female,Business,2.99,26,4.71,8,7,2,22,211,3
1941,28,Female,Business,6.87,79,5.82,4,5,5,52,153,5
1942,21,Female,Teacher,5.66,69,7.58,2,6,0,57,128,1
1943,57,Female,Engineer,4.93,83,5.4,9,3,2,85,118,7
1944,53,Male,Student,6.27,87,4.32,1,5,1,109,280,9
1945,34,Female,Student,9.38,34,4.53,7,6,2,105,93,4
1946,32,Male,Student,2.26,24,8.51,6,6,1,52,33,1
1947,36,Male,Business,8.74,72,8.48,3,5,0,105,85,7
1948,31,Female,Doctor,9.4,15,6.54,6,6,0,22,30,9
1949,58,Female,Teacher,7.16,45,5.73,1,8,4,57,247,7
1950,46,Female,Designer,6.12,67,8.77,2,1,0,79,99,1
1951,48,Male,Student,8.97,5,5.06,8,7,0,90,187,3
1952,37,Female,Teacher,8.71,6,8.49,3,7,1,49,48,9
1953,50,Male,Engineer,4.68,21,7.1,5,2,5,94,103,6
1954,24,Male,Designer,1.15,8,8.86,3,3,2,56,44,6
1955,30,Male,Business,5.33,78,4.6,4,9,0,84,176,1
1956,48,Male,Business,2.95,21,6.75,8,2,0,99,192,1
1957,34,Female,Business,3.65,76,5.09,9,3,3,65,248,9
1958,30,Male,Doctor,1.39,18,4.59,8,4,3,60,60,3
1959,43,Male,Business,9.86,15,6.83,6,2,0,116,224,1
1960,37,Female,Doctor,6.05,72,4.96,6,3,0,104,102,6
1961,49,Female,Student,2.0,96,4.95,7,4,4,48,236,4
1962,20,Female,Designer,5.87,36,8.37,5,3,4,108,226,3
1963,36,Female,Engineer,3.43,78,7.55,9,1,1,10,262,7
1964,39,Female,Doctor,3.96,37,4.63,9,7,0,99,47,6
1965,22,Female,Engineer,2.3,21,7.37,3,3,0,111,204,2
1966,27,Male,Designer,5.41,116,8.49,7,9,2,93,62,2
1967,42,Female,Doctor,1.13,44,6.72,8,9,2,82,190,7
1968,46,Male,Designer,8.18,38,6.74,2,8,0,113,250,2
1969,23,Female,Doctor,9.96,87,4.91,4,3,0,112,261,5
1970,21,Female,Designer,6.98,72,8.34,2,2,4,35,21,6
1971,25,Male,Business,9.62,99,8.19,2,5,2,78,219,3
1972,22,Female,Student,4.05,99,7.17,2,5,0,77,117,4
1973,25,Female,Engineer,2.37,43,6.53,8,5,4,51,187,6
1974,36,Male,Designer,7.14,42,7.04,2,2,0,45,285,1
1975,45,Male,Teacher,1.95,118,6.35,7,1,1,114,45,1
1976,20,Male,Designer,4.2,90,6.51,4,2,3,70,276,8
1977,27,Male,Doctor,8.41,117,7.95,3,2,3,95,96,6
1978,19,Female,Teacher,7.07,71,6.89,3,4,1,6,153,3
1979,55,Male,Engineer,8.4,50,4.05,2,8,4,44,251,6
1980,58,Male,Teacher,6.69,21,6.77,2,3,4,52,33,5
1981,46,Female,Engineer,5.41,47,7.88,4,1,0,11,255,1
1982,32,Female,Doctor,1.32,60,7.2,2,3,4,112,164,6
1983,29,Male,Teacher,3.8,119,4.39,2,4,0,43,226,1
1984,22,Female,Student,1.75,82,4.95,6,5,0,118,181,5
1985,38,Female,Student,5.34,112,5.74,4,1,2,61,95,1
1986,24,Male,Engineer,3.76,21,7.27,5,7,2,7,194,8
1987,30,Female,Designer,1.04,86,5.96,4,1,3,100,189,8
1988,57,Male,Business,3.78,54,5.84,2,1,5,25,40,4
1989,23,Male,Business,5.62,26,7.72,8,6,4,8,49,1
1990,30,Female,Designer,7.21,44,8.17,8,1,3,49,192,8
1991,51,Male,Doctor,3.07,22,4.48,2,8,0,92,215,9
1992,19,Male,Teacher,2.48,116,7.67,3,5,2,66,101,3
1993,45,Male,Designer,4.47,52,6.38,6,1,1,118,83,3
1994,48,Female,Student,2.22,91,7.72,5,3,3,40,109,2
1995,49,Male,Engineer,8.02,114,6.96,5,3,0,106,139,3
1996,50,Female,Student,1.79,48,6.01,1,5,0,84,188,7
1997,39,Female,Doctor,8.26,30,5.58,5,6,0,111,67,4
1998,47,Male,Student,8.36,109,6.52,1,4,3,8,54,3
1999,40,Male,Engineer,8.87,69,6.65,9,3,0,35,266,1
2000,57,Female,Teacher,7.17,53,7.11,1,3,1,77,181,6
2001,47,Male,Business,7.08,29,4.91,8,9,0,60,199,5
2002,55,Male,Engineer,5.37,71,6.45,4,2,4,76,105,6
2003,47,Female,Business,6.78,84,4.98,4,5,3,77,288,1
2004,46,Female,Teacher,3.56,19,6.17,8,6,1,49,262,6
2005,51,Male,Student,6.2,89,4.29,8,3,1,103,269,1
2006,56,Male,Designer,5.81,52,5.55,3,3,3,10,256,3
2007,19,Female,Doctor,8.4,53,6.39,2,6,4,41,32,6
2008,37,Female,Business,8.76,31,7.1,4,4,3,114,272,2
2009,41,Male,Student,5.13,54,5.77,6,6,1,15,216,8
2010,26,Female,Doctor,3.97,23,7.46,5,4,5,60,257,5
2011,18,Female,Student,1.75,75,8.74,9,4,5,91,247,9
2012,23,Female,Designer,7.68,83,6.93,5,7,1,46,49,7
2013,45,Male,Designer,6.99,105,6.29,8,7,0,9,148,4
2014,51,Male,Business,7.27,107,5.6,2,9,4,93,227,4
2015,37,Female,Teacher,8.69,66,8.41,4,4,3,9,103,6
2016,53,Male,Student,2.61,58,6.02,4,8,5,83,187,6
2017,47,Female,Teacher,9.25,27,8.84,1,3,3,68,179,3
2018,58,Male,Teacher,1.13,104,4.28,3,5,4,54,90,4
2019,57,Male,Teacher,5.73,9,6.43,9,4,2,71,113,7
2020,51,Female,Engineer,2.76,26,7.71,4,7,2,109,278,1
2021,31,Female,Business,2.21,19,7.83,7,6,2,118,95,2
2022,52,Male,Engineer,3.65,28,4.08,9,3,1,116,23,7
2023,21,Female,Engineer,1.63,38,4.46,8,8,2,93,175,1
2024,18,Male,Designer,8.78,60,4.34,2,2,3,73,38,5
2025,44,Female,Teacher,1.68,6,5.91,5,2,3,65,23,8
2026,20,Male,Designer,7.72,21,6.87,2,5,3,69,256,8
2027,20,Female,Teacher,4.36,21,4.97,5,1,4,0,135,8
2028,33,Female,Engineer,5.96,44,4.25,9,7,0,42,209,2
2029,36,Female,Doctor,9.63,5,7.27,4,4,4,94,79,4
2030,24,Female,Designer,2.81,72,4.42,5,3,3,82,292,4
2031,51,Female,Business,4.69,76,8.46,3,9,5,79,265,9
2032,53,Male,Designer,3.04,116,8.3,4,1,2,48,184,5
2033,37,Male,Doctor,1.13,102,6.78,7,2,1,96,81,1
2034,19,Female,Student,8.46,9,6.54,4,1,3,30,269,3
2035,42,Female,Business,5.92,55,4.05,6,4,5,111,166,1
2036,56,Female,Designer,2.64,83,4.24,7,1,2,97,65,9
2037,51,Male,Business,3.74,110,7.77,8,6,0,72,56,5
2038,52,Male,Student,1.93,104,7.1,3,5,4,38,262,4
2039,36,Female,Student,4.71,20,5.35,4,4,5,118,229,4
2040,38,Female,Student,4.81,6,5.06,3,4,1,13,271,7
2041,32,Female,Designer,3.22,26,8.6,3,6,3,74,263,7
2042,42,Female,Teacher,2.68,92,6.47,2,2,1,109,175,6
2043,48,Male,Engineer,5.85,32,4.02,2,9,3,110,140,5
2044,29,Female,Doctor,4.02,69,8.91,5,5,1,74,213,6
2045,33,Female,Student,5.48,54,5.33,2,3,4,61,244,7
2046,54,Female,Designer,7.99,102,6.8,7,5,1,6,156,7
2047,49,Female,Teacher,9.11,96,7.16,3,7,4,91,28,7
2048,52,Female,Business,6.29,49,7.61,4,1,5,1,33,6
2049,58,Female,Business,9.43,91,5.35,6,2,4,15,236,4
2050,59,Male,Business,3.13,80,7.83,9,9,1,21,135,5
2051,34,Female,Designer,1.61,17,7.52,6,1,0,61,225,9
2052,39,Male,Engineer,7.02,107,6.73,3,7,0,93,276,1
2053,28,Female,Engineer,2.71,114,5.75,6,8,2,79,115,6
2054,44,Male,Designer,8.5,57,8.83,5,6,1,82,208,3
2055,45,Male,Student,5.64,10,8.93,4,1,4,94,68,4
2056,24,Male,Teacher,1.44,95,8.56,9,4,0,63,225,9
2057,41,Female,Teacher,9.13,11,5.08,3,7,2,93,62,4
2058,34,Male,Designer,6.99,50,5.09,9,8,2,56,168,5
2059,56,Male,Designer,7.85,44,8.54,7,6,0,33,189,1
2060,36,Female,Student,1.39,98,7.58,3,3,4,65,49,2
2061,30,Male,Student,4.19,78,8.97,2,6,0,26,263,7
2062,41,Female,Business,1.8,105,7.99,5,5,4,105,281,3
2063,35,Female,Engineer,8.5,83,6.94,9,7,3,104,286,2
2064,27,Female,Business,7.44,39,8.07,3,1,1,9,252,3
2065,19,Male,Business,3.74,80,7.44,4,6,0,56,291,4
2066,20,Female,Engineer,3.76,6,7.7,7,5,4,21,169,7
2067,55,Male,Business,9.15,98,6.55,4,3,0,16,230,2
2068,31,Female,Student,5.46,10,5.56,3,5,1,1,209,2
2069,30,Female,Doctor,1.97,108,4.89,2,6,5,22,22,7
2070,53,Male,Engineer,1.77,18,5.15,9,3,0,14,127,5
2071,18,Male,Doctor,1.67,26,7.96,7,7,1,1,155,2
2072,33,Male,Doctor,5.28,89,4.31,3,3,2,72,233,4
2073,48,Female,Designer,7.5,98,6.24,4,5,1,118,211,7
2074,23,Female,Business,6.72,11,4.09,3,4,4,69,175,9
2075,49,Male,Engineer,5.21,78,4.44,9,2,2,71,43,1
2076,37,Male,Designer,1.54,31,5.58,1,2,1,34,196,2
2077,35,Male,Student,1.28,19,8.32,6,6,1,38,108,3
2078,48,Female,Business,9.78,17,7.88,3,2,3,8,226,5
2079,58,Female,Business,5.26,9,7.85,9,3,2,94,136,7
2080,47,Male,Designer,3.93,53,8.19,7,1,1,10,190,8
2081,48,Female,Teacher,1.43,83,6.34,7,2,2,36,228,5
2082,30,Male,Student,9.53,95,4.29,2,8,2,42,212,5
2083,47,Female,Business,2.69,114,4.37,4,1,3,3,113,5
2084,30,Male,Business,4.84,27,4.95,4,2,0,68,110,8
2085,42,Male,Engineer,4.66,75,7.4,7,9,5,64,59,8
2086,27,Female,Designer,6.83,93,8.56,5,9,0,68,218,9
2087,22,Female,Business,1.64,37,4.68,3,4,0,79,244,1
2088,41,Male,Business,6.39,90,7.88,8,9,0,105,230,8
2089,29,Female,Teacher,9.94,99,6.94,7,5,0,116,271,9
2090,58,Female,Business,8.71,78,5.37,8,5,2,12,94,6
2091,41,Female,Teacher,3.79,12,4.29,6,7,5,61,246,8
2092,47,Female,Designer,2.72,90,4.46,4,5,4,112,43,5
2093,55,Female,Engineer,7.95,10,5.88,4,1,4,95,281,2
2094,25,Male,Student,6.08,118,7.68,6,5,5,78,125,6
2095,49,Male,Teacher,5.93,31,7.09,7,2,4,66,68,8
2096,52,Male,Student,3.55,72,6.21,1,3,5,115,276,8
2097,51,Female,Business,4.26,114,4.25,6,2,0,95,212,7
2098,32,Male,Teacher,2.02,55,8.66,4,2,0,56,191,8
2099,44,Female,Student,6.72,30,4.6,6,9,4,110,84,7
2100,22,Female,Designer,6.56,14,7.86,8,9,1,106,23,7
2101,42,Male,Teacher,6.1,60,8.12,7,3,3,33,278,8
2102,53,Male,Engineer,5.39,113,6.19,3,9,3,75,35,3
2103,48,Female,Teacher,4.51,108,5.04,5,5,2,83,77,3
2104,58,Female,Business,6.4,83,5.88,3,5,5,63,24,4
2105,56,Female,Student,8.93,59,8.61,4,5,2,43,287,2
2106,21,Male,Business,2.32,79,4.44,7,8,5,79,240,8
2107,45,Male,Engineer,7.05,48,5.97,2,2,0,50,260,9
2108,43,Female,Business,9.14,110,7.0,1,2,2,63,299,3
2109,59,Male,Student,6.18,117,5.79,2,7,1,46,146,3
2110,42,Male,Designer,6.8,83,7.99,7,7,4,39,68,8
2111,40,Female,Doctor,6.22,44,6.12,2,4,5,52,285,8
2112,38,Female,Student,2.74,65,7.14,6,8,3,0,182,7
2113,58,Female,Doctor,8.56,29,4.16,7,7,5,54,50,4
2114,48,Female,Student,8.92,86,4.96,6,9,2,49,141,1
2115,23,Female,Business,4.87,98,8.97,8,8,3,65,110,8
2116,28,Male,Doctor,8.69,5,4.38,9,9,5,112,261,3
2117,21,Female,Business,4.61,114,6.83,1,4,2,94,159,8
2118,52,Female,Engineer,8.92,14,5.38,4,8,5,28,234,6
2119,22,Male,Designer,9.94,39,5.51,8,1,5,44,103,8
2120,54,Female,Doctor,3.46,72,7.19,5,5,4,14,210,6
2121,19,Male,Engineer,5.72,10,4.66,3,7,4,41,124,8
2122,37,Female,Teacher,1.92,30,6.56,9,4,2,86,207,7
2123,49,Female,Business,7.85,73,6.59,2,8,5,86,160,8
2124,51,Male,Designer,1.16,64,6.37,5,6,4,111,92,8
2125,19,Male,Teacher,7.14,20,6.53,7,5,0,8,207,4
2126,22,Male,Engineer,5.07,91,5.59,5,7,0,14,267,7
2127,19,Female,Teacher,6.15,90,7.46,4,5,1,88,138,2
2128,26,Male,Designer,5.13,61,5.69,9,2,3,75,230,1
2129,41,Female,Teacher,1.57,32,4.94,7,1,5,50,106,7
2130,44,Female,Engineer,8.11,58,7.14,1,4,0,69,46,9
2131,18,Male,Designer,6.6,71,5.56,5,6,0,85,205,2
2132,56,Female,Engineer,9.93,7,7.46,2,2,1,113,42,3
2133,46,Female,Designer,2.06,92,4.5,1,3,4,110,220,2
2134,24,Female,Designer,1.3,57,8.57,4,8,2,16,178,6
2135,57,Male,Student,9.02,97,4.9,1,1,1,79,75,7
2136,59,Male,Doctor,8.87,89,8.95,9,8,0,61,75,8
2137,43,Female,Student,4.84,117,5.21,5,2,3,102,248,7
2138,41,Female,Designer,8.0,60,7.37,1,6,0,108,90,7
2139,27,Male,Business,6.67,59,5.63,5,5,1,111,91,5
2140,55,Male,Teacher,8.37,84,6.39,4,4,0,69,94,2
2141,54,Male,Business,5.78,110,4.98,7,1,1,105,277,3
2142,38,Male,Doctor,6.8,38,7.9,4,2,3,70,247,3
2143,26,Male,Engineer,1.25,26,6.31,4,3,4,79,278,6
2144,26,Male,Doctor,1.93,98,6.73,9,6,2,29,59,3
2145,44,Male,Engineer,8.27,7,8.42,4,8,2,13,139,1
2146,33,Female,Designer,2.01,109,6.02,3,4,3,77,275,3
2147,34,Male,Student,8.97,119,8.8,4,5,1,74,129,2
2148,49,Female,Teacher,5.5,21,8.13,8,2,3,30,211,3
2149,53,Female,Designer,9.98,40,7.84,1,9,5,3,294,8
2150,43,Male,Teacher,4.55,30,8.99,8,1,4,89,183,6
2151,46,Female,Student,5.62,13,4.36,4,2,3,112,35,1
2152,33,Male,Doctor,1.32,114,5.39,2,3,0,11,140,8
2153,39,Male,Doctor,9.88,71,7.88,9,1,0,5,141,5
2154,26,Female,Business,3.48,20,7.57,2,9,3,11,92,6
2155,28,Female,Designer,7.86,28,6.59,4,1,3,84,197,2
2156,51,Male,Doctor,9.85,60,8.63,9,5,0,112,103,7
2157,25,Female,Student,8.03,105,7.01,6,9,5,95,184,8
2158,26,Male,Engineer,6.77,22,5.32,2,3,3,83,209,3
2159,38,Male,Designer,3.31,40,5.62,3,3,0,21,234,7
2160,53,Female,Engineer,8.29,84,7.27,9,1,0,34,227,7
2161,45,Female,Engineer,8.14,60,6.79,1,3,1,74,65,4
2162,28,Male,Designer,4.59,45,6.12,9,7,4,2,84,3
2163,20,Female,Doctor,7.73,77,4.62,2,7,4,3,281,8
2164,31,Male,Doctor,3.49,69,6.25,5,6,2,60,291,3
2165,46,Male,Doctor,9.46,111,8.02,7,8,1,90,257,9
2166,51,Male,Doctor,3.25,33,6.81,3,4,1,30,87,3
2167,34,Male,Doctor,1.62,77,7.1,2,4,2,104,299,3
2168,35,Male,Designer,4.06,71,5.16,5,7,4,55,76,2
2169,37,Male,Teacher,9.08,20,5.79,9,7,1,66,101,4
2170,58,Male,Doctor,6.82,111,7.56,2,1,1,118,233,7
2171,38,Female,Student,8.38,87,5.21,2,3,5,106,267,7
2172,25,Male,Business,9.14,43,7.69,5,3,4,23,245,5
2173,37,Female,Teacher,8.74,59,7.85,2,7,4,72,261,2
2174,20,Male,Designer,3.04,41,6.82,4,2,1,110,51,2
2175,43,Female,Business,4.55,58,6.19,6,2,2,1,31,2
2176,48,Male,Engineer,5.24,58,6.23,5,5,1,95,52,9
2177,46,Female,Doctor,7.85,101,7.28,7,1,3,77,143,7
2178,44,Female,Engineer,8.27,77,8.49,3,4,1,96,162,9
2179,58,Male,Teacher,9.1,35,4.91,2,4,2,91,110,3
2180,21,Male,Business,9.39,35,8.63,7,7,0,4,84,5
2181,53,Male,Doctor,9.53,47,4.66,7,7,5,26,260,6
2182,29,Female,Doctor,8.19,54,4.47,5,8,3,93,249,4
2183,59,Male,Designer,2.69,43,6.03,5,2,1,22,63,9
2184,29,Female,Student,2.47,107,7.1,9,2,3,60,166,9
2185,34,Female,Teacher,6.67,39,5.34,4,8,3,58,52,1
2186,31,Female,Doctor,8.28,88,4.72,7,7,5,109,216,9
2187,23,Male,Teacher,2.42,96,4.8,1,7,3,76,290,9
2188,24,Female,Business,6.95,8,7.74,4,7,1,89,196,7
2189,38,Female,Teacher,5.99,109,8.78,4,6,1,30,151,9
2190,56,Female,Designer,4.4,112,8.82,4,8,2,94,219,7
2191,47,Male,Doctor,3.77,48,4.57,4,9,0,84,100,5
2192,33,Male,Business,5.2,43,8.44,1,7,1,37,279,9
2193,37,Male,Engineer,2.98,75,7.45,3,3,2,102,171,8
2194,27,Male,Designer,2.27,111,5.64,5,3,5,91,191,2
2195,20,Male,Engineer,8.2,97,8.93,7,5,2,99,279,6
2196,46,Male,Doctor,3.13,11,6.31,1,8,3,81,296,3
2197,54,Male,Designer,1.44,44,5.0,5,4,2,16,126,5
2198,21,Male,Student,2.4,115,5.56,4,3,0,107,247,9
2199,53,Male,Student,3.46,51,4.06,1,2,4,47,31,4
2200,22,Male,Engineer,5.08,26,7.01,3,5,5,112,261,5
2201,51,Female,Teacher,8.41,93,8.1,7,1,1,89,133,2
2202,19,Female,Doctor,4.64,68,4.44,2,4,5,64,261,2
2203,56,Female,Engineer,1.79,25,5.87,6,9,3,78,109,3
2204,31,Male,Business,5.92,33,7.61,8,7,1,51,202,9
2205,52,Male,Designer,5.48,11,6.81,6,9,4,40,138,8
2206,33,Female,Student,2.84,98,7.7,8,4,4,17,257,5
2207,31,Male,Student,3.97,6,8.69,9,3,1,70,189,1
2208,51,Male,Engineer,4.15,8,8.23,3,8,3,56,136,9
2209,46,Male,Business,6.87,14,8.96,1,8,1,92,278,6
2210,21,Female,Teacher,6.99,87,8.55,1,5,5,74,283,4
2211,20,Female,Doctor,1.01,5,4.24,6,7,5,72,79,5
2212,59,Female,Business,9.65,25,8.12,7,9,0,76,61,5
2213,28,Female,Business,2.47,118,8.92,6,3,3,46,122,1
2214,32,Female,Engineer,4.68,33,5.23,4,3,0,44,295,3
2215,34,Male,Student,4.53,9,8.15,9,8,0,5,50,4
2216,55,Female,Student,7.53,73,5.27,7,5,2,20,149,2
2217,42,Male,Designer,2.13,9,5.17,8,5,0,28,271,4
2218,47,Male,Teacher,9.89,79,4.39,6,1,5,26,65,5
2219,40,Female,Doctor,4.45,118,8.08,2,2,5,106,174,4
2220,43,Female,Designer,7.28,35,8.64,6,3,0,40,120,1
2221,39,Female,Designer,5.73,6,7.53,5,2,0,99,145,8
2222,52,Male,Designer,1.74,63,4.49,2,2,2,60,38,2
2223,18,Male,Engineer,1.13,58,7.05,2,5,0,117,151,3
2224,56,Male,Engineer,5.26,82,6.21,2,8,4,64,49,1
2225,20,Female,Doctor,4.59,56,8.34,6,7,3,92,40,3
2226,33,Male,Teacher,5.34,27,4.19,9,9,1,26,91,9
2227,50,Female,Designer,1.65,32,7.2,4,6,5,105,240,6
2228,35,Male,Student,4.5,81,7.32,1,2,0,10,282,4
2229,23,Male,Business,4.38,27,5.84,9,4,3,99,143,1
2230,24,Female,Engineer,4.49,77,4.97,8,2,4,33,162,9
2231,24,Male,Engineer,9.19,35,6.33,1,1,0,44,170,8
2232,57,Female,Business,6.97,17,6.71,3,3,3,110,87,5
2233,31,Male,Business,5.15,11,4.58,7,3,4,105,92,3
2234,20,Female,Teacher,6.82,117,4.94,3,7,1,57,150,1
2235,24,Male,Engineer,4.32,104,4.46,4,6,4,89,104,9
2236,48,Male,Engineer,7.43,39,7.34,4,1,4,109,83,5
2237,57,Female,Doctor,9.09,61,4.32,4,5,5,95,58,6
2238,19,Male,Teacher,8.07,65,6.25,7,7,3,85,99,9
2239,50,Female,Teacher,6.98,40,7.53,3,5,1,72,288,5
2240,24,Female,Teacher,2.38,105,5.72,9,7,5,31,193,1
2241,57,Female,Engineer,7.18,53,4.49,9,3,1,14,35,5
2242,53,Male,Engineer,7.85,10,7.81,5,7,4,96,95,2
2243,27,Male,Business,9.91,68,8.83,8,5,3,54,58,6
2244,25,Female,Engineer,4.5,82,4.94,6,4,1,117,224,7
2245,32,Male,Student,2.54,40,5.41,4,9,1,26,279,1
2246,41,Female,Engineer,7.29,107,4.25,4,2,0,30,266,5
2247,52,Male,Engineer,8.79,74,7.11,4,6,1,55,148,2
2248,34,Female,Student,5.06,112,4.87,4,2,0,65,260,8
2249,25,Female,Engineer,7.83,33,6.49,4,2,3,56,235,8
2250,39,Male,Teacher,8.42,46,6.57,1,2,2,13,266,2
2251,43,Female,Designer,3.68,74,5.58,1,4,3,77,297,1
2252,38,Female,Engineer,5.31,14,5.94,3,7,5,41,240,2
2253,56,Male,Doctor,7.53,24,8.15,2,4,5,38,110,1
2254,26,Male,Engineer,2.01,10,8.05,1,4,4,36,50,8
2255,53,Female,Engineer,2.57,109,8.46,2,1,0,28,217,2
2256,55,Male,Designer,6.04,46,4.22,6,1,0,53,162,7
2257,23,Male,Teacher,1.14,69,4.86,3,3,2,67,167,2
2258,40,Female,Designer,5.63,94,4.59,1,1,5,35,52,8
2259,34,Male,Designer,7.48,80,7.8,8,1,0,78,119,4
2260,27,Female,Designer,5.72,45,8.47,4,5,4,59,142,1
2261,42,Female,Doctor,8.0,6,4.19,4,9,1,35,71,6
2262,43,Male,Business,5.57,96,4.52,6,8,4,108,84,5
2263,42,Female,Teacher,7.31,15,7.24,8,4,5,116,158,2
2264,32,Male,Student,2.67,112,4.52,7,8,0,21,131,5
2265,42,Male,Student,2.87,22,4.28,5,5,4,58,206,5
2266,27,Female,Designer,4.1,112,8.28,6,8,4,13,164,1
2267,58,Male,Student,4.26,7,5.32,7,1,5,98,23,2
2268,52,Male,Designer,8.65,35,6.72,6,8,1,56,81,6
2269,49,Male,Business,1.76,72,8.65,5,3,0,18,237,3
2270,27,Female,Engineer,7.58,33,5.89,8,1,2,54,290,3
2271,45,Female,Engineer,2.39,84,8.35,1,7,4,24,78,2
2272,22,Female,Doctor,3.99,86,7.05,7,3,4,112,175,5
2273,21,Male,Doctor,6.2,78,4.86,8,8,4,0,112,5
2274,54,Female,Engineer,1.55,81,4.53,2,1,0,78,203,1
2275,44,Female,Business,6.18,8,5.18,9,2,5,20,38,5
2276,50,Male,Business,1.18,44,7.75,4,3,4,99,198,2
2277,46,Female,Designer,3.04,29,8.52,1,1,1,107,257,3
2278,40,Female,Designer,3.06,39,6.4,1,5,2,112,136,4
2279,52,Female,Student,6.01,49,7.88,9,8,5,35,52,1
2280,35,Male,Teacher,5.77,97,6.24,2,2,4,23,186,7
2281,37,Female,Teacher,2.06,114,8.71,3,4,3,83,83,1
2282,43,Male,Designer,8.71,21,4.47,6,2,1,81,113,3
2283,34,Male,Designer,5.3,65,8.9,3,5,2,44,215,8
2284,53,Female,Business,5.58,49,8.7,2,5,5,18,98,1
2285,50,Male,Designer,6.18,107,4.25,6,3,0,21,181,3
2286,28,Male,Student,5.72,34,8.72,8,4,4,115,113,3
2287,45,Female,Teacher,9.86,100,8.05,1,7,0,25,142,9
2288,33,Female,Student,2.39,96,6.48,6,2,4,12,270,6
2289,33,Female,Student,2.49,24,5.68,7,8,3,4,117,5
2290,32,Male,Teacher,4.53,86,4.99,3,8,0,17,22,3
2291,56,Male,Engineer,9.79,91,7.39,6,5,3,41,262,8
2292,22,Male,Designer,1.5,36,6.03,7,4,5,1,159,1
2293,57,Female,Business,3.35,82,7.67,7,4,4,18,277,8
2294,22,Male,Designer,8.13,99,4.76,5,7,2,21,177,5
2295,42,Female,Engineer,2.35,90,8.26,5,5,2,55,221,8
2296,56,Male,Engineer,1.77,31,5.11,6,6,0,82,99,8
2297,29,Female,Doctor,9.21,30,5.67,7,5,1,10,76,1
2298,22,Female,Teacher,4.22,69,6.62,1,4,4,43,258,1
2299,57,Male,Engineer,6.75,110,6.85,5,1,5,71,135,7
2300,53,Female,Designer,2.42,36,8.99,9,1,4,66,89,3
2301,35,Male,Designer,4.77,109,6.37,7,4,4,17,87,5
2302,24,Male,Designer,9.15,30,6.17,3,5,0,115,53,4
2303,20,Female,Student,8.41,93,6.84,1,1,0,46,57,5
2304,55,Male,Teacher,1.22,74,6.63,7,1,3,6,224,6
2305,21,Male,Student,7.85,44,5.21,2,2,2,35,45,5
2306,28,Female,Doctor,7.09,107,4.09,5,9,4,38,269,8
2307,50,Female,Doctor,2.99,50,7.08,7,2,3,117,284,8
2308,38,Male,Teacher,6.12,92,6.02,2,4,1,102,98,1
2309,36,Male,Student,3.21,85,5.22,8,8,2,93,115,7
2310,26,Male,Designer,3.06,83,6.63,5,2,2,85,279,5
2311,22,Male,Business,4.17,15,7.78,2,2,3,60,262,8
2312,46,Female,Business,9.45,9,7.76,2,5,0,39,95,4
2313,23,Male,Engineer,1.78,49,7.64,3,8,2,106,85,5
2314,51,Female,Designer,9.32,119,8.0,5,1,1,56,22,8
2315,18,Male,Student,4.77,6,6.68,8,2,0,55,22,9
2316,55,Male,Teacher,4.58,73,6.49,4,5,4,109,111,5
2317,41,Female,Student,1.65,12,5.35,6,9,3,74,253,1
2318,46,Female,Business,8.68,102,8.32,8,8,1,94,178,6
2319,33,Male,Doctor,5.51,108,7.01,8,3,2,68,141,8
2320,34,Male,Designer,6.91,59,4.45,4,9,0,14,100,3
2321,43,Female,Business,9.52,28,4.89,6,9,4,22,204,6
2322,21,Female,Designer,1.8,97,5.03,5,1,2,88,169,3
2323,33,Female,Teacher,1.4,101,8.02,1,9,3,44,198,6
2324,43,Male,Designer,3.21,69,5.77,1,7,2,56,203,3
2325,56,Male,Student,8.58,62,6.75,7,3,0,17,282,8
2326,47,Female,Engineer,6.4,42,5.35,7,5,3,98,254,3
2327,47,Female,Engineer,2.99,81,8.19,1,7,4,60,80,1
2328,58,Male,Designer,9.74,63,6.51,4,5,4,102,254,4
2329,42,Female,Engineer,5.3,18,6.42,9,7,4,89,200,3
2330,37,Female,Business,6.47,118,5.12,7,4,2,29,83,4
2331,46,Female,Doctor,4.67,16,7.14,5,6,1,5,80,5
2332,55,Male,Teacher,4.95,28,8.91,5,9,3,102,225,2
2333,34,Female,Business,9.39,36,6.1,1,9,4,20,50,7
2334,22,Male,Teacher,5.23,113,5.89,8,6,3,14,125,7
2335,48,Female,Business,9.09,54,4.57,5,4,2,18,105,5
2336,52,Female,Student,3.31,17,4.09,6,7,3,17,27,3
2337,31,Male,Doctor,8.54,101,5.84,1,8,1,90,207,4
2338,36,Male,Teacher,1.47,62,7.31,2,9,0,1,254,7
2339,21,Male,Teacher,8.18,86,5.11,5,5,4,6,171,3
2340,20,Female,Student,3.98,71,7.02,3,3,5,31,92,6
2341,53,Male,Designer,5.51,18,5.28,6,1,5,66,294,8
2342,27,Female,Designer,8.55,59,5.7,9,9,0,58,197,3
2343,49,Female,Doctor,7.66,47,6.81,6,7,2,46,171,9
2344,52,Female,Engineer,5.9,31,7.44,1,3,4,33,202,7
2345,42,Male,Teacher,4.19,83,7.32,3,6,0,76,64,7
2346,29,Male,Doctor,9.01,91,5.04,8,2,3,16,74,7
2347,33,Female,Designer,8.58,58,4.3,8,3,1,107,297,2
2348,53,Female,Student,4.88,58,7.39,4,4,3,96,164,5
2349,50,Female,Student,4.32,41,4.3,1,5,3,22,137,2
2350,44,Female,Doctor,8.91,13,4.69,6,6,3,71,89,1
2351,53,Female,Engineer,9.76,74,7.21,6,6,3,30,172,2
2352,34,Female,Business,9.26,56,6.24,8,2,4,116,209,2
2353,24,Male,Engineer,3.86,39,4.72,2,6,3,3,176,7
2354,44,Male,Engineer,5.04,91,5.78,9,1,4,95,289,4
2355,51,Male,Doctor,3.23,31,6.8,8,3,0,36,66,2
2356,45,Female,Student,3.92,112,4.31,5,4,0,91,42,4
2357,41,Female,Student,5.66,65,6.16,8,6,5,113,30,3
2358,33,Female,Designer,6.51,18,6.21,5,7,4,78,188,1
2359,46,Male,Designer,7.52,25,4.48,8,1,4,44,42,1
2360,47,Female,Designer,5.2,76,4.66,5,5,0,60,40,7
2361,28,Male,Teacher,9.46,8,6.01,5,2,5,117,60,7
2362,47,Male,Doctor,9.98,21,8.48,2,4,4,33,163,4
2363,45,Female,Student,4.82,56,5.34,3,4,0,28,93,7
2364,38,Male,Doctor,4.56,105,5.84,2,1,1,63,39,7
2365,20,Male,Business,1.3,89,4.1,1,7,2,92,163,5
2366,48,Female,Business,4.03,49,7.05,9,4,1,104,164,8
2367,35,Male,Student,7.33,51,7.26,1,5,2,64,28,2
2368,52,Male,Business,4.13,103,6.28,3,7,1,5,22,3
2369,56,Female,Designer,5.77,50,8.32,1,3,4,74,129,8
2370,49,Male,Designer,9.85,42,6.7,9,7,1,2,249,6
2371,27,Male,Designer,6.44,84,8.93,4,2,0,48,68,1
2372,36,Male,Engineer,3.48,65,4.05,7,4,4,110,141,4
2373,43,Female,Designer,8.58,96,6.21,9,2,0,95,188,2
2374,27,Female,Business,1.67,35,8.75,1,1,5,6,217,5
2375,33,Female,Engineer,7.55,49,7.51,4,4,4,51,227,4
2376,38,Female,Engineer,8.49,55,7.74,8,6,2,106,82,4
2377,34,Male,Engineer,6.99,71,8.42,8,6,2,70,208,3
2378,38,Female,Engineer,9.09,114,7.28,4,5,3,1,74,8
2379,46,Female,Engineer,7.69,56,8.41,7,2,0,1,144,3
2380,34,Male,Engineer,5.05,60,8.96,3,2,0,70,142,1
2381,32,Male,Designer,2.56,23,7.39,6,1,5,105,88,2
2382,24,Female,Designer,4.43,98,7.56,2,9,4,105,120,7
2383,50,Male,Student,6.66,96,8.8,7,5,4,36,96,6
2384,33,Male,Student,6.69,67,8.97,7,3,4,24,41,7
2385,20,Male,Designer,6.08,62,7.02,4,5,3,17,170,8
2386,35,Female,Designer,2.15,108,7.26,5,9,1,96,121,2
2387,24,Male,Designer,9.27,108,7.45,9,3,2,60,236,3
2388,29,Male,Business,1.67,76,5.17,9,9,5,83,41,8
2389,54,Female,Teacher,9.13,9,5.64,8,1,5,23,138,3
2390,48,Male,Designer,1.09,119,8.45,1,6,5,80,287,9
2391,32,Female,Business,2.26,87,8.82,4,5,1,70,247,4
2392,29,Male,Designer,8.25,84,4.51,8,1,4,97,293,3
2393,49,Male,Teacher,2.6,111,4.9,1,8,4,36,126,9
2394,31,Male,Teacher,6.69,77,7.65,3,9,1,49,160,9
2395,27,Male,Designer,5.95,52,7.66,5,4,3,38,134,5
2396,58,Female,Student,2.09,96,8.31,6,8,0,76,56,5
2397,55,Female,Student,3.17,100,6.21,7,1,3,57,146,8
2398,51,Female,Business,5.19,25,5.29,6,3,3,59,233,3
2399,34,Male,Teacher,9.37,113,7.6,9,4,3,101,222,3
2400,58,Male,Business,3.22,15,6.29,6,4,5,7,108,1
2401,35,Male,Business,2.12,57,8.45,1,5,4,75,122,4
2402,23,Male,Designer,1.1,25,8.28,1,9,3,35,124,3
2403,36,Male,Designer,7.38,20,7.98,8,5,2,117,221,3
2404,45,Female,Designer,8.24,75,5.55,7,8,3,43,204,5
2405,48,Male,Engineer,2.15,24,4.96,3,4,2,35,148,4
2406,21,Male,Business,6.45,31,4.32,3,7,0,72,53,6
2407,19,Male,Teacher,1.28,115,4.02,5,4,2,9,155,2
2408,43,Male,Teacher,3.17,63,5.45,6,2,3,44,102,5
2409,24,Male,Doctor,9.7,88,5.3,5,4,0,84,234,4
2410,56,Male,Doctor,2.5,90,7.81,9,7,1,82,196,2
2411,48,Female,Teacher,7.3,80,4.19,4,4,3,25,152,6
2412,30,Female,Teacher,8.39,63,6.7,1,8,4,32,207,5
2413,22,Female,Designer,1.77,119,5.44,8,2,4,53,61,2
2414,40,Female,Student,7.28,86,5.66,4,5,1,18,50,1
2415,49,Female,Business,3.28,118,4.39,1,8,3,35,64,8
2416,54,Female,Engineer,3.57,117,7.71,8,5,1,38,179,1
2417,35,Female,Teacher,1.77,108,6.51,9,9,1,13,92,9
2418,45,Female,Doctor,6.92,31,4.57,3,7,2,75,174,5
2419,35,Female,Engineer,6.79,63,5.81,6,3,3,91,297,2
2420,54,Male,Doctor,3.92,54,4.1,9,8,1,53,32,5
2421,29,Female,Designer,4.52,47,6.45,9,6,5,77,101,6
2422,27,Female,Designer,4.74,57,8.35,9,7,1,31,265,9
2423,25,Female,Student,7.3,56,8.33,3,5,5,23,203,4
2424,32,Male,Business,4.71,101,4.27,5,3,5,32,255,7
2425,33,Female,Engineer,9.8,110,6.3,7,8,0,79,96,3
2426,47,Female,Student,3.04,48,6.38,6,2,2,74,186,2
2427,46,Male,Teacher,8.58,109,6.25,5,3,2,49,176,7
2428,37,Female,Designer,4.82,79,8.12,1,2,3,34,74,6
2429,27,Male,Student,4.94,108,5.63,6,9,2,41,43,9
2430,46,Male,Student,8.4,104,4.48,2,7,1,89,151,4
2431,51,Male,Business,6.73,34,7.95,6,3,0,67,168,5
2432,54,Female,Business,4.35,119,6.12,7,4,3,35,40,4
2433,59,Female,Doctor,7.03,26,8.14,2,9,4,70,58,3
2434,39,Female,Engineer,9.25,38,7.71,4,8,5,109,88,3
2435,26,Male,Business,7.05,105,5.97,1,6,4,50,280,7
2436,19,Male,Student,1.58,103,6.58,6,4,2,34,86,1
2437,34,Male,Engineer,9.7,18,7.21,2,6,0,50,233,8
2438,55,Male,Engineer,1.01,107,8.4,1,4,1,0,151,8
2439,18,Male,Student,7.49,103,8.7,4,5,0,25,245,3
2440,36,Male,Business,3.11,9,8.87,9,7,5,111,237,5
2441,43,Male,Doctor,8.11,22,5.47,4,4,0,66,42,9
2442,42,Male,Designer,3.44,26,5.8,2,9,0,24,61,4
2443,37,Female,Teacher,4.97,44,8.86,4,5,3,12,59,4
2444,21,Female,Doctor,3.11,96,6.64,8,3,3,50,245,4
2445,35,Female,Engineer,2.17,12,4.19,5,9,5,39,217,5
2446,43,Female,Engineer,7.96,110,6.93,5,9,3,111,262,4
2447,26,Male,Business,4.22,6,6.82,5,2,5,12,228,6
2448,58,Female,Business,5.67,35,5.25,5,8,5,67,144,2
2449,34,Female,Teacher,8.51,21,4.06,8,7,4,2,193,9
2450,21,Female,Designer,6.95,55,8.0,7,5,4,26,115,9
2451,36,Female,Student,3.27,108,4.18,5,9,0,94,156,7
2452,20,Female,Designer,9.77,14,4.3,6,3,4,104,107,9
2453,38,Female,Student,5.16,12,4.98,2,2,3,14,96,8
2454,28,Female,Business,1.83,112,6.09,5,2,4,84,205,3
2455,39,Female,Engineer,2.72,6,6.59,9,4,5,84,270,1
2456,54,Female,Doctor,2.33,10,4.44,3,9,4,102,246,7
2457,45,Female,Doctor,9.42,73,7.75,7,1,0,113,32,7
2458,18,Male,Teacher,4.84,56,4.99,9,5,2,108,232,6
2459,39,Male,Designer,5.58,101,4.22,2,6,2,21,52,9
2460,52,Female,Business,7.84,9,6.26,9,7,1,96,220,5
2461,51,Female,Doctor,4.1,71,8.19,6,2,1,79,278,9
2462,42,Male,Doctor,3.94,51,5.2,5,6,5,30,224,3
2463,44,Male,Designer,5.43,62,7.12,9,9,5,60,206,3
2464,48,Female,Student,9.58,80,7.78,9,8,3,103,110,1
2465,51,Male,Doctor,6.13,41,5.42,9,8,5,17,181,7
2466,25,Male,Designer,7.86,15,4.58,8,3,1,2,224,6
2467,35,Male,Designer,1.4,63,7.37,8,2,0,15,275,9
2468,40,Female,Doctor,3.51,53,6.16,4,5,2,106,168,1
2469,21,Female,Business,5.36,110,7.44,3,3,0,62,232,7
2470,55,Male,Doctor,8.82,24,5.76,1,7,1,37,72,3
2471,43,Female,Designer,8.0,105,7.67,9,9,4,55,204,8
2472,19,Female,Doctor,9.47,57,8.65,6,4,0,22,104,1
2473,48,Male,Doctor,9.2,95,7.25,4,6,1,50,75,6
2474,35,Female,Engineer,9.85,96,7.02,9,3,3,88,28,9
2475,49,Male,Doctor,1.5,117,6.91,7,3,0,100,94,6
2476,50,Female,Business,4.24,26,8.93,8,9,2,77,284,9
2477,46,Female,Student,7.81,23,6.58,7,6,3,25,123,2
2478,59,Female,Doctor,3.4,78,6.02,3,1,1,62,131,8
2479,23,Male,Engineer,2.38,104,7.67,6,2,3,84,284,3
2480,57,Female,Student,3.6,46,5.41,6,6,2,53,204,4
2481,29,Female,Student,7.23,13,8.06,8,7,2,64,290,9
2482,37,Male,Business,6.94,57,4.23,5,3,2,23,168,3
2483,41,Female,Student,6.94,11,7.35,6,5,5,81,69,5
2484,53,Male,Teacher,4.19,79,5.65,6,8,1,94,81,7
2485,24,Female,Student,7.35,14,7.19,4,6,0,43,80,6
2486,28,Female,Teacher,7.66,96,6.04,5,1,5,50,285,8
2487,37,Male,Business,6.35,42,4.3,8,7,0,88,216,4
2488,41,Male,Student,7.49,21,8.77,3,4,4,94,43,4
2489,46,Male,Business,1.18,93,5.16,7,5,0,18,291,2
2490,28,Female,Teacher,5.16,39,5.69,7,5,2,110,62,2
2491,24,Male,Teacher,9.25,21,4.76,5,1,1,60,46,7
2492,45,Male,Student,4.47,94,7.81,8,3,2,90,184,1
2493,27,Female,Teacher,6.42,101,8.29,2,1,5,63,119,7
2494,28,Male,Student,9.82,64,4.56,9,4,4,33,123,6
2495,36,Male,Student,3.0,61,4.27,4,8,2,89,135,8
2496,19,Female,Teacher,5.67,7,7.99,1,8,1,92,275,2
2497,45,Male,Business,2.08,96,8.5,2,7,0,97,154,8
2498,55,Female,Student,8.13,59,6.52,7,7,5,47,224,1
2499,58,Female,Designer,6.08,23,4.55,8,4,1,29,75,4
2500,46,Female,Doctor,9.15,88,7.04,6,3,0,43,175,5
2501,43,Male,Doctor,8.97,12,4.74,6,8,2,65,117,2
2502,57,Male,Doctor,9.54,50,8.08,2,1,4,12,23,4
2503,27,Male,Designer,9.04,90,6.34,6,5,2,43,171,6
2504,30,Male,Student,3.25,119,8.93,1,5,4,47,239,7
2505,45,Male,Engineer,6.17,96,8.1,1,8,0,67,288,2
2506,18,Male,Teacher,7.09,43,5.88,6,2,0,98,284,4
2507,26,Male,Business,9.45,9,8.55,3,7,3,17,147,8
2508,58,Female,Business,8.81,28,4.62,8,5,2,65,234,6
2509,40,Female,Teacher,7.5,57,7.05,2,1,3,23,157,5
2510,36,Female,Student,5.69,64,4.79,8,7,5,62,190,1
2511,40,Male,Business,2.99,22,8.94,8,2,1,32,67,3
2512,44,Male,Designer,5.82,32,4.06,4,5,5,61,275,3
2513,25,Female,Student,7.83,15,5.38,7,7,2,97,164,7
2514,36,Female,Engineer,8.36,39,6.44,7,1,4,105,248,4
2515,49,Female,Designer,5.55,58,6.15,8,4,5,9,104,9
2516,34,Male,Business,5.76,93,7.39,4,9,5,38,179,6
2517,28,Female,Engineer,2.6,65,6.73,9,7,3,111,271,1
2518,25,Male,Engineer,5.6,29,7.24,5,7,1,108,58,1
2519,29,Female,Designer,9.71,42,7.36,8,5,5,18,251,2
2520,33,Female,Student,6.83,92,7.39,1,4,3,34,160,4
2521,18,Male,Business,1.95,61,7.23,2,5,5,51,105,7
2522,57,Female,Designer,4.91,9,4.94,4,4,5,90,110,9
2523,20,Female,Designer,6.73,22,7.59,3,5,4,87,91,8
2524,25,Female,Teacher,7.4,8,4.35,2,2,3,51,289,2
2525,49,Male,Doctor,2.98,31,7.85,3,6,3,66,167,9
2526,22,Male,Engineer,8.59,31,6.96,6,3,0,33,104,9
2527,21,Female,Student,4.85,50,4.19,8,2,1,93,178,5
2528,26,Male,Student,7.11,51,7.69,6,9,5,105,26,8
2529,57,Female,Doctor,7.81,89,8.25,9,6,3,92,199,1
2530,50,Male,Engineer,6.06,47,7.6,6,3,5,62,197,7
2531,28,Female,Designer,7.53,77,4.5,1,3,5,73,263,1
2532,47,Male,Teacher,1.99,86,5.66,8,4,5,87,145,5
2533,42,Female,Doctor,7.35,40,8.79,6,5,1,90,143,5
2534,24,Female,Engineer,7.57,115,6.21,1,5,5,67,221,5
2535,37,Female,Student,9.62,43,8.31,8,2,0,119,263,1
2536,58,Male,Student,7.96,98,8.55,6,9,3,95,287,4
2537,26,Female,Doctor,3.42,110,4.2,6,9,3,105,76,5
2538,47,Female,Engineer,2.35,24,6.57,3,3,0,116,248,8
2539,35,Female,Doctor,7.23,82,8.28,9,7,1,19,38,3
2540,28,Female,Student,4.06,47,8.99,6,1,5,5,106,2
2541,51,Female,Engineer,6.86,67,5.28,9,7,0,63,158,9
2542,23,Male,Engineer,8.0,55,5.19,2,4,2,14,163,7
2543,28,Female,Teacher,3.09,39,4.12,7,7,2,77,69,2
2544,32,Female,Teacher,4.01,118,6.48,2,5,0,87,141,8
2545,48,Female,Business,6.72,58,4.3,5,7,2,76,37,8
2546,29,Male,Teacher,1.56,5,6.73,1,4,1,58,47,3
2547,19,Male,Student,9.86,65,5.72,3,8,0,2,105,8
2548,23,Female,Doctor,8.96,107,8.55,6,5,1,38,74,3
2549,57,Male,Student,2.25,20,6.55,7,2,2,67,264,4
2550,29,Female,Teacher,5.7,43,8.78,5,8,3,66,134,8
2551,49,Male,Doctor,6.79,118,5.38,1,7,0,36,141,3
2552,20,Female,Doctor,7.06,105,8.7,3,1,2,1,105,8
2553,28,Female,Doctor,4.52,96,6.1,2,5,1,69,253,2
2554,46,Male,Engineer,7.35,88,7.32,1,3,2,66,96,9
2555,24,Male,Business,1.86,117,4.79,8,4,3,22,134,9
2556,39,Male,Student,4.51,94,6.25,9,9,5,58,181,8
2557,36,Female,Teacher,6.93,24,4.71,1,5,5,20,288,9
2558,54,Male,Teacher,9.68,91,8.63,4,2,5,117,153,4
2559,50,Female,Teacher,7.74,50,4.88,9,9,2,36,181,1
2560,52,Female,Engineer,1.78,112,6.96,3,6,4,56,215,3
2561,29,Male,Designer,2.26,92,5.61,9,6,3,53,136,5
2562,46,Male,Doctor,6.04,108,6.57,6,5,5,18,90,5
2563,38,Female,Designer,5.92,80,7.13,4,3,1,18,122,4
2564,43,Male,Doctor,1.77,84,4.22,7,2,2,64,150,1
2565,30,Male,Business,9.01,72,4.35,7,8,2,69,50,9
2566,39,Female,Teacher,9.87,53,6.26,4,3,1,32,278,3
2567,34,Male,Student,2.23,60,4.01,1,2,5,48,293,8
2568,39,Female,Student,7.52,53,8.29,7,4,0,46,183,4
2569,48,Female,Engineer,1.58,87,8.65,5,7,2,88,47,6
2570,22,Male,Student,2.31,42,5.63,9,7,3,1,87,9
2571,50,Male,Engineer,6.86,113,7.23,8,3,0,109,51,8
2572,23,Male,Doctor,6.07,105,7.79,6,7,0,31,135,1
2573,57,Female,Business,9.34,38,5.17,1,2,2,111,245,4
2574,34,Male,Teacher,1.08,97,5.17,1,8,5,83,30,4
2575,41,Female,Business,4.38,56,5.24,1,9,3,99,98,5
2576,25,Female,Student,5.26,44,4.4,6,5,3,98,207,7
2577,56,Male,Designer,2.46,11,7.48,1,8,3,86,72,8
2578,27,Male,Designer,5.02,65,5.84,8,5,1,23,90,3
2579,18,Male,Designer,4.38,61,6.24,5,5,1,79,225,9
2580,31,Female,Doctor,6.68,86,5.73,6,8,5,12,210,1
2581,52,Male,Doctor,8.23,45,5.15,8,2,1,26,88,7
2582,55,Male,Student,1.99,110,4.48,6,3,5,1,31,9
2583,53,Female,Engineer,8.4,21,8.55,2,1,4,70,84,1
2584,34,Male,Designer,6.45,22,8.57,6,1,3,102,27,5
2585,23,Male,Business,1.72,113,8.05,1,1,0,87,40,8
2586,40,Male,Student,1.92,36,8.88,6,7,4,23,181,3
2587,44,Male,Student,5.18,58,8.77,1,2,3,26,191,2
2588,42,Female,Business,8.5,15,4.31,6,7,3,22,115,2
2589,21,Female,Business,7.26,60,4.56,4,9,3,73,195,5
2590,23,Female,Engineer,8.76,118,5.61,9,2,1,46,193,4
2591,57,Female,Designer,2.02,60,4.26,9,6,2,17,112,2
2592,29,Female,Student,2.55,5,5.27,5,9,3,53,28,4
2593,59,Female,Student,1.71,24,6.51,6,7,5,56,85,3
2594,37,Male,Student,8.65,23,5.22,1,5,1,117,176,2
2595,41,Female,Doctor,3.71,84,5.69,4,3,4,55,126,6
2596,41,Female,Business,3.35,45,4.75,5,1,5,60,254,8
2597,37,Female,Student,4.93,58,7.66,6,3,5,63,255,9
2598,34,Female,Business,1.1,86,8.56,4,2,0,112,255,9
2599,53,Male,Engineer,7.78,40,4.03,5,9,0,35,188,8
2600,58,Female,Business,6.97,81,6.23,1,2,2,26,195,7
2601,45,Male,Engineer,5.83,63,4.92,2,3,5,101,230,6
2602,29,Female,Business,5.04,26,4.87,2,5,1,22,296,6
2603,30,Female,Business,1.88,80,7.55,5,6,2,111,122,4
2604,37,Female,Doctor,1.05,61,5.53,4,1,4,9,117,4
2605,56,Female,Teacher,3.46,68,5.09,7,2,2,101,190,9
2606,29,Female,Doctor,2.27,43,4.14,9,7,3,22,161,9
2607,19,Male,Doctor,9.79,89,8.19,6,1,1,1,186,7
2608,49,Male,Doctor,5.99,15,6.06,4,5,0,26,139,2
2609,35,Female,Engineer,4.57,49,4.17,3,1,2,46,99,4
2610,40,Female,Business,5.44,118,6.33,6,6,2,43,209,4
2611,54,Male,Engineer,1.59,70,4.27,7,4,4,21,43,4
2612,25,Male,Business,9.47,95,5.4,5,6,1,50,228,2
2613,21,Male,Business,8.89,14,5.99,4,8,5,9,222,6
2614,55,Male,Teacher,1.89,84,8.57,8,5,3,64,174,9
2615,45,Male,Engineer,4.59,23,6.16,9,6,4,31,54,3
2616,20,Female,Engineer,3.79,51,4.69,4,1,3,69,205,1
2617,19,Male,Teacher,8.21,112,6.82,3,2,4,9,133,8
2618,23,Female,Engineer,2.7,63,8.86,8,8,0,19,32,7
2619,24,Male,Doctor,6.65,48,7.02,1,5,0,81,191,3
2620,32,Female,Business,9.62,13,8.24,9,2,5,69,291,3
2621,34,Female,Doctor,8.21,99,5.15,9,5,2,7,254,6
2622,42,Male,Student,4.74,99,7.14,6,1,1,36,295,4
2623,42,Male,Designer,7.53,89,4.52,1,1,5,10,225,4
2624,22,Female,Engineer,7.99,88,8.41,1,8,0,114,22,2
2625,40,Female,Designer,9.98,75,4.19,5,7,5,77,265,2
2626,36,Male,Doctor,7.11,18,7.35,8,8,4,66,155,8
2627,57,Male,Student,9.35,56,5.33,3,4,1,50,190,9
2628,44,Male,Student,4.89,23,7.07,7,5,5,20,23,5
2629,33,Female,Engineer,2.12,20,7.76,1,1,1,26,178,5
2630,19,Female,Designer,6.58,117,5.21,8,2,4,13,128,3
2631,48,Female,Student,3.32,43,5.33,5,5,3,111,120,8
2632,48,Male,Student,1.22,48,7.13,2,5,2,39,141,3
2633,31,Female,Student,6.17,51,8.28,8,3,1,99,51,2
2634,46,Male,Business,2.68,113,8.6,3,1,3,106,292,9
2635,35,Male,Teacher,8.31,59,4.31,1,4,3,25,53,5
2636,55,Female,Student,8.7,49,7.09,3,2,1,70,75,9
2637,54,Male,Doctor,2.43,80,7.18,6,9,1,56,32,2
2638,27,Male,Doctor,6.83,29,8.75,1,3,3,18,273,8
2639,57,Female,Doctor,3.47,40,8.25,7,9,3,109,239,1
2640,47,Male,Business,6.9,102,4.04,6,5,0,105,220,8
2641,49,Male,Business,5.4,73,5.87,6,8,1,72,130,9
2642,54,Male,Doctor,6.87,83,7.67,1,6,0,31,296,7
2643,27,Male,Engineer,2.67,115,6.65,8,5,4,100,269,2
2644,48,Female,Student,6.73,45,7.48,7,9,3,10,102,5
2645,42,Female,Designer,7.99,28,7.47,9,8,0,18,87,5
2646,34,Male,Business,9.56,47,8.88,5,7,3,111,50,9
2647,35,Female,Engineer,3.72,66,5.91,5,6,5,112,235,3
2648,50,Male,Teacher,5.9,44,8.04,8,7,2,59,216,4
2649,47,Female,Business,2.37,99,6.45,9,7,2,32,232,9
2650,50,Female,Teacher,3.57,28,8.09,1,7,5,68,188,6
2651,20,Male,Doctor,6.64,42,5.82,6,1,5,107,206,7
2652,20,Female,Doctor,4.04,33,8.8,6,8,1,84,160,1
2653,42,Female,Designer,7.32,116,7.97,9,4,0,100,254,6
2654,38,Male,Doctor,1.6,68,6.29,9,2,4,33,209,4
2655,32,Female,Student,8.4,25,7.97,7,3,2,84,65,9
2656,30,Male,Doctor,4.07,90,6.26,4,1,3,103,86,9
2657,50,Male,Business,3.15,103,7.92,6,1,0,119,146,3
2658,35,Female,Doctor,2.47,43,5.79,4,7,5,59,256,9
2659,43,Female,Doctor,5.3,83,6.49,5,3,5,64,75,7
2660,29,Male,Teacher,9.73,91,5.99,2,8,1,89,167,6
2661,50,Female,Designer,2.39,21,8.83,5,1,2,57,87,2
2662,55,Male,Engineer,6.87,15,6.22,5,5,0,80,217,9
2663,38,Male,Doctor,4.35,46,8.3,9,9,1,62,117,8
2664,36,Female,Student,5.63,11,4.3,4,3,0,70,199,8
2665,48,Male,Engineer,3.18,91,8.95,6,6,5,72,92,1
2666,19,Male,Engineer,1.93,106,8.15,3,2,5,118,189,6
2667,44,Male,Student,5.45,75,4.13,9,2,5,14,76,2
2668,24,Female,Designer,3.79,54,4.55,2,2,5,102,69,6
2669,21,Male,Designer,3.13,47,8.55,5,4,1,77,127,1
2670,24,Female,Business,1.88,67,4.24,2,4,0,13,223,3
2671,59,Male,Teacher,5.42,28,4.09,9,6,4,93,57,9
2672,42,Female,Doctor,8.7,10,4.88,6,4,2,65,177,5
2673,25,Female,Business,3.09,65,4.17,4,9,4,0,289,1
2674,52,Male,Teacher,7.82,95,7.37,7,4,2,46,47,5
2675,39,Female,Designer,2.59,61,6.38,5,2,0,46,123,4
2676,56,Male,Designer,7.53,62,8.43,2,2,4,105,266,5
2677,41,Female,Designer,5.8,62,6.33,5,2,3,87,236,5
2678,53,Female,Student,5.81,59,4.74,9,7,0,56,46,2
2679,34,Male,Teacher,5.06,9,4.48,8,4,0,63,147,1
2680,20,Female,Doctor,7.78,44,7.8,1,9,3,117,238,9
2681,59,Male,Business,5.97,24,5.63,3,3,1,119,152,2
2682,39,Female,Designer,8.37,73,6.54,8,7,3,87,111,7
2683,20,Male,Student,3.12,75,8.17,4,7,2,106,129,2
2684,46,Female,Designer,8.25,88,7.28,6,5,3,30,100,8
2685,59,Female,Designer,9.7,55,4.06,1,8,5,2,292,7
2686,49,Female,Doctor,8.95,21,4.98,8,2,5,110,108,6
2687,56,Male,Teacher,4.94,36,8.79,1,6,3,40,258,2
2688,40,Male,Business,6.18,101,4.61,5,8,4,116,126,2
2689,34,Male,Business,1.05,73,5.72,5,2,4,75,231,6
2690,48,Female,Teacher,6.77,45,6.37,1,5,3,83,71,5
2691,25,Female,Doctor,1.59,52,4.57,9,8,5,39,145,9
2692,53,Male,Engineer,7.53,52,4.86,9,6,4,11,73,5
2693,51,Male,Teacher,4.86,63,7.05,8,3,3,34,39,6
2694,25,Female,Business,9.33,63,7.62,9,5,0,63,28,7
2695,49,Male,Student,1.39,118,6.85,5,5,2,106,157,2
2696,30,Female,Teacher,4.81,49,6.03,4,7,4,113,156,3
2697,25,Male,Designer,8.2,118,7.0,2,9,2,56,272,5
2698,19,Male,Business,4.17,96,4.34,5,2,3,39,75,7
2699,51,Female,Business,2.89,20,8.77,2,2,5,118,106,9
2700,39,Female,Designer,4.31,105,8.77,2,4,4,9,45,9
2701,26,Male,Student,3.29,42,8.13,5,4,1,100,259,7
2702,49,Female,Engineer,1.43,118,7.4,9,1,5,8,264,5
2703,57,Female,Doctor,9.6,21,7.28,1,4,0,105,140,8
2704,44,Male,Designer,8.67,114,5.58,8,8,2,35,282,4
2705,57,Male,Student,8.34,106,8.3,2,3,0,91,236,1
2706,41,Male,Designer,3.6,6,4.02,6,1,3,64,245,3
2707,43,Male,Teacher,6.83,119,5.6,4,9,3,12,67,2
2708,58,Female,Teacher,2.45,84,6.18,5,1,2,22,115,9
2709,49,Male,Teacher,7.95,62,8.46,2,8,1,34,183,6
2710,24,Male,Business,5.08,88,4.55,4,5,2,83,215,6
2711,23,Female,Teacher,8.18,24,4.63,4,2,4,66,150,6
2712,47,Female,Engineer,4.31,90,6.59,1,2,3,13,107,6
2713,51,Male,Designer,4.0,18,7.43,8,1,4,13,115,8
2714,31,Male,Engineer,7.58,57,6.47,3,1,5,41,64,5
2715,44,Male,Doctor,6.79,63,6.57,4,4,1,102,46,7
2716,26,Female,Teacher,1.98,109,4.3,9,6,1,5,205,1
2717,18,Male,Doctor,1.29,23,5.46,3,2,2,92,79,8
2718,19,Male,Designer,2.64,106,5.31,9,2,0,36,233,7
2719,50,Female,Designer,4.81,65,7.58,5,6,3,110,251,6
2720,58,Male,Designer,2.18,46,7.44,8,9,3,42,112,9
2721,41,Female,Engineer,3.63,46,4.43,9,6,5,58,212,7
2722,24,Male,Engineer,7.22,62,7.73,3,4,2,14,92,4
2723,25,Female,Teacher,3.39,90,8.12,1,3,2,74,287,6
2724,20,Female,Designer,4.89,96,8.81,5,5,0,86,83,5
2725,52,Male,Doctor,3.03,8,5.83,9,5,0,102,39,8
2726,50,Female,Business,9.76,108,4.03,5,8,1,2,245,5
2727,48,Female,Designer,7.66,18,4.06,7,3,2,86,27,2
2728,39,Female,Business,9.82,10,4.08,6,9,3,39,48,3
2729,37,Male,Teacher,1.41,27,4.38,8,8,4,24,234,5
2730,40,Male,Student,2.0,90,8.78,1,7,0,45,284,3
2731,19,Male,Student,5.85,9,8.27,1,9,4,0,210,4
2732,51,Female,Engineer,4.58,28,8.71,3,7,3,63,121,7
2733,47,Female,Engineer,6.09,97,7.36,2,6,5,101,222,3
2734,49,Female,Teacher,4.66,90,6.87,3,6,3,31,281,2
2735,54,Female,Business,7.27,83,6.66,8,7,3,84,158,3
2736,45,Male,Designer,2.96,78,7.62,3,5,4,43,149,7
2737,43,Female,Teacher,8.03,22,8.46,9,1,0,97,64,1
2738,47,Female,Doctor,7.37,88,4.14,9,8,2,113,28,8
2739,45,Female,Teacher,9.73,89,5.18,4,1,3,35,262,7
2740,32,Female,Engineer,9.89,37,5.28,8,5,0,78,289,7
2741,19,Male,Doctor,2.95,36,5.28,3,8,2,70,232,7
2742,36,Male,Doctor,7.79,15,7.74,5,1,3,111,96,9
2743,49,Female,Teacher,2.45,54,4.81,1,6,4,69,171,5
2744,39,Female,Doctor,2.21,50,5.93,7,5,0,49,64,6
2745,47,Female,Student,5.47,32,8.64,6,5,5,53,82,9
2746,37,Male,Engineer,2.28,86,5.05,5,1,0,6,284,4
2747,20,Female,Doctor,7.61,75,7.76,6,9,5,9,242,8
2748,47,Female,Doctor,3.29,11,8.52,4,7,5,31,98,5
2749,21,Male,Designer,1.2,85,4.52,3,2,2,64,214,8
2750,29,Male,Designer,4.4,29,8.94,4,2,5,8,252,3
2751,25,Female,Teacher,9.17,16,7.7,1,9,4,50,38,3
2752,49,Female,Teacher,1.51,55,7.26,8,4,1,29,155,6
2753,45,Male,Business,5.37,79,4.92,3,4,3,20,63,5
2754,34,Female,Teacher,9.84,14,5.64,1,8,3,55,68,5
2755,36,Female,Doctor,1.66,98,5.37,1,3,5,54,140,9
2756,20,Male,Designer,4.18,117,5.67,3,4,5,83,282,2
2757,24,Male,Business,5.58,17,4.64,8,3,3,46,291,1
2758,29,Male,Designer,2.93,13,7.58,4,4,5,49,122,6
2759,25,Female,Engineer,9.24,12,5.73,5,3,5,33,65,2
2760,54,Male,Business,2.14,67,5.47,1,4,4,95,203,7
2761,57,Male,Business,3.94,97,5.36,8,7,1,2,233,2
2762,31,Female,Teacher,4.91,6,5.59,7,7,3,32,203,9
2763,22,Male,Student,9.14,71,6.31,5,2,4,100,180,4
2764,28,Female,Student,1.57,90,8.61,9,5,1,47,158,2
2765,26,Female,Teacher,9.82,14,4.36,9,5,3,9,292,6
2766,34,Male,Student,6.84,85,6.13,8,8,1,77,280,5
2767,49,Male,Designer,5.75,38,6.52,7,7,4,49,54,8
2768,35,Female,Doctor,3.23,56,4.17,7,8,2,36,293,9
2769,47,Female,Student,7.08,76,4.65,2,5,5,75,94,2
2770,24,Male,Student,8.87,72,8.03,7,2,0,7,212,2
2771,46,Male,Designer,9.14,118,7.14,5,5,1,83,25,8
2772,57,Male,Engineer,2.4,49,7.08,3,6,5,1,227,1
2773,44,Male,Designer,6.25,41,6.93,7,1,5,59,146,5
2774,49,Female,Business,8.28,11,7.74,7,7,4,66,90,9
2775,44,Female,Doctor,9.71,42,8.57,8,9,0,18,231,8
2776,46,Male,Doctor,6.92,97,5.13,9,7,2,113,28,8
2777,36,Female,Engineer,9.18,17,4.95,8,2,1,73,150,9
2778,24,Male,Student,9.82,85,7.37,3,1,1,90,24,4
2779,59,Female,Business,4.51,118,7.56,3,1,5,37,63,8
2780,30,Male,Designer,1.05,59,4.91,3,4,2,98,294,4
2781,20,Female,Student,4.99,76,5.06,1,6,5,30,231,5
2782,32,Female,Doctor,1.8,38,5.79,2,4,1,50,94,5
2783,40,Female,Teacher,10.0,84,6.16,2,7,0,100,217,5
2784,52,Female,Business,4.73,114,8.3,4,4,0,78,65,6
2785,28,Male,Business,7.54,76,4.76,6,3,4,57,58,4
2786,18,Male,Business,4.71,91,8.14,6,5,3,6,76,3
2787,52,Female,Teacher,7.59,105,7.54,2,4,2,96,207,9
2788,55,Female,Designer,5.97,87,5.04,6,1,2,23,205,5
2789,50,Female,Teacher,2.07,15,6.57,1,5,0,68,266,6
2790,30,Female,Business,4.42,84,8.29,7,2,5,32,133,2
2791,31,Female,Student,5.24,81,4.86,5,2,5,3,279,6
2792,40,Male,Designer,1.26,88,6.94,5,6,2,37,298,1
2793,31,Female,Designer,6.31,62,4.38,4,5,3,80,26,7
2794,19,Female,Engineer,4.42,56,5.9,2,3,5,4,92,9
2795,48,Male,Doctor,5.9,8,5.52,3,3,1,111,132,3
2796,24,Male,Teacher,6.22,26,8.31,2,1,2,13,168,9
2797,43,Female,Engineer,5.77,9,6.88,3,9,5,66,115,1
2798,50,Male,Engineer,3.61,71,5.18,9,2,3,23,208,2
2799,18,Male,Business,5.11,35,8.19,5,9,4,66,255,4
2800,29,Female,Student,6.8,109,5.12,1,7,0,92,28,9
2801,53,Female,Doctor,6.66,6,4.84,5,6,5,5,181,9
2802,58,Male,Doctor,4.88,117,7.46,6,5,1,37,173,5
2803,57,Female,Engineer,8.71,50,7.75,3,8,5,7,153,3
2804,22,Female,Student,4.66,20,4.05,1,6,2,103,247,6
2805,31,Male,Engineer,8.86,31,4.87,9,7,1,17,157,3
2806,56,Male,Teacher,1.82,47,4.6,3,5,3,115,51,1
2807,26,Male,Teacher,7.38,58,4.55,9,5,5,71,258,8
2808,34,Male,Engineer,7.47,82,8.71,5,2,2,70,87,3
2809,57,Male,Teacher,2.07,80,8.41,4,2,1,56,176,7
2810,52,Male,Student,9.6,65,7.06,5,8,3,35,192,1
2811,23,Male,Business,6.91,109,6.48,6,3,2,69,211,1
2812,29,Male,Teacher,9.42,83,4.6,4,9,3,16,20,7
2813,44,Male,Student,2.48,35,7.61,7,9,5,112,80,2
2814,48,Male,Engineer,9.01,6,7.24,5,4,5,58,198,9
2815,22,Male,Teacher,1.76,117,5.35,4,3,5,44,243,7
2816,55,Female,Student,2.32,44,7.36,3,1,4,74,171,1
2817,58,Male,Doctor,1.6,49,5.82,5,9,5,101,48,4
2818,21,Female,Engineer,3.9,37,4.73,9,7,1,5,236,4
2819,36,Female,Designer,2.36,83,8.92,9,6,3,61,124,9
2820,24,Male,Teacher,3.12,118,6.92,9,8,4,46,42,6
2821,28,Male,Student,5.11,17,5.21,1,4,0,95,287,6
2822,41,Female,Teacher,2.76,56,6.4,8,2,5,69,255,6
2823,46,Female,Teacher,6.47,58,8.94,8,1,0,25,217,6
2824,59,Male,Engineer,4.04,71,5.34,4,6,4,74,117,4
2825,36,Male,Doctor,5.38,79,6.0,7,9,0,76,299,4
2826,28,Male,Designer,8.04,87,6.52,3,7,1,77,175,1
2827,40,Male,Student,6.29,119,5.76,1,8,4,56,194,4
2828,55,Female,Business,7.99,69,6.42,8,2,3,53,172,5
2829,56,Male,Doctor,4.08,34,6.9,5,8,0,5,149,3
2830,33,Female,Student,4.09,21,4.18,8,7,0,82,234,8
2831,52,Male,Business,7.4,104,5.1,4,5,3,101,207,9
2832,33,Female,Engineer,1.68,20,6.72,1,8,2,5,130,4
2833,57,Female,Business,2.07,47,4.49,1,9,4,111,126,2
2834,28,Male,Teacher,8.34,69,5.31,6,5,3,6,157,5
2835,29,Male,Designer,2.12,14,4.69,7,7,0,31,115,5
2836,43,Male,Engineer,7.31,91,5.69,7,2,4,53,100,8
2837,46,Female,Designer,9.03,112,7.01,8,4,3,14,61,4
2838,44,Male,Engineer,1.08,39,4.03,2,2,0,100,124,5
2839,33,Female,Student,4.24,77,7.97,3,4,5,90,241,8
2840,39,Male,Business,4.05,19,4.16,5,7,3,72,159,7
2841,27,Female,Engineer,8.72,86,6.64,3,8,5,13,197,3
2842,55,Male,Teacher,7.04,60,6.71,6,5,4,23,289,1
2843,41,Male,Engineer,6.8,109,6.0,4,7,3,26,123,4
2844,25,Male,Teacher,2.59,63,6.04,9,1,0,98,41,5
2845,54,Male,Engineer,3.88,43,5.2,2,2,5,17,222,5
2846,58,Female,Student,3.67,23,6.69,9,8,3,88,133,6
2847,29,Female,Engineer,3.42,83,5.54,2,8,5,70,117,4
2848,18,Female,Engineer,9.55,94,8.61,1,3,1,112,287,3
2849,41,Female,Business,2.91,17,7.07,5,9,4,69,45,5
2850,58,Female,Doctor,4.44,61,4.27,9,3,4,7,267,1
2851,59,Female,Student,9.94,82,7.66,3,8,5,92,188,5
2852,42,Female,Teacher,3.9,29,5.89,8,3,1,104,107,1
2853,19,Male,Engineer,6.37,81,4.21,5,8,3,43,169,3
2854,31,Female,Engineer,1.11,60,4.53,3,5,3,96,238,6
2855,37,Male,Student,9.79,65,5.85,6,1,4,93,146,8
2856,34,Male,Engineer,7.06,56,6.49,6,7,0,41,193,7
2857,38,Male,Business,2.85,18,8.27,4,2,0,102,117,2
2858,19,Female,Doctor,3.57,85,6.31,1,6,1,49,133,8
2859,47,Female,Business,9.41,51,5.23,3,6,4,89,139,9
2860,31,Male,Student,1.81,108,7.23,2,8,4,107,101,5
2861,24,Female,Designer,8.07,100,4.88,8,6,0,94,88,2
2862,32,Female,Student,1.13,66,4.8,6,2,3,23,91,2
2863,23,Female,Designer,7.73,90,6.75,8,2,3,115,31,7
2864,40,Male,Engineer,7.57,26,4.49,2,5,1,86,122,6
2865,41,Male,Designer,1.19,47,4.2,4,1,2,8,132,1
2866,28,Male,Business,5.97,103,8.48,2,7,1,66,50,9
2867,52,Female,Doctor,8.83,41,5.83,9,3,2,103,244,4
2868,59,Female,Teacher,2.95,91,4.44,7,7,4,104,93,6
2869,40,Female,Business,4.4,55,5.41,5,4,2,24,123,4
2870,37,Male,Doctor,5.9,38,7.11,4,7,0,22,124,1
2871,48,Female,Teacher,5.89,116,5.41,1,4,1,111,99,6
2872,38,Female,Student,4.14,41,7.94,8,1,1,39,213,8
2873,42,Male,Engineer,1.15,17,7.19,8,3,0,26,126,9
2874,46,Male,Student,4.17,94,6.29,8,6,3,68,209,8
2875,31,Female,Student,9.0,59,8.45,4,1,3,110,165,5
2876,46,Male,Doctor,1.77,38,5.99,6,7,0,2,168,3
2877,28,Female,Business,6.53,18,6.35,9,4,0,1,110,3
2878,29,Female,Engineer,3.96,52,8.77,7,8,5,102,33,2
2879,37,Male,Student,1.63,18,8.9,2,6,1,94,272,7
2880,47,Male,Teacher,7.5,76,8.66,7,4,2,9,233,5
2881,26,Female,Doctor,2.32,15,5.55,6,2,5,85,23,4
2882,21,Female,Engineer,6.8,11,7.59,8,7,3,67,117,8
2883,36,Female,Engineer,9.31,64,8.54,3,8,2,32,209,9
2884,36,Female,Doctor,5.87,29,8.77,2,5,2,20,295,2
2885,46,Male,Teacher,9.61,6,6.82,3,3,5,70,162,5
2886,52,Female,Designer,7.54,43,4.75,4,5,2,88,120,8
2887,51,Male,Teacher,1.62,40,6.72,4,8,2,18,157,7
2888,43,Female,Teacher,1.41,112,6.6,4,3,5,34,37,2
2889,45,Female,Teacher,7.56,13,6.23,2,3,4,77,194,1
2890,56,Female,Business,5.84,27,8.88,8,3,0,34,108,3
2891,27,Male,Doctor,8.83,101,7.32,6,1,2,119,255,2
2892,43,Male,Engineer,6.41,71,8.84,1,6,3,15,288,5
2893,37,Male,Student,3.7,47,6.79,6,5,4,12,251,2
2894,44,Female,Teacher,1.73,88,4.48,9,6,2,0,251,8
2895,55,Male,Student,8.47,28,6.25,2,3,1,29,283,5
2896,30,Male,Doctor,7.02,88,6.3,8,3,5,80,211,3
2897,36,Female,Business,1.3,34,4.33,2,2,0,119,294,9
2898,32,Female,Designer,4.89,22,8.94,9,4,5,36,81,6
2899,58,Male,Designer,5.57,73,6.38,1,1,3,39,257,4
2900,45,Female,Designer,7.88,58,8.69,8,3,5,41,202,9
2901,28,Male,Designer,3.04,111,5.04,4,4,5,60,242,6
2902,38,Female,Teacher,3.53,103,4.32,8,9,5,48,291,8
2903,49,Male,Doctor,2.22,15,5.02,7,3,2,67,290,3
2904,54,Female,Doctor,6.58,86,8.23,1,7,2,33,67,8
2905,56,Female,Engineer,5.25,102,5.01,3,5,2,11,297,7
2906,42,Male,Doctor,6.11,47,5.69,1,6,3,90,162,5
2907,47,Male,Engineer,1.39,68,6.35,9,2,4,66,236,7
2908,20,Female,Teacher,4.04,69,6.19,9,5,5,99,146,6
2909,31,Female,Designer,2.73,20,6.1,1,9,3,96,272,3
2910,26,Male,Student,7.01,64,7.41,6,5,2,13,181,5
2911,22,Female,Doctor,8.87,44,4.87,1,6,3,61,284,8
2912,56,Female,Engineer,7.34,106,6.14,3,4,5,43,259,6
2913,56,Female,Designer,7.42,93,6.3,1,1,5,101,45,9
2914,57,Male,Teacher,3.17,36,7.21,9,6,1,11,95,2
2915,53,Female,Student,7.01,105,5.23,4,3,2,97,139,5
2916,20,Male,Engineer,2.95,66,4.33,8,7,4,46,35,5
2917,30,Female,Teacher,3.37,117,5.78,1,9,2,79,120,5
2918,43,Male,Engineer,1.79,43,5.53,9,5,0,16,129,1
2919,38,Female,Teacher,5.11,53,6.06,7,8,4,86,274,6
2920,59,Female,Business,9.09,9,7.28,9,6,4,74,168,4
2921,57,Female,Engineer,4.4,111,5.28,2,8,0,117,78,3
2922,28,Male,Business,6.68,47,5.65,4,3,2,70,227,4
2923,54,Male,Teacher,6.43,75,7.77,5,2,4,99,90,1
2924,38,Female,Doctor,7.45,81,4.27,2,1,4,17,23,8
2925,44,Female,Designer,8.08,14,6.36,5,3,0,48,59,4
2926,58,Male,Designer,6.31,51,5.15,4,7,1,4,183,6
2927,28,Male,Business,5.25,48,8.99,9,8,2,79,192,9
2928,52,Female,Doctor,1.15,28,4.58,7,9,4,94,118,6
2929,48,Male,Doctor,4.83,56,6.79,1,6,4,49,232,8
2930,28,Male,Business,7.39,85,7.53,4,1,5,25,220,6
2931,56,Male,Business,4.36,86,8.89,2,7,2,35,39,2
2932,48,Male,Student,8.65,105,4.87,7,9,0,19,240,3
2933,22,Female,Doctor,2.21,82,7.19,8,5,3,62,77,4
2934,38,Female,Teacher,1.61,31,7.16,4,7,2,79,260,8
2935,58,Male,Teacher,5.06,104,7.27,5,6,2,77,199,3
2936,32,Male,Student,9.33,90,6.4,8,5,0,71,104,5
2937,30,Female,Designer,7.16,75,4.41,3,9,3,65,181,8
2938,29,Male,Doctor,8.94,91,5.72,5,1,4,114,146,8
2939,46,Female,Doctor,6.53,91,8.28,3,8,0,109,128,7
2940,27,Male,Engineer,3.51,104,4.69,5,8,2,48,130,3
2941,51,Female,Student,5.25,16,4.1,2,3,4,108,198,8
2942,21,Female,Engineer,5.69,45,8.81,5,9,1,34,166,3
2943,36,Female,Engineer,8.92,52,8.43,1,5,2,6,296,3
2944,24,Female,Teacher,9.18,13,6.39,4,2,3,41,168,5
2945,59,Male,Doctor,4.93,63,5.16,7,6,2,107,95,8
2946,49,Female,Designer,5.57,40,8.01,4,8,5,27,277,7
2947,22,Male,Designer,6.77,63,5.83,4,3,5,23,122,5
2948,51,Male,Engineer,6.72,38,8.95,9,6,3,77,54,5
2949,29,Male,Student,7.72,39,8.03,3,4,1,45,96,5
2950,18,Male,Business,1.63,67,5.05,5,8,0,36,22,5
2951,58,Female,Business,8.93,61,7.66,1,3,5,12,23,9
2952,43,Female,Designer,7.34,73,6.94,2,3,5,84,55,1
2953,26,Male,Engineer,8.78,26,8.74,1,7,0,13,153,5
2954,29,Male,Doctor,9.16,34,5.48,7,5,5,72,164,3
2955,26,Male,Student,1.61,58,7.83,8,8,5,31,225,2
2956,38,Female,Teacher,4.0,61,8.41,3,2,0,114,21,6
2957,38,Female,Doctor,3.72,99,8.51,9,5,0,37,206,8
2958,39,Female,Engineer,3.78,24,5.62,3,4,1,23,257,4
2959,54,Female,Business,8.8,54,6.87,5,5,0,53,30,1
2960,40,Male,Designer,7.88,49,5.84,3,2,0,10,211,5
2961,40,Female,Business,3.38,99,5.77,5,3,2,33,77,1
2962,27,Male,Teacher,3.49,85,5.62,9,2,2,22,130,2
2963,55,Female,Doctor,8.41,18,6.2,4,7,2,19,58,3
2964,40,Male,Student,7.78,43,5.24,5,4,4,35,142,7
2965,55,Female,Doctor,2.53,111,6.85,9,8,5,31,187,3
2966,43,Female,Student,2.55,60,5.98,7,6,2,35,219,4
2967,21,Female,Engineer,6.63,106,6.15,7,3,1,77,279,9
2968,30,Male,Business,7.11,109,6.29,1,5,5,109,203,3
2969,42,Female,Designer,4.41,106,8.96,9,6,0,12,145,6
2970,19,Female,Business,7.06,14,6.67,9,5,4,94,180,5
2971,32,Female,Engineer,2.76,112,6.03,5,5,5,111,59,9
2972,40,Male,Business,7.43,10,6.07,6,9,0,76,296,7
2973,56,Female,Doctor,7.38,110,4.64,8,2,1,42,254,8
2974,32,Female,Doctor,7.89,11,7.31,5,6,4,53,81,4
2975,57,Male,Student,2.08,32,7.9,6,5,0,36,180,7
2976,21,Male,Student,4.2,21,5.12,4,1,4,102,139,4
2977,26,Male,Teacher,3.5,83,6.75,2,2,4,33,128,9
2978,24,Female,Teacher,8.63,17,8.5,7,3,5,42,71,6
2979,28,Female,Student,9.18,93,8.14,3,2,0,8,33,8
2980,50,Female,Engineer,6.36,26,6.27,2,8,5,115,191,5
2981,56,Female,Business,9.58,5,5.21,9,3,1,0,294,2
2982,53,Female,Engineer,4.28,108,6.09,4,6,5,108,81,1
2983,27,Female,Engineer,2.05,48,7.24,2,1,0,41,93,5
2984,33,Male,Student,4.71,113,7.94,4,5,0,73,85,1
2985,24,Female,Engineer,7.09,38,8.21,9,4,1,0,131,4
2986,23,Female,Designer,7.99,7,4.13,9,4,1,112,212,2
2987,18,Female,Student,3.24,93,4.0,8,4,0,9,259,5
2988,21,Female,Designer,5.48,43,4.45,9,2,2,63,263,2
2989,41,Female,Teacher,6.11,114,7.58,3,2,3,75,94,1
2990,39,Male,Doctor,1.11,60,8.29,7,8,1,59,29,9
2991,28,Male,Business,7.03,19,7.35,5,1,1,34,190,9
2992,43,Female,Teacher,6.51,72,4.28,8,7,1,8,39,5
2993,51,Female,Student,8.3,59,6.27,9,4,1,106,224,3
2994,58,Female,Student,5.64,113,5.63,3,9,4,91,89,2
2995,34,Male,Student,1.09,33,4.72,5,8,1,72,94,2
2996,19,Male,Engineer,8.91,26,7.99,4,9,4,64,149,8
2997,56,Female,Teacher,7.64,65,5.54,1,7,0,33,202,9
2998,20,Male,Teacher,6.84,9,6.37,3,7,0,52,105,5
2999,21,Male,Doctor,6.9,71,5.99,2,5,2,35,152,8
3000,57,Male,Business,7.35,68,8.32,3,1,3,73,20,6
3001,27,Male,Doctor,7.63,102,5.22,4,2,5,96,237,4
3002,47,Female,Teacher,5.13,47,7.21,9,5,5,36,266,4
3003,42,Female,Teacher,3.64,25,4.42,1,1,2,11,107,6
3004,21,Male,Student,9.17,98,5.11,1,7,1,12,220,5
3005,42,Male,Business,4.63,53,6.89,6,7,1,115,244,7
3006,44,Male,Teacher,8.3,76,4.3,9,9,3,106,105,7
3007,30,Female,Engineer,4.35,22,6.35,4,6,5,3,105,7
3008,49,Female,Teacher,7.56,41,6.14,2,2,4,63,230,8
3009,44,Female,Designer,6.45,74,8.16,5,2,5,99,278,1
3010,41,Male,Designer,2.28,35,5.22,2,2,1,50,108,4
3011,35,Female,Engineer,4.92,53,8.84,9,1,5,11,97,7
3012,26,Male,Teacher,9.95,93,6.61,3,5,1,26,233,8
3013,46,Male,Student,4.18,101,4.79,5,5,5,44,260,6
3014,45,Female,Designer,9.72,97,4.13,9,8,5,49,292,1
3015,23,Male,Designer,8.89,18,8.39,4,1,0,39,168,6
3016,54,Male,Engineer,3.64,47,7.19,8,3,0,74,121,3
3017,28,Female,Engineer,9.85,86,6.87,2,7,5,45,284,9
3018,34,Male,Designer,2.31,88,7.64,7,1,0,31,53,4
3019,54,Male,Doctor,3.58,107,8.92,4,8,2,38,261,7
3020,43,Male,Teacher,4.81,97,8.91,6,8,4,71,91,6
3021,33,Female,Designer,3.77,54,6.59,2,6,3,39,27,6
3022,58,Female,Teacher,9.57,100,6.12,7,9,4,86,47,1
3023,50,Male,Business,7.1,22,8.57,8,8,3,119,66,3
3024,26,Female,Student,3.35,46,8.83,6,9,1,71,209,4
3025,40,Male,Doctor,5.94,103,6.82,6,8,5,38,174,3
3026,51,Female,Business,3.73,12,6.8,1,2,3,98,47,4
3027,58,Male,Teacher,2.43,62,8.16,3,1,5,69,65,3
3028,47,Male,Engineer,7.57,57,7.76,5,5,2,59,166,1
3029,40,Male,Business,6.94,94,4.04,8,4,0,87,93,5
3030,38,Female,Doctor,6.72,90,5.92,7,2,3,104,206,3
3031,29,Female,Designer,7.1,25,7.32,3,2,4,46,23,8
3032,29,Male,Doctor,6.74,105,6.05,1,9,2,119,203,8
3033,49,Male,Designer,9.48,99,6.01,9,9,0,88,31,1
3034,30,Female,Designer,9.6,116,5.97,3,8,2,101,76,2
3035,25,Female,Teacher,4.02,91,5.45,6,1,5,8,21,2
3036,27,Male,Engineer,4.82,94,7.17,2,1,4,119,52,4
3037,52,Male,Teacher,7.63,6,4.49,2,4,3,108,175,8
3038,52,Female,Doctor,1.79,20,4.55,6,8,5,53,299,2
3039,44,Male,Business,6.95,76,7.23,5,9,4,111,42,8
3040,42,Male,Student,6.93,14,6.81,5,6,1,90,214,5
3041,32,Female,Student,2.22,44,7.81,7,6,3,117,213,8
3042,33,Female,Doctor,8.65,24,8.6,3,7,1,48,252,1
3043,55,Male,Business,8.37,43,4.73,4,6,0,4,192,7
3044,36,Female,Business,7.51,47,7.35,7,8,4,100,107,1
3045,51,Male,Business,8.0,31,6.56,9,1,0,55,287,7
3046,37,Male,Designer,3.73,98,6.37,7,3,4,57,280,1
3047,49,Male,Engineer,6.58,65,7.9,7,2,2,86,136,3
3048,33,Male,Designer,7.21,70,8.57,4,4,5,118,70,2
3049,32,Male,Doctor,4.72,114,4.17,5,8,1,98,207,8
3050,29,Female,Teacher,5.95,41,4.54,9,7,0,110,232,5
3051,50,Female,Designer,6.86,113,8.36,8,5,4,26,154,9
3052,23,Male,Engineer,8.79,7,8.89,2,6,3,70,132,5
3053,31,Female,Student,1.42,29,5.47,8,7,1,77,163,6
3054,26,Female,Engineer,3.87,22,6.55,6,6,2,14,203,5
3055,59,Female,Teacher,7.82,76,6.75,6,4,1,34,99,7
3056,55,Female,Engineer,4.6,71,7.65,6,2,4,80,44,3
3057,57,Female,Doctor,1.11,107,7.49,4,7,3,59,275,2
3058,22,Male,Designer,9.48,18,8.92,9,7,4,80,74,7
3059,38,Female,Doctor,7.96,65,5.57,7,7,5,38,125,2
3060,34,Male,Doctor,5.67,88,8.06,8,4,5,89,262,3
3061,59,Male,Student,1.17,33,7.61,8,5,0,60,274,8
3062,24,Male,Student,3.72,86,8.94,1,5,5,102,213,7
3063,25,Male,Teacher,6.16,103,6.73,8,4,4,64,283,1
3064,54,Male,Business,3.22,19,7.49,2,3,2,56,48,7
3065,40,Male,Student,9.09,107,5.9,5,2,2,0,187,1
3066,20,Female,Engineer,6.93,29,7.84,2,3,5,21,53,3
3067,49,Female,Designer,5.33,85,5.93,8,4,4,112,237,4
3068,21,Female,Doctor,9.66,42,6.29,2,8,2,37,177,5
3069,36,Female,Designer,6.25,118,5.83,3,3,2,45,142,9
3070,23,Male,Business,1.1,111,6.72,5,3,3,17,211,1
3071,55,Male,Teacher,4.89,63,6.75,5,5,0,31,135,1
3072,41,Female,Designer,4.83,32,6.42,8,2,1,84,298,9
3073,37,Male,Teacher,5.89,86,8.32,7,9,0,68,149,6
3074,35,Female,Engineer,6.99,105,8.4,6,8,2,23,269,8
3075,23,Female,Engineer,6.31,85,7.01,3,9,1,51,192,5
3076,53,Female,Doctor,2.97,72,8.85,9,7,4,18,55,6
3077,45,Male,Engineer,1.77,60,8.62,2,3,3,61,231,3
3078,51,Male,Teacher,8.18,59,7.67,2,1,3,61,206,3
3079,33,Male,Business,1.01,99,6.63,6,1,4,92,119,8
3080,40,Female,Designer,1.62,20,8.02,4,5,4,9,183,1
3081,35,Male,Teacher,5.53,85,8.49,4,2,2,14,271,3
3082,58,Female,Doctor,2.86,57,8.8,5,4,3,23,68,5
3083,52,Male,Doctor,4.96,30,8.69,4,1,5,88,241,8
3084,39,Female,Student,8.13,94,7.94,7,1,2,64,283,4
3085,41,Female,Teacher,1.69,118,6.61,3,8,0,6,273,1
3086,20,Female,Teacher,5.4,5,5.03,3,2,0,73,31,2
3087,57,Female,Teacher,1.3,116,5.37,7,7,5,31,158,2
3088,41,Female,Designer,7.64,82,7.14,8,4,4,115,109,3
3089,47,Male,Business,8.77,98,4.45,3,3,4,105,130,3
3090,38,Female,Doctor,3.3,95,5.98,9,2,5,100,104,5
3091,42,Female,Student,3.71,57,8.58,3,9,5,93,239,8
3092,31,Male,Doctor,7.74,74,7.72,2,5,5,90,73,3
3093,29,Male,Business,2.63,43,6.58,4,2,3,87,145,9
3094,53,Female,Engineer,9.14,17,4.23,5,9,5,95,39,1
3095,19,Male,Engineer,6.49,102,7.48,7,7,4,95,260,9
3096,39,Female,Doctor,7.18,77,7.63,4,6,1,78,90,6
3097,45,Male,Student,3.51,87,7.01,1,7,1,92,175,1
3098,34,Male,Student,8.43,98,5.48,8,4,2,95,87,2
3099,43,Female,Student,8.47,57,5.38,3,1,1,24,141,3
3100,36,Male,Designer,4.01,66,4.86,9,7,2,86,222,2
3101,24,Male,Engineer,4.02,111,8.01,3,6,0,38,225,9
3102,49,Male,Designer,1.2,5,7.39,7,8,1,111,174,1
3103,19,Female,Student,9.0,59,7.97,9,2,5,13,224,2
3104,19,Male,Engineer,2.81,106,8.24,6,6,3,32,61,9
3105,32,Female,Doctor,5.61,90,8.75,1,1,5,29,65,6
3106,18,Female,Student,9.03,87,4.31,2,1,5,12,286,2
3107,25,Male,Engineer,5.28,42,7.87,1,9,3,53,183,2
3108,29,Male,Designer,8.99,49,7.61,7,8,5,35,219,4
3109,23,Male,Student,2.03,109,7.04,7,4,2,18,234,2
3110,35,Female,Student,7.36,81,4.98,6,3,3,57,164,5
3111,49,Female,Teacher,5.49,19,4.51,7,6,5,88,197,6
3112,18,Female,Engineer,6.68,18,8.22,2,7,4,93,63,9
3113,44,Female,Student,7.83,84,7.97,3,1,4,99,287,8
3114,48,Male,Student,4.94,88,4.33,4,4,4,6,98,8
3115,26,Female,Engineer,6.24,89,7.26,9,4,0,3,69,2
3116,22,Male,Business,6.15,103,7.39,7,5,0,11,176,5
3117,39,Female,Teacher,6.84,89,4.78,9,8,0,70,54,7
3118,34,Female,Teacher,7.41,25,5.33,3,1,1,71,220,7
3119,18,Male,Engineer,7.49,60,6.85,3,2,4,64,96,3
3120,49,Female,Student,9.73,79,5.13,9,7,5,67,96,6
3121,24,Male,Engineer,9.38,21,6.61,8,8,4,85,275,3
3122,58,Male,Teacher,7.6,44,6.04,7,8,5,106,255,3
3123,48,Female,Engineer,4.16,91,8.6,4,7,5,26,37,7
3124,51,Male,Student,1.9,26,7.49,2,3,5,71,34,6
3125,49,Male,Designer,5.17,93,6.25,2,5,1,66,49,7
3126,45,Male,Teacher,2.07,38,7.63,1,1,0,62,194,7
3127,57,Male,Teacher,3.46,50,5.76,7,5,4,56,188,8
3128,43,Female,Designer,4.86,109,4.72,5,5,5,28,192,6
3129,26,Female,Business,3.89,69,7.12,4,8,0,114,155,6
3130,23,Female,Student,5.07,106,7.94,5,8,0,113,184,4
3131,43,Female,Student,8.82,12,6.17,5,6,2,68,291,4
3132,26,Male,Student,2.54,53,4.5,9,9,2,92,272,5
3133,46,Female,Teacher,6.66,82,8.24,1,4,5,83,131,4
3134,40,Male,Doctor,8.58,8,6.91,6,5,2,118,190,7
3135,27,Male,Engineer,4.85,74,4.63,2,3,3,68,75,6
3136,45,Female,Student,3.61,65,8.79,9,2,3,65,272,3
3137,59,Male,Designer,8.05,103,6.8,9,2,5,43,168,6
3138,53,Male,Student,3.52,29,5.7,8,7,4,90,162,5
3139,27,Male,Teacher,6.36,107,7.23,2,5,2,32,193,6
3140,19,Male,Engineer,8.52,118,8.69,5,3,0,65,133,6
3141,29,Male,Teacher,5.36,16,7.97,4,6,1,6,153,6
3142,44,Female,Business,6.11,60,8.89,3,3,0,81,210,9
3143,27,Female,Teacher,6.32,79,5.1,1,8,1,86,185,6
3144,18,Female,Doctor,2.9,15,8.15,2,6,5,69,280,7
3145,38,Male,Student,7.93,56,8.2,5,3,4,13,110,7
3146,28,Female,Doctor,1.48,12,4.22,8,8,1,35,53,4
3147,55,Male,Student,2.64,71,8.96,9,4,3,69,59,2
3148,48,Female,Engineer,9.56,71,4.91,8,7,5,119,67,8
3149,48,Male,Business,6.04,34,4.8,1,5,1,75,40,6
3150,29,Male,Designer,3.78,89,5.71,5,4,3,9,133,9
3151,35,Male,Designer,3.2,36,4.66,5,3,3,27,35,4
3152,32,Female,Business,1.58,25,8.63,5,8,0,15,86,5
3153,53,Female,Student,3.21,21,6.47,7,6,2,81,210,8
3154,40,Female,Designer,2.43,17,7.42,1,5,3,91,168,5
3155,23,Female,Designer,8.81,5,6.09,8,8,3,8,195,6
3156,56,Female,Designer,1.14,31,8.64,2,7,5,58,222,7
3157,46,Male,Designer,6.42,114,4.68,1,7,0,38,184,9
3158,29,Female,Doctor,5.91,77,6.84,3,1,3,110,219,9
3159,45,Female,Doctor,8.98,48,8.43,3,5,2,9,188,7
3160,45,Female,Designer,7.12,95,7.99,6,8,3,119,71,8
3161,27,Female,Business,8.04,77,4.36,7,1,4,47,247,9
3162,19,Male,Student,3.19,113,4.35,2,4,0,105,38,4
3163,48,Male,Student,7.04,76,6.94,6,2,2,116,141,4
3164,28,Female,Teacher,1.25,13,6.18,9,2,5,3,280,1
3165,28,Female,Student,2.08,8,6.24,7,1,4,52,44,6
3166,23,Female,Business,4.33,77,6.95,9,8,4,12,48,3
3167,28,Male,Business,1.48,68,4.56,1,8,4,36,71,7
3168,55,Female,Teacher,3.66,87,8.71,5,8,3,37,223,9
3169,29,Male,Teacher,3.43,24,7.51,3,4,1,83,129,5
3170,29,Male,Designer,4.31,86,7.89,6,8,1,41,159,1
3171,45,Female,Engineer,4.68,13,8.79,9,4,0,69,159,2
3172,47,Female,Student,5.77,105,4.31,7,1,1,46,267,9
3173,18,Female,Designer,1.96,67,7.66,6,4,0,59,114,9
3174,39,Female,Business,7.77,72,5.26,3,2,5,76,38,9
3175,50,Male,Doctor,2.41,55,6.58,7,1,4,55,42,1
3176,18,Female,Designer,9.57,9,6.32,8,4,0,97,224,8
3177,48,Male,Business,3.81,29,8.05,4,3,4,83,93,2
3178,31,Male,Doctor,1.98,91,5.37,1,3,0,59,206,8
3179,50,Female,Doctor,2.54,19,5.74,6,8,4,28,91,9
3180,34,Male,Doctor,5.2,111,5.04,1,7,5,86,101,2
3181,25,Female,Student,2.34,116,7.88,5,2,5,100,170,7
3182,33,Female,Business,7.21,69,7.57,3,6,1,102,210,1
3183,50,Male,Designer,5.67,45,6.25,4,9,5,104,110,4
3184,41,Male,Business,6.2,96,4.32,3,2,5,92,122,1
3185,36,Male,Business,5.46,65,8.86,8,4,1,81,23,5
3186,43,Male,Student,7.95,85,6.83,3,8,0,99,53,8
3187,24,Female,Business,9.53,34,4.56,2,7,2,1,128,1
3188,41,Female,Designer,6.68,33,8.97,2,5,4,41,285,4
3189,23,Male,Engineer,5.55,97,5.31,3,9,3,2,158,5
3190,43,Female,Teacher,2.3,89,7.66,3,1,2,66,207,5
3191,32,Female,Engineer,5.7,92,5.76,9,6,4,18,71,1
3192,39,Female,Student,3.87,113,8.36,6,5,5,40,25,7
3193,53,Female,Business,8.44,74,5.2,7,4,5,50,170,4
3194,52,Female,Teacher,3.1,5,4.77,5,2,5,6,157,4
3195,41,Female,Business,7.36,96,8.35,8,8,3,4,114,6
3196,45,Female,Business,4.22,21,4.68,3,8,0,15,112,9
3197,38,Male,Teacher,8.03,95,4.36,3,2,2,46,123,4
3198,30,Male,Teacher,1.94,85,6.59,8,8,2,44,209,3
3199,41,Female,Designer,1.63,72,8.02,6,8,1,83,283,2
3200,42,Female,Student,6.42,80,8.95,6,1,3,49,114,6
3201,30,Male,Teacher,3.41,75,7.63,9,2,2,1,284,9
3202,38,Male,Student,7.06,10,8.09,7,2,1,90,23,2
3203,34,Male,Teacher,3.54,72,5.11,6,5,1,28,137,9
3204,50,Female,Student,7.43,99,4.63,1,5,1,106,278,2
3205,20,Female,Engineer,4.46,62,4.49,3,3,3,49,115,2
3206,43,Male,Engineer,2.16,47,4.46,9,1,3,33,151,8
3207,18,Male,Student,7.65,40,6.36,5,7,3,19,149,3
3208,31,Male,Designer,4.34,41,4.14,4,8,0,45,129,6
3209,55,Female,Designer,3.76,31,7.22,9,7,2,40,225,6
3210,36,Male,Designer,2.09,105,7.65,4,7,0,20,143,9
3211,42,Female,Teacher,3.07,43,5.92,7,2,1,45,169,4
3212,45,Female,Designer,5.0,29,5.53,7,7,0,11,240,5
3213,50,Female,Designer,9.49,44,7.23,7,8,2,12,161,8
3214,59,Male,Business,3.49,36,4.3,2,2,1,31,261,7
3215,41,Female,Designer,8.45,90,7.24,3,9,3,20,151,1
3216,39,Male,Business,7.99,63,4.82,5,8,0,36,295,9
3217,32,Female,Teacher,5.96,62,4.53,3,6,1,85,208,5
3218,27,Male,Doctor,2.61,98,5.28,9,6,5,4,127,5
3219,47,Female,Designer,2.31,102,7.01,6,8,0,95,168,3
3220,27,Male,Doctor,5.23,20,6.22,3,8,1,43,22,3
3221,55,Female,Doctor,9.08,101,4.87,3,8,4,101,27,5
3222,52,Male,Designer,9.26,26,5.25,3,7,5,81,239,4
3223,52,Male,Doctor,4.56,86,5.83,9,2,2,45,287,5
3224,35,Male,Teacher,1.44,117,6.58,5,9,2,38,115,6
3225,57,Male,Student,3.1,49,4.05,3,9,2,109,259,6
3226,48,Male,Student,7.37,83,8.03,9,8,1,7,177,9
3227,33,Male,Engineer,3.33,19,6.54,3,8,1,23,153,9
3228,40,Female,Doctor,5.98,72,6.99,9,8,4,110,259,3
3229,32,Male,Student,8.11,98,4.44,4,6,2,107,92,9
3230,42,Male,Designer,6.23,15,7.85,3,9,1,19,128,7
3231,56,Female,Teacher,2.69,92,4.27,7,9,3,57,61,6
3232,29,Male,Engineer,6.19,58,5.6,7,7,3,63,131,1
3233,39,Female,Engineer,2.0,61,4.6,1,3,1,33,134,2
3234,19,Female,Student,7.62,95,8.14,5,6,5,79,57,3
3235,28,Male,Designer,6.3,75,8.91,5,4,3,84,198,3
3236,58,Female,Engineer,9.69,79,5.14,5,9,3,104,241,3
3237,41,Female,Engineer,6.8,107,4.8,6,1,1,79,288,8
3238,48,Male,Designer,5.71,114,5.6,8,4,4,26,284,5
3239,18,Female,Designer,9.78,98,7.98,4,1,2,56,127,5
3240,44,Male,Engineer,9.43,110,7.84,2,1,2,19,214,4
3241,18,Male,Teacher,8.41,92,6.18,3,1,3,103,41,9
3242,29,Female,Teacher,5.15,34,8.87,1,3,2,65,32,3
3243,53,Male,Teacher,2.43,5,4.3,9,4,3,15,133,6
3244,34,Female,Designer,8.29,43,7.4,6,3,0,63,265,9
3245,31,Male,Business,9.29,83,4.45,8,2,3,35,37,6
3246,25,Male,Designer,5.53,21,4.64,7,6,4,119,221,5
3247,43,Male,Business,7.59,54,6.87,1,3,0,88,57,2
3248,59,Female,Designer,6.52,81,5.38,6,4,0,17,230,8
3249,18,Female,Doctor,4.75,103,8.53,4,5,5,35,211,1
3250,26,Male,Designer,7.14,74,7.26,9,5,5,26,299,8
3251,50,Female,Designer,7.02,67,7.22,1,5,4,95,46,2
3252,42,Male,Business,5.19,97,4.23,3,4,3,85,99,1
3253,46,Male,Doctor,3.83,87,7.66,7,9,1,48,68,6
3254,36,Female,Doctor,3.59,38,6.23,4,8,1,42,270,9
3255,49,Female,Designer,8.39,60,8.13,8,4,0,16,199,1
3256,57,Male,Doctor,6.16,71,6.03,5,3,1,19,38,1
3257,20,Male,Doctor,8.27,43,7.44,3,6,2,14,246,5
3258,58,Female,Engineer,1.31,86,5.59,7,7,5,58,195,2
3259,20,Male,Student,7.58,77,5.02,2,9,5,22,136,8
3260,55,Female,Engineer,8.97,85,5.1,3,9,3,53,227,1
3261,26,Male,Business,5.69,107,6.09,5,2,3,77,242,8
3262,18,Male,Student,3.3,109,4.07,3,1,3,0,188,5
3263,37,Male,Teacher,7.76,108,7.32,9,1,3,49,158,6
3264,31,Male,Student,8.91,35,5.34,5,5,2,56,157,1
3265,50,Male,Teacher,6.13,116,5.72,9,5,2,9,234,5
3266,34,Male,Student,1.35,21,8.0,5,9,3,118,152,8
3267,54,Female,Designer,2.45,66,8.7,8,7,1,0,106,6
3268,27,Male,Business,7.58,98,8.5,9,9,3,61,52,1
3269,59,Female,Business,8.83,17,6.91,8,3,1,45,282,3
3270,41,Female,Designer,1.49,7,8.77,3,4,3,77,226,9
3271,34,Male,Student,8.42,88,6.26,6,7,5,82,257,2
3272,39,Male,Doctor,5.16,100,4.13,6,1,5,60,26,6
3273,24,Male,Designer,3.93,67,6.0,8,3,5,108,96,5
3274,24,Male,Business,4.94,110,8.48,2,9,1,1,117,6
3275,41,Female,Business,4.74,84,5.28,7,3,4,85,232,9
3276,58,Female,Business,2.39,66,7.12,4,4,3,48,114,6
3277,34,Male,Teacher,2.15,62,5.78,7,8,0,7,295,2
3278,38,Female,Business,5.36,11,6.85,6,6,0,53,81,8
3279,33,Female,Business,7.37,11,4.41,4,3,2,30,105,6
3280,48,Male,Doctor,6.27,111,4.26,2,3,0,107,44,5
3281,55,Female,Doctor,4.63,6,4.95,6,8,5,67,93,8
3282,36,Female,Business,5.99,94,8.63,4,8,2,59,87,7
3283,48,Male,Designer,4.81,24,8.52,1,3,3,80,124,1
3284,42,Female,Business,6.2,25,5.75,5,6,1,14,55,5
3285,57,Female,Designer,2.97,68,5.5,5,9,5,58,229,9
3286,36,Male,Engineer,2.44,44,8.12,4,7,5,63,23,8
3287,47,Male,Teacher,6.36,83,5.79,9,7,2,118,97,4
3288,59,Male,Engineer,8.84,61,5.85,4,2,5,111,186,6
3289,52,Female,Engineer,4.68,42,6.83,3,1,5,2,99,7
3290,33,Female,Doctor,1.04,39,6.46,7,6,2,74,248,3
3291,54,Female,Business,8.86,83,8.03,5,2,2,49,219,7
3292,36,Female,Business,8.18,58,7.02,9,4,4,44,220,7
3293,54,Female,Business,7.09,26,7.63,4,2,0,33,140,6
3294,57,Female,Business,2.91,24,4.71,1,5,2,105,216,5
3295,55,Male,Business,3.91,13,4.9,6,6,1,14,276,4
3296,22,Male,Doctor,1.49,99,5.11,6,2,2,45,70,2
3297,55,Female,Student,4.14,96,7.91,5,2,4,28,231,2
3298,31,Female,Business,4.2,17,8.43,2,2,3,42,205,4
3299,33,Female,Teacher,8.87,90,8.94,3,2,0,98,93,4
3300,36,Female,Student,8.07,27,4.5,4,5,0,98,79,2
3301,38,Female,Engineer,1.32,26,5.19,1,4,1,95,249,6
3302,57,Female,Business,4.29,84,8.08,8,9,0,19,271,9
3303,38,Female,Engineer,2.6,36,4.59,8,1,3,29,181,4
3304,41,Female,Student,2.79,73,4.36,9,9,5,112,256,6
3305,48,Female,Designer,8.98,54,4.48,9,8,2,57,124,3
3306,39,Female,Teacher,8.05,9,5.46,5,5,5,63,242,1
3307,51,Male,Doctor,5.19,109,5.86,4,4,4,98,140,3
3308,20,Female,Teacher,7.55,61,4.2,1,4,4,92,152,8
3309,22,Female,Designer,5.93,23,7.58,9,4,1,75,279,8
3310,47,Male,Teacher,4.21,81,4.34,2,8,2,43,144,6
3311,31,Female,Doctor,6.22,39,8.28,5,8,3,112,200,6
3312,27,Male,Doctor,4.63,86,5.83,3,6,4,0,139,1
3313,26,Female,Business,1.81,100,7.53,2,4,4,102,181,4
3314,45,Male,Business,1.82,7,4.88,6,8,4,74,297,3
3315,29,Female,Teacher,5.9,68,5.47,6,1,2,24,293,5
3316,22,Male,Student,4.55,76,7.7,4,9,0,117,136,1
3317,26,Female,Business,9.3,9,5.49,2,4,1,103,215,5
3318,46,Female,Doctor,2.32,13,4.57,7,1,4,70,143,5
3319,40,Male,Designer,1.59,48,7.28,5,4,1,80,294,6
3320,32,Male,Engineer,4.73,103,6.35,8,4,1,11,93,2
3321,48,Female,Engineer,8.47,79,8.52,2,3,3,23,74,1
3322,28,Male,Business,2.81,31,4.76,8,2,5,108,285,5
3323,39,Female,Teacher,1.15,29,7.8,1,8,5,98,166,6
3324,43,Female,Designer,2.52,101,6.86,4,3,4,10,165,9
3325,52,Male,Engineer,3.02,38,8.46,2,8,5,67,94,3
3326,49,Male,Engineer,1.42,16,5.14,6,6,0,116,199,3
3327,18,Female,Engineer,7.64,84,8.14,2,3,5,66,162,4
3328,56,Female,Student,8.67,111,4.96,2,8,4,117,104,9
3329,18,Female,Teacher,6.77,9,5.23,6,8,1,41,169,7
3330,30,Female,Designer,7.49,110,5.46,6,3,0,37,111,6
3331,36,Female,Teacher,2.9,9,8.2,4,9,1,81,183,8
3332,41,Female,Engineer,5.86,54,7.21,4,1,1,38,83,4
3333,29,Male,Engineer,9.41,28,8.88,3,8,5,69,244,9
3334,24,Male,Designer,6.55,8,6.06,1,5,5,74,246,1
3335,52,Female,Engineer,1.11,45,4.92,2,5,0,66,165,1
3336,19,Male,Teacher,4.25,42,8.91,3,3,0,19,253,4
3337,21,Female,Doctor,6.57,100,4.89,3,2,1,63,185,3
3338,33,Female,Teacher,1.1,63,6.86,7,9,3,10,135,9
3339,38,Male,Business,1.66,119,5.5,5,7,1,29,32,3
3340,20,Female,Engineer,2.96,105,5.27,9,2,0,5,219,2
3341,42,Male,Student,8.0,30,5.91,2,4,5,6,23,3
3342,28,Female,Designer,4.01,73,6.0,6,1,2,13,236,5
3343,59,Female,Designer,7.67,10,6.06,5,6,0,110,287,2
3344,36,Female,Designer,9.45,68,5.44,1,4,0,29,124,7
3345,58,Female,Teacher,1.5,26,8.0,3,9,3,98,164,3
3346,32,Male,Engineer,3.3,32,8.57,8,2,5,20,299,9
3347,43,Female,Engineer,8.38,24,4.39,4,5,5,10,113,1
3348,45,Female,Teacher,8.7,113,8.58,2,1,4,47,83,5
3349,50,Male,Student,3.56,50,5.87,6,5,0,53,257,1
3350,54,Male,Student,1.54,37,7.13,8,6,5,18,200,8
3351,36,Female,Business,8.98,92,8.15,5,5,2,107,184,9
3352,34,Male,Business,4.87,58,7.56,9,3,4,83,40,3
3353,41,Female,Doctor,4.72,27,5.16,2,5,4,32,141,9
3354,36,Female,Engineer,7.98,8,5.9,6,8,0,2,32,3
3355,27,Male,Student,8.7,49,6.9,4,9,1,71,37,1
3356,57,Female,Business,1.21,101,6.9,5,2,0,92,42,8
3357,53,Female,Designer,5.19,49,8.26,4,5,0,98,261,7
3358,33,Male,Designer,6.73,83,4.73,3,3,4,117,291,5
3359,59,Male,Business,3.76,71,5.32,6,6,5,55,83,1
3360,24,Female,Business,8.91,88,7.25,7,2,1,62,291,3
3361,43,Female,Engineer,8.27,42,8.57,1,5,0,0,77,2
3362,43,Female,Doctor,1.61,100,8.08,9,4,2,95,146,9
3363,52,Male,Business,1.77,62,8.16,7,8,0,88,98,2
3364,40,Female,Business,8.4,90,7.82,8,7,4,66,199,1
3365,36,Female,Designer,9.95,7,5.0,3,5,4,112,71,3
3366,27,Male,Teacher,7.73,33,5.98,8,3,1,65,220,6
3367,26,Female,Doctor,8.4,7,6.35,5,8,3,66,169,9
3368,37,Male,Teacher,1.42,16,7.62,1,3,0,59,171,5
3369,53,Female,Student,8.8,102,4.58,3,9,2,111,255,5
3370,56,Male,Doctor,9.61,114,5.99,9,4,3,67,49,8
3371,23,Female,Doctor,6.43,75,8.56,6,1,5,110,151,2
3372,56,Female,Teacher,6.78,74,8.99,9,9,4,101,32,4
3373,20,Male,Designer,4.07,7,7.28,2,8,3,3,142,3
3374,33,Female,Designer,3.54,111,7.18,6,9,5,74,109,1
3375,47,Female,Engineer,1.01,115,5.08,6,4,3,13,262,6
3376,32,Male,Teacher,3.59,60,6.32,7,8,2,108,227,9
3377,38,Male,Engineer,5.37,115,4.7,4,6,0,90,23,2
3378,40,Female,Teacher,8.84,100,4.3,4,8,0,47,80,5
3379,47,Male,Business,4.43,45,8.83,8,5,4,34,155,8
3380,20,Female,Business,1.43,8,6.31,7,9,0,45,170,8
3381,36,Female,Engineer,7.35,25,6.27,1,8,5,46,34,2
3382,29,Male,Business,8.02,114,5.21,5,9,3,92,70,1
3383,42,Male,Engineer,7.61,60,7.94,2,6,3,29,260,3
3384,29,Male,Engineer,9.9,45,5.55,7,1,3,44,241,9
3385,21,Female,Engineer,9.29,11,4.72,6,2,5,43,205,2
3386,19,Female,Student,5.03,12,8.47,1,6,0,80,210,2
3387,29,Male,Business,2.31,66,7.3,5,1,3,90,160,2
3388,18,Male,Designer,3.84,17,4.04,9,6,0,24,169,6
3389,22,Male,Student,4.44,21,5.11,2,1,0,86,226,9
3390,49,Male,Student,7.27,90,4.7,3,6,0,50,169,5
3391,36,Male,Engineer,3.44,91,5.34,3,6,3,72,51,5
3392,43,Female,Teacher,8.96,83,5.1,4,6,3,32,131,4
3393,51,Male,Business,5.66,63,6.6,4,3,3,48,230,2
3394,44,Male,Engineer,7.74,76,8.4,9,5,0,107,139,8
3395,41,Female,Business,7.66,45,7.72,6,7,2,104,42,9
3396,22,Female,Business,1.75,104,7.88,4,5,5,117,187,9
3397,24,Male,Student,8.44,58,6.5,6,8,1,84,281,1
3398,26,Female,Student,8.08,84,8.61,7,7,1,93,67,6
3399,48,Female,Doctor,1.18,32,4.18,6,9,5,115,283,6
3400,23,Female,Student,2.43,52,4.87,2,5,1,110,59,3
3401,44,Male,Teacher,1.88,50,4.82,7,4,3,108,226,1
3402,31,Male,Doctor,9.71,39,4.03,3,9,0,5,28,2
3403,52,Male,Student,7.87,102,7.87,3,6,3,56,123,9
3404,57,Female,Engineer,1.91,104,5.75,4,4,1,4,182,1
3405,27,Male,Doctor,2.96,110,6.04,3,4,1,63,147,5
3406,55,Male,Student,6.96,40,8.62,7,7,0,19,184,4
3407,20,Female,Teacher,4.99,13,4.25,7,2,4,81,61,2
3408,37,Female,Teacher,1.77,26,8.97,3,1,2,49,294,6
3409,45,Female,Designer,8.2,97,7.94,4,4,4,31,294,6
3410,23,Male,Student,1.5,83,6.66,7,7,1,37,141,2
3411,41,Male,Doctor,1.89,60,6.82,7,7,2,61,136,6
3412,56,Female,Business,7.72,57,4.67,5,2,5,56,235,6
3413,27,Male,Teacher,8.16,66,6.65,5,6,5,23,111,1
3414,44,Female,Teacher,9.83,116,6.52,3,6,4,40,136,4
3415,48,Female,Doctor,2.52,49,5.03,1,5,5,119,279,5
3416,47,Female,Student,5.23,64,4.46,4,3,5,84,252,9
3417,58,Female,Designer,1.2,67,4.74,7,5,0,80,99,4
3418,42,Male,Engineer,5.34,8,5.36,9,6,4,57,219,3
3419,19,Male,Student,8.69,92,5.93,5,7,3,72,290,2
3420,41,Female,Engineer,1.91,58,6.03,6,9,2,80,207,8
3421,46,Female,Student,4.25,59,8.19,3,1,4,60,47,2
3422,39,Male,Business,4.73,36,6.57,5,3,3,78,204,5
3423,32,Male,Business,6.97,7,4.64,8,5,4,4,46,9
3424,42,Male,Engineer,1.13,107,4.61,6,6,0,33,270,5
3425,22,Male,Teacher,5.55,102,4.93,2,4,5,12,277,6
3426,40,Male,Engineer,2.86,13,4.24,5,5,1,39,132,9
3427,51,Female,Student,5.45,94,5.7,3,2,0,103,271,4
3428,37,Male,Designer,2.14,17,4.28,9,1,3,109,161,4
3429,30,Male,Business,1.01,103,8.3,5,6,4,45,96,4
3430,32,Male,Teacher,8.37,19,6.52,2,3,5,90,246,1
3431,45,Male,Student,2.8,38,8.21,9,1,1,44,148,2
3432,56,Female,Doctor,8.78,117,4.65,1,3,5,90,288,1
3433,54,Male,Engineer,9.12,30,6.68,4,1,4,69,220,2
3434,22,Male,Teacher,7.52,111,4.31,7,4,5,42,297,1
3435,27,Female,Doctor,1.87,14,5.41,7,1,1,3,227,5
3436,33,Male,Student,6.2,83,6.05,2,5,1,116,76,2
3437,29,Male,Designer,2.38,59,4.67,1,1,1,47,94,2
3438,42,Male,Business,8.51,73,6.85,3,6,3,119,164,1
3439,20,Female,Doctor,4.8,20,4.32,2,2,2,69,290,5
3440,23,Male,Doctor,6.61,34,5.53,8,6,5,35,59,2
3441,35,Male,Teacher,4.64,43,5.91,7,7,3,105,112,4
3442,30,Female,Business,7.07,33,5.26,1,1,0,103,198,8
3443,47,Male,Designer,8.78,57,7.74,7,3,1,111,153,6
3444,44,Female,Business,9.59,80,8.86,5,7,3,85,195,2
3445,38,Female,Designer,7.25,51,6.9,1,5,1,68,130,5
3446,34,Female,Doctor,1.08,29,4.21,5,5,2,59,157,6
3447,43,Female,Teacher,3.75,110,5.49,7,3,2,28,156,6
3448,56,Male,Designer,1.33,8,7.06,7,5,3,92,230,6
3449,27,Female,Teacher,3.3,73,8.76,1,1,1,67,247,4
3450,27,Female,Engineer,5.66,65,8.89,6,2,5,113,100,9
3451,18,Female,Designer,1.15,20,8.65,4,6,3,109,235,7
3452,58,Female,Business,7.45,27,7.56,1,1,3,56,185,8
3453,53,Female,Doctor,1.93,64,7.09,5,9,2,19,104,8
3454,56,Male,Student,8.1,13,7.41,7,4,3,114,127,5
3455,25,Male,Business,1.19,72,7.41,4,1,5,107,83,4
3456,24,Female,Engineer,5.74,37,5.59,5,9,1,55,117,7
3457,24,Female,Business,5.88,54,7.48,3,4,3,69,182,2
3458,53,Male,Engineer,4.77,9,6.68,7,1,5,117,209,5
3459,40,Male,Doctor,1.95,63,8.69,4,6,1,19,123,5
3460,34,Male,Student,9.48,80,8.03,9,2,2,70,286,5
3461,40,Male,Student,6.55,29,7.49,9,8,1,76,72,2
3462,22,Male,Business,2.08,79,4.77,9,4,1,54,261,2
3463,41,Female,Designer,2.82,75,4.21,7,4,5,53,194,6
3464,30,Female,Student,2.27,54,4.73,7,9,1,96,246,2
3465,39,Female,Teacher,4.06,43,4.16,4,4,0,65,82,3
3466,59,Male,Business,1.36,76,4.45,2,8,5,15,59,8
3467,39,Male,Business,5.98,52,4.47,5,5,0,32,139,4
3468,18,Female,Designer,1.59,10,6.93,7,7,1,34,21,8
3469,36,Male,Doctor,2.91,92,4.31,8,6,5,55,66,8
3470,24,Female,Engineer,5.43,41,7.62,7,7,5,29,43,8
3471,33,Female,Business,1.52,18,8.21,4,3,4,110,198,9
3472,51,Male,Doctor,6.64,91,8.92,3,7,5,19,276,2
3473,19,Female,Engineer,3.56,61,5.88,7,1,4,26,238,8
3474,48,Male,Business,6.21,11,8.6,3,9,4,18,244,8
3475,21,Male,Business,6.03,30,8.06,8,6,5,67,86,2
3476,43,Female,Doctor,7.77,64,6.37,5,9,2,91,232,7
3477,23,Male,Teacher,1.04,25,4.66,8,8,4,119,286,5
3478,44,Male,Student,8.59,25,6.86,3,1,2,81,217,5
3479,32,Male,Designer,8.97,108,6.31,7,9,0,102,224,2
3480,48,Female,Doctor,9.37,17,4.03,8,3,1,34,122,7
3481,20,Female,Business,3.43,34,8.18,3,2,4,72,105,3
3482,26,Female,Engineer,5.21,108,4.47,6,3,4,101,132,6
3483,55,Female,Student,4.31,27,7.63,9,6,1,45,203,5
3484,18,Male,Doctor,2.09,52,7.38,6,3,4,70,54,9
3485,50,Female,Business,2.65,13,8.64,1,4,5,67,32,7
3486,33,Male,Student,2.18,88,6.69,1,2,0,53,196,7
3487,47,Male,Teacher,5.91,118,4.48,1,9,1,25,40,1
3488,26,Female,Business,4.09,92,4.64,4,2,5,95,183,5
3489,50,Female,Student,3.09,36,7.47,3,3,1,41,152,6
3490,19,Female,Business,2.54,72,8.14,6,8,3,23,177,2
3491,39,Female,Student,8.4,102,8.79,8,9,2,36,102,2
3492,52,Male,Student,7.07,50,6.53,3,3,1,62,110,3
3493,48,Female,Designer,3.81,43,6.25,7,6,2,42,233,4
3494,40,Female,Student,7.86,108,6.55,6,8,4,30,247,2
3495,27,Male,Business,7.56,17,6.04,2,6,1,31,182,5
3496,31,Female,Designer,5.7,78,5.88,5,7,2,114,155,7
3497,58,Male,Business,7.87,7,6.48,8,5,2,102,83,6
3498,36,Male,Teacher,5.42,100,4.79,5,6,1,111,155,4
3499,44,Female,Teacher,6.79,10,8.53,7,2,0,94,155,6
3500,53,Female,Business,6.5,57,8.05,7,4,0,77,252,6
3501,18,Male,Designer,1.78,14,4.5,7,3,0,1,225,3
3502,21,Female,Engineer,3.42,32,6.7,4,3,2,94,276,7
3503,57,Male,Student,5.52,33,6.03,4,4,1,29,144,5
3504,36,Female,Teacher,8.62,63,6.42,5,7,4,62,208,8
3505,29,Female,Engineer,9.98,93,8.32,4,8,3,41,251,1
3506,48,Male,Doctor,6.75,87,6.32,2,9,4,50,116,5
3507,53,Female,Business,4.02,13,8.3,5,6,2,81,41,8
3508,25,Male,Business,5.53,62,6.48,2,6,3,3,175,9
3509,42,Female,Business,2.15,62,5.38,6,9,1,29,139,2
3510,45,Male,Student,5.45,102,4.17,3,3,0,33,172,9
3511,19,Male,Designer,8.73,117,5.64,1,5,5,56,120,6
3512,23,Male,Doctor,2.16,72,5.9,2,1,0,99,242,1
3513,31,Male,Engineer,1.22,20,7.93,3,6,4,42,25,7
3514,19,Male,Student,2.16,58,6.82,1,6,3,17,175,2
3515,25,Female,Teacher,8.51,90,8.61,3,6,5,50,43,8
3516,48,Female,Student,6.64,116,5.36,3,3,3,106,139,9
3517,28,Male,Student,5.63,117,8.59,7,5,5,49,260,9
3518,45,Male,Doctor,3.36,115,4.49,1,6,3,25,53,1
3519,35,Female,Engineer,5.73,71,4.18,3,3,0,10,38,2
3520,56,Female,Student,4.69,58,7.01,9,6,5,9,34,8
3521,30,Male,Student,4.92,38,8.45,1,6,4,85,109,5
3522,54,Female,Engineer,2.06,25,7.11,6,5,3,32,200,6
3523,48,Female,Engineer,6.64,48,4.25,1,1,1,85,243,8
3524,24,Female,Engineer,1.3,85,7.79,4,6,3,28,85,2
3525,43,Male,Teacher,1.25,110,5.24,1,4,5,108,142,9
3526,49,Female,Business,8.32,93,8.01,4,7,2,85,285,6
3527,54,Female,Business,3.88,9,7.18,3,9,1,108,218,2
3528,21,Female,Doctor,4.32,87,8.21,4,2,2,102,264,4
3529,46,Male,Designer,6.54,10,5.07,3,6,4,78,81,3
3530,34,Female,Designer,8.33,39,4.94,4,4,4,100,159,1
3531,24,Male,Business,9.0,31,6.64,3,2,2,49,83,7
3532,47,Male,Teacher,5.61,97,7.05,5,1,1,10,286,9
3533,32,Female,Teacher,7.66,20,6.56,7,4,2,112,104,2
3534,56,Male,Business,6.1,19,7.89,7,7,1,48,244,4
3535,28,Male,Business,1.05,38,6.93,5,5,5,8,103,1
3536,44,Female,Teacher,9.24,66,4.79,6,9,5,96,162,5
3537,31,Male,Doctor,7.44,45,6.31,1,8,1,49,231,9
3538,36,Male,Engineer,2.62,99,6.36,3,1,0,63,191,1
3539,52,Female,Business,6.93,86,6.98,3,4,3,44,267,3
3540,54,Male,Teacher,7.36,42,8.88,9,2,1,53,82,5
3541,55,Male,Doctor,5.66,109,5.88,6,9,2,112,143,3
3542,57,Male,Student,2.67,97,4.28,5,5,5,38,70,7
3543,40,Male,Engineer,9.07,79,5.57,8,1,4,83,259,2
3544,24,Female,Teacher,6.55,38,4.06,9,7,4,32,239,2
3545,33,Female,Student,8.69,107,4.89,5,5,5,115,65,1
3546,51,Male,Student,3.64,65,8.68,2,7,4,90,226,4
3547,40,Female,Teacher,5.89,67,7.56,7,2,1,111,177,8
3548,19,Male,Student,5.48,65,4.04,5,7,0,73,216,8
3549,34,Male,Teacher,9.57,48,8.68,8,4,2,24,58,7
3550,32,Male,Engineer,9.24,94,7.25,8,4,1,66,274,6
3551,20,Male,Business,1.67,96,6.13,3,8,1,118,258,7
3552,26,Male,Engineer,7.81,90,7.39,2,9,2,7,163,6
3553,22,Female,Teacher,9.5,115,8.91,1,7,1,63,123,9
3554,25,Male,Designer,4.91,30,8.83,2,8,5,85,191,3
3555,37,Female,Doctor,9.59,28,7.41,6,4,0,88,86,1
3556,44,Male,Business,1.76,66,7.57,6,8,2,63,42,2
3557,30,Male,Business,6.61,46,7.05,8,5,2,116,184,3
3558,56,Female,Designer,2.71,58,5.72,9,7,2,116,291,7
3559,18,Female,Business,7.82,113,6.51,3,7,4,12,28,5
3560,58,Male,Engineer,1.84,82,8.78,3,5,4,79,141,5
3561,57,Female,Business,4.28,98,7.71,5,1,2,54,195,6
3562,40,Female,Business,7.46,52,5.9,9,6,3,41,152,9
3563,53,Female,Student,4.75,86,5.14,6,8,4,52,98,3
3564,20,Female,Student,6.44,57,6.71,7,4,2,103,205,2
3565,26,Female,Engineer,4.69,113,5.9,5,7,4,53,98,9
3566,21,Female,Teacher,4.48,46,5.31,4,6,5,80,145,5
3567,53,Male,Business,9.23,7,6.19,7,8,5,8,254,3
3568,26,Male,Engineer,5.8,96,8.2,1,5,1,91,221,2
3569,21,Male,Business,7.68,10,8.89,8,6,2,77,35,9
3570,25,Male,Teacher,8.22,8,7.77,7,8,2,60,21,9
3571,41,Female,Designer,4.35,108,4.89,4,3,0,12,93,8
3572,22,Male,Student,3.62,48,6.03,4,6,3,19,77,8
3573,25,Male,Teacher,5.77,52,7.4,7,1,1,23,37,2
3574,45,Male,Business,6.24,58,8.03,9,5,5,26,282,3
3575,47,Male,Student,6.78,84,7.62,5,4,5,95,101,8
3576,56,Male,Business,1.5,80,6.74,1,1,3,68,30,3
3577,59,Female,Business,7.56,20,6.8,4,1,4,12,124,9
3578,31,Male,Designer,6.61,85,7.94,2,4,4,28,95,2
3579,38,Female,Teacher,1.78,46,8.77,3,3,4,92,81,4
3580,52,Female,Business,5.08,17,6.95,7,8,0,57,273,6
3581,55,Female,Designer,4.5,80,7.75,5,6,0,41,69,8
3582,25,Female,Doctor,7.97,99,8.06,7,3,5,85,170,9
3583,36,Male,Doctor,8.87,57,5.26,6,8,3,36,98,8
3584,24,Female,Engineer,5.39,48,8.83,9,5,5,60,167,7
3585,34,Male,Student,2.51,45,7.02,2,6,5,45,74,3
3586,39,Female,Designer,7.53,77,6.57,7,7,2,10,172,9
3587,59,Male,Student,9.6,17,6.47,2,5,2,50,277,4
3588,57,Female,Doctor,8.97,100,6.18,5,1,1,107,133,1
3589,26,Male,Student,6.79,6,4.76,4,7,0,90,99,7
3590,40,Female,Teacher,3.15,91,6.67,2,1,2,16,125,3
3591,53,Female,Engineer,5.62,29,8.72,7,5,5,12,168,5
3592,45,Female,Student,1.3,24,7.25,2,8,3,14,229,3
3593,20,Female,Designer,5.94,14,5.4,3,4,3,7,99,7
3594,18,Male,Business,2.29,63,8.53,7,7,2,114,137,4
3595,21,Male,Teacher,3.42,93,4.06,5,1,5,10,254,7
3596,37,Male,Designer,6.19,7,6.1,5,3,1,44,137,3
3597,48,Male,Teacher,9.2,12,8.9,8,5,4,35,232,7
3598,57,Female,Teacher,6.39,22,5.05,7,4,2,34,228,2
3599,48,Female,Business,5.27,89,5.74,7,6,3,108,231,2
3600,28,Male,Engineer,1.4,93,6.15,4,9,0,18,215,1
3601,23,Female,Designer,8.77,47,5.36,7,3,4,75,232,7
3602,24,Male,Student,5.06,20,8.36,8,4,5,46,164,3
3603,18,Male,Engineer,3.77,8,4.34,5,4,2,48,123,7
3604,46,Female,Designer,8.39,107,6.75,9,3,3,93,201,8
3605,20,Female,Business,3.68,20,6.05,8,6,3,94,58,2
3606,40,Female,Engineer,3.03,84,8.98,5,7,4,19,156,1
3607,46,Female,Engineer,9.83,107,4.94,8,4,3,39,168,4
3608,59,Female,Teacher,3.81,35,6.06,6,6,4,6,233,5
3609,21,Female,Designer,7.88,44,4.74,7,1,2,35,57,6
3610,29,Male,Business,6.24,33,7.95,5,4,0,108,204,8
3611,57,Male,Business,3.72,38,8.34,8,9,0,94,116,1
3612,52,Male,Designer,4.85,48,5.64,2,7,1,33,102,3
3613,18,Female,Designer,5.12,10,8.62,6,4,2,1,88,5
3614,30,Male,Teacher,5.4,85,4.04,1,5,2,39,146,5
3615,53,Female,Student,1.99,86,6.81,9,5,2,15,100,2
3616,24,Male,Teacher,9.05,13,7.07,5,7,5,36,226,6
3617,50,Male,Student,1.01,90,7.62,1,4,2,68,171,9
3618,27,Male,Doctor,3.52,92,7.32,7,1,4,103,92,9
3619,34,Male,Teacher,5.07,13,4.24,2,3,2,119,60,3
3620,21,Female,Designer,9.41,37,4.37,2,4,5,60,190,3
3621,27,Male,Student,7.4,83,4.8,6,5,5,92,255,8
3622,22,Female,Engineer,9.19,19,8.19,9,2,2,69,223,7
3623,30,Male,Student,5.37,9,8.13,3,6,3,52,248,4
3624,45,Male,Engineer,9.36,81,8.9,5,6,0,74,277,2
3625,24,Male,Teacher,1.61,46,5.38,1,9,5,65,151,2
3626,54,Female,Engineer,1.73,18,5.52,1,8,5,105,80,1
3627,50,Female,Business,1.88,46,6.91,9,2,0,49,48,9
3628,46,Female,Teacher,9.17,43,6.57,3,7,1,6,241,2
3629,31,Male,Student,9.2,93,5.11,9,3,3,68,135,1
3630,28,Female,Doctor,8.93,76,8.27,9,5,5,83,72,3
3631,28,Male,Teacher,8.74,46,7.45,4,4,1,56,240,8
3632,37,Female,Student,3.65,107,4.55,3,3,3,66,203,8
3633,46,Female,Doctor,4.78,13,8.82,1,1,3,31,145,2
3634,38,Male,Business,7.43,101,6.3,9,9,4,39,148,5
3635,46,Female,Teacher,5.92,105,5.68,9,2,4,27,270,3
3636,33,Male,Designer,3.44,74,5.59,2,9,1,100,69,7
3637,40,Female,Teacher,9.64,101,7.7,5,1,1,98,283,2
3638,35,Female,Business,8.25,16,4.8,4,6,0,98,65,7
3639,19,Male,Designer,3.59,98,4.27,2,7,4,64,89,2
3640,32,Male,Student,1.3,44,5.79,3,8,3,28,91,5
3641,31,Male,Doctor,7.83,74,7.94,4,7,5,39,140,8
3642,42,Female,Doctor,3.37,31,7.18,2,7,2,11,253,5
3643,23,Male,Doctor,2.23,65,8.01,3,5,1,103,105,7
3644,52,Male,Engineer,7.64,104,7.78,2,2,0,21,229,3
3645,30,Female,Designer,8.94,98,5.59,3,6,0,51,98,7
3646,37,Female,Business,3.12,6,8.28,9,3,0,91,211,9
3647,31,Male,Doctor,4.46,67,5.0,4,6,4,57,44,6
3648,55,Male,Business,8.1,70,7.59,7,3,4,32,257,9
3649,46,Male,Doctor,8.93,72,7.71,7,1,2,40,206,9
3650,42,Male,Business,5.32,103,4.46,6,2,0,71,63,1
3651,56,Male,Engineer,6.79,20,7.06,4,8,4,109,233,7
3652,44,Female,Designer,8.4,62,8.64,6,1,2,117,104,3
3653,22,Male,Student,3.72,107,5.02,4,3,5,1,283,2
3654,26,Female,Doctor,4.76,5,7.31,2,8,4,36,139,1
3655,57,Female,Engineer,1.19,49,4.83,7,7,2,57,155,1
3656,58,Female,Student,6.34,42,4.76,3,7,2,61,113,6
3657,24,Female,Business,4.84,82,7.88,5,4,0,59,278,1
3658,28,Female,Engineer,1.83,89,8.39,2,4,5,57,170,2
3659,38,Female,Student,9.78,11,7.47,5,6,3,78,56,7
3660,35,Male,Engineer,1.06,7,6.58,4,8,2,6,138,2
3661,32,Male,Designer,7.42,65,8.75,4,1,5,81,266,4
3662,24,Male,Designer,3.72,47,4.52,9,5,2,119,161,1
3663,54,Female,Student,5.28,71,4.52,5,4,3,1,228,8
3664,34,Female,Engineer,6.36,74,8.56,6,2,0,68,31,4
3665,40,Female,Teacher,5.8,23,7.25,9,3,4,13,233,5
3666,43,Male,Business,1.92,8,8.5,9,3,4,73,280,5
3667,30,Male,Designer,3.07,65,8.01,2,8,0,99,225,2
3668,57,Female,Teacher,9.67,36,5.58,1,7,5,11,153,5
3669,40,Male,Teacher,2.37,34,8.26,8,8,5,17,89,7
3670,53,Male,Student,2.86,78,4.47,1,6,4,90,202,2
3671,38,Female,Teacher,4.06,20,4.16,5,6,1,62,285,4
3672,30,Female,Engineer,2.18,70,8.04,3,6,3,25,239,2
3673,55,Female,Student,4.55,40,6.81,7,3,3,91,279,7
3674,52,Male,Doctor,1.07,10,7.8,5,8,4,49,264,9
3675,43,Male,Teacher,8.19,8,4.56,4,9,5,71,111,4
3676,47,Female,Business,3.19,48,5.4,7,5,4,34,236,3
3677,25,Male,Teacher,9.54,92,8.33,5,7,3,61,49,3
3678,47,Female,Engineer,5.5,74,5.16,6,1,5,112,194,1
3679,38,Male,Designer,6.75,40,4.01,8,7,1,78,131,9
3680,46,Male,Teacher,3.99,27,5.2,5,2,0,8,51,1
3681,45,Male,Doctor,4.46,23,7.24,2,7,2,13,70,1
3682,37,Female,Engineer,3.69,119,4.39,5,7,2,105,22,7
3683,46,Male,Designer,5.03,57,8.0,4,8,3,102,279,6
3684,53,Female,Teacher,8.08,43,8.72,5,9,2,82,132,8
3685,50,Male,Student,7.88,84,4.99,9,9,4,20,241,2
3686,26,Female,Engineer,1.31,29,6.54,6,6,0,104,37,7
3687,59,Female,Doctor,5.78,113,8.77,2,6,3,7,245,9
3688,42,Female,Designer,5.26,53,6.72,4,4,1,22,83,4
3689,21,Male,Designer,7.28,46,5.14,5,5,0,15,49,4
3690,45,Male,Doctor,7.53,6,6.5,9,8,1,72,160,9
3691,24,Male,Doctor,5.04,64,4.44,6,2,3,111,117,1
3692,55,Male,Business,5.68,8,5.74,7,2,2,66,165,1
3693,21,Female,Teacher,3.33,80,6.56,6,1,5,100,34,3
3694,19,Male,Teacher,7.2,37,4.79,3,1,4,35,197,3
3695,34,Male,Engineer,3.87,38,5.77,6,3,3,115,123,7
3696,48,Female,Designer,2.62,87,8.22,6,7,4,68,271,6
3697,50,Female,Engineer,6.36,6,5.13,3,1,2,57,21,5
3698,43,Female,Doctor,1.45,11,7.98,2,7,5,17,297,9
3699,56,Female,Designer,4.45,104,4.73,5,3,1,82,219,7
3700,22,Female,Business,6.86,74,4.51,9,5,3,37,195,5
3701,26,Female,Engineer,9.2,38,4.5,7,4,3,38,166,8
3702,21,Male,Student,8.68,72,7.16,2,4,5,65,20,8
3703,47,Male,Engineer,1.53,70,6.99,6,2,0,88,266,9
3704,33,Male,Engineer,9.44,91,7.76,9,6,5,48,59,7
3705,36,Female,Engineer,4.01,69,4.61,2,5,4,55,130,5
3706,50,Male,Teacher,7.8,9,6.95,2,6,3,91,163,1
3707,35,Male,Teacher,8.83,94,6.25,4,2,5,70,142,6
3708,53,Male,Engineer,8.5,40,7.52,1,1,1,112,195,4
3709,27,Female,Business,8.46,87,8.33,2,2,1,115,80,7
3710,38,Male,Student,4.44,83,4.56,4,7,2,91,165,6
3711,38,Male,Engineer,7.22,65,8.43,5,9,4,71,291,6
3712,41,Female,Engineer,2.51,66,6.48,4,1,4,57,114,6
3713,27,Female,Designer,5.26,84,5.23,8,6,5,89,71,8
3714,25,Female,Teacher,1.91,70,7.69,1,5,0,114,59,8
3715,50,Male,Designer,9.25,13,6.2,9,9,5,115,208,2
3716,18,Male,Doctor,6.71,107,6.15,4,4,3,26,81,5
3717,36,Female,Teacher,2.87,86,4.18,6,5,0,24,213,1
3718,51,Male,Teacher,1.05,116,8.02,8,4,0,114,283,2
3719,25,Male,Engineer,5.8,19,8.1,1,2,2,102,247,7
3720,35,Male,Designer,9.05,71,7.83,6,1,4,39,117,5
3721,59,Female,Designer,5.67,39,6.18,3,4,0,50,90,3
3722,31,Male,Engineer,5.8,43,5.54,7,8,5,113,162,8
3723,36,Male,Teacher,5.67,117,4.98,4,8,2,25,124,5
3724,36,Male,Engineer,1.95,100,4.92,6,5,3,117,49,6
3725,45,Female,Teacher,8.72,10,6.31,4,5,3,68,242,7
3726,41,Male,Doctor,7.13,51,7.91,2,7,2,30,291,9
3727,51,Male,Business,7.24,82,8.93,9,3,3,7,229,5
3728,57,Male,Student,3.38,19,7.15,8,2,5,64,138,3
3729,33,Male,Engineer,3.21,72,7.06,3,5,5,54,61,3
3730,36,Male,Student,3.36,34,7.08,4,5,2,93,56,2
3731,45,Female,Teacher,8.77,61,8.26,9,1,3,97,131,2
3732,21,Female,Engineer,6.36,21,5.92,7,3,3,47,144,7
3733,44,Female,Student,7.68,28,7.47,1,2,0,32,280,8
3734,56,Male,Designer,5.72,39,4.08,7,6,2,36,148,5
3735,29,Male,Designer,4.03,9,6.04,4,9,4,46,290,8
3736,26,Female,Business,7.02,52,8.34,5,1,3,56,149,5
3737,21,Male,Designer,1.91,38,6.29,3,1,3,90,274,4
3738,31,Female,Doctor,4.83,69,7.36,6,6,0,72,93,4
3739,19,Male,Doctor,4.4,110,7.45,1,7,2,116,274,2
3740,52,Female,Engineer,8.57,79,8.83,2,5,2,90,91,5
3741,58,Male,Student,2.95,94,7.8,8,7,2,119,130,7
3742,25,Male,Teacher,5.21,23,4.28,8,4,5,83,140,3
3743,18,Female,Student,1.31,81,7.64,1,7,5,74,107,8
3744,58,Female,Engineer,1.72,32,7.67,3,8,1,73,177,6
3745,44,Female,Business,3.12,15,5.44,5,8,1,12,78,6
3746,43,Female,Teacher,1.71,95,6.5,1,4,4,100,51,4
3747,33,Female,Doctor,1.47,27,5.24,4,3,5,28,105,4
3748,44,Male,Student,3.38,61,4.59,8,8,4,55,254,7
3749,24,Male,Student,9.81,103,5.06,1,8,0,6,290,3
3750,58,Female,Doctor,8.19,111,5.2,8,6,4,19,251,6
3751,40,Male,Doctor,3.06,59,5.63,4,2,0,0,115,2
3752,21,Female,Doctor,5.6,22,6.8,6,1,1,81,151,3
3753,54,Female,Business,6.34,55,8.66,8,3,2,117,196,3
3754,23,Female,Designer,3.11,86,8.07,2,9,2,21,187,9
3755,44,Female,Designer,5.91,70,6.94,3,4,4,24,35,7
3756,29,Male,Student,4.0,91,8.33,3,3,5,90,48,7
3757,21,Female,Designer,1.16,100,4.24,2,6,5,56,83,5
3758,40,Male,Engineer,3.38,75,4.88,2,3,4,28,57,1
3759,51,Female,Designer,5.89,23,5.25,9,7,1,34,274,1
3760,37,Female,Engineer,1.75,26,4.89,5,8,0,12,37,6
3761,31,Male,Business,4.5,81,4.73,6,7,2,4,33,1
3762,50,Male,Teacher,6.56,102,5.35,7,4,0,79,57,4
3763,56,Female,Student,7.4,111,4.06,4,2,3,39,238,5
3764,36,Female,Engineer,4.36,56,4.51,7,4,3,59,72,5
3765,48,Male,Student,4.38,91,8.81,2,6,1,82,193,9
3766,52,Male,Business,3.04,91,7.99,2,8,5,86,50,2
3767,42,Male,Engineer,7.87,68,7.51,5,7,5,71,266,6
3768,56,Female,Teacher,2.61,12,7.48,2,4,1,90,185,9
3769,34,Female,Teacher,6.44,93,4.75,6,4,3,36,27,7
3770,58,Female,Teacher,8.41,96,4.11,8,3,1,105,262,5
3771,22,Female,Student,8.1,71,4.89,5,4,0,105,114,6
3772,19,Male,Engineer,2.71,56,4.87,2,8,5,77,127,2
3773,32,Male,Designer,3.62,48,5.5,2,4,5,96,123,6
3774,23,Female,Designer,5.78,69,5.64,8,6,4,52,155,7
3775,49,Male,Student,1.71,12,5.65,2,5,4,93,34,1
3776,42,Female,Teacher,2.56,79,5.45,9,4,0,51,95,8
3777,40,Female,Designer,2.52,84,7.71,5,4,3,74,238,9
3778,39,Male,Business,4.42,113,5.96,2,1,0,77,97,6
3779,31,Female,Engineer,8.26,109,7.29,5,8,4,4,146,3
3780,48,Female,Doctor,8.06,54,8.86,4,8,3,45,154,1
3781,28,Male,Student,8.88,83,7.73,4,8,4,101,133,3
3782,28,Male,Student,9.96,89,8.88,5,3,2,85,266,7
3783,57,Male,Doctor,1.01,26,4.62,8,6,3,3,119,7
3784,37,Male,Student,4.01,11,8.72,4,5,4,119,198,8
3785,57,Female,Designer,5.08,55,4.08,7,3,5,80,231,8
3786,39,Male,Designer,6.64,33,5.95,1,5,1,102,192,5
3787,34,Female,Designer,7.09,109,5.34,1,4,4,64,204,5
3788,41,Female,Teacher,8.16,76,6.4,5,7,4,56,49,6
3789,29,Male,Student,3.55,97,8.73,3,5,1,107,43,8
3790,29,Male,Engineer,5.24,31,7.78,9,4,0,100,107,6
3791,40,Male,Teacher,6.45,14,7.87,4,5,1,68,293,9
3792,24,Female,Business,6.08,96,5.35,9,3,5,93,265,2
3793,18,Male,Engineer,2.77,49,4.29,3,9,0,113,182,9
3794,55,Female,Doctor,3.23,63,5.25,3,7,3,73,256,3
3795,25,Female,Designer,7.3,110,5.46,8,1,5,15,151,1
3796,44,Female,Doctor,3.8,107,5.42,7,3,0,52,169,7
3797,31,Female,Designer,8.31,6,8.71,4,4,4,72,126,4
3798,26,Male,Designer,1.69,102,4.13,7,2,3,57,253,3
3799,30,Female,Doctor,9.98,11,4.56,5,4,0,89,189,8
3800,18,Male,Engineer,4.17,59,5.41,8,5,2,51,155,4
3801,31,Male,Business,8.93,62,7.35,6,2,2,96,86,2
3802,20,Male,Business,9.66,46,5.7,1,6,2,3,281,9
3803,47,Male,Engineer,1.57,37,7.12,7,8,2,108,74,8
3804,21,Female,Student,1.74,70,4.08,2,8,3,92,91,7
3805,44,Female,Doctor,5.24,79,6.33,6,3,4,7,258,4
3806,39,Male,Business,4.81,111,8.53,6,4,4,83,77,4
3807,46,Female,Teacher,1.27,113,7.84,3,1,1,95,60,2
3808,45,Male,Doctor,7.76,71,9.0,8,9,3,9,113,9
3809,37,Female,Designer,4.52,24,7.33,9,5,0,50,192,4
3810,45,Male,Business,7.78,23,4.41,1,2,0,45,88,7
3811,38,Female,Teacher,1.03,45,6.9,9,3,1,112,242,8
3812,28,Male,Engineer,7.65,64,4.74,5,3,4,28,190,5
3813,18,Male,Business,6.59,75,7.68,3,4,4,47,155,9
3814,56,Male,Teacher,9.07,12,4.63,4,5,4,30,244,3
3815,55,Female,Designer,1.26,32,5.41,2,4,5,1,263,8
3816,51,Male,Doctor,4.43,83,4.45,4,3,4,8,297,4
3817,37,Female,Student,6.2,104,6.37,6,4,0,2,277,8
3818,28,Female,Doctor,1.32,112,7.09,5,4,3,41,39,1
3819,32,Female,Designer,4.35,6,8.24,9,4,1,35,189,6
3820,27,Male,Teacher,7.65,73,7.99,3,2,1,33,197,3
3821,19,Male,Student,2.3,72,4.68,3,3,5,105,280,5
3822,32,Female,Student,4.55,40,8.81,3,6,3,86,57,2
3823,23,Male,Doctor,8.19,9,5.76,6,7,0,96,275,5
3824,43,Male,Doctor,1.28,87,8.92,9,2,2,104,180,9
3825,40,Female,Student,1.57,92,5.06,6,9,3,68,280,7
3826,28,Female,Designer,2.47,28,5.81,9,8,5,112,222,8
3827,43,Female,Student,9.75,57,8.13,4,3,3,112,291,6
3828,32,Male,Designer,6.16,119,6.6,5,4,5,33,109,7
3829,44,Male,Engineer,4.11,89,5.31,5,9,4,62,57,4
3830,58,Male,Teacher,7.67,85,7.15,5,1,5,38,263,2
3831,36,Female,Business,2.91,78,7.55,5,2,2,28,210,6
3832,52,Female,Doctor,3.77,10,7.43,8,9,1,95,63,4
3833,21,Male,Engineer,2.69,8,4.35,5,7,0,67,226,1
3834,54,Female,Business,5.59,73,4.01,8,4,3,65,254,8
3835,36,Male,Doctor,1.11,62,7.7,1,3,1,105,167,8
3836,58,Female,Engineer,7.3,102,4.05,4,4,4,101,120,4
3837,25,Male,Teacher,1.36,62,6.53,6,5,0,87,210,9
3838,55,Female,Engineer,8.23,15,5.65,4,9,4,113,243,3
3839,31,Female,Student,6.24,46,7.01,6,1,0,54,73,5
3840,28,Male,Student,6.43,76,7.17,8,2,5,102,206,2
3841,54,Female,Designer,1.75,41,4.96,5,6,1,71,42,2
3842,48,Female,Engineer,9.29,30,5.39,3,9,4,57,161,6
3843,53,Female,Engineer,4.65,90,8.56,6,5,2,102,61,7
3844,27,Female,Doctor,3.71,98,6.57,7,5,0,41,256,4
3845,40,Female,Teacher,5.44,104,7.52,4,5,2,84,77,1
3846,20,Female,Designer,1.65,61,4.18,5,9,2,64,252,9
3847,19,Male,Teacher,9.93,77,8.64,6,1,4,89,278,6
3848,28,Male,Designer,4.6,63,4.35,2,3,4,19,153,2
3849,21,Male,Student,2.69,14,7.27,7,4,3,16,72,3
3850,54,Male,Designer,3.53,11,8.38,5,4,3,52,75,2
3851,24,Female,Teacher,9.67,13,4.16,5,6,1,84,214,6
3852,44,Female,Engineer,2.9,58,6.26,5,9,5,6,296,5
3853,18,Male,Business,6.26,27,8.35,1,3,3,44,266,8
3854,36,Male,Engineer,8.67,71,4.36,9,2,5,27,160,3
3855,23,Male,Teacher,4.19,71,4.31,5,8,1,74,159,8
3856,36,Female,Designer,4.24,12,7.55,3,2,4,57,268,4
3857,42,Female,Engineer,6.89,32,6.07,4,1,2,4,249,4
3858,45,Female,Teacher,7.06,21,4.46,5,5,5,94,289,8
3859,20,Female,Business,4.63,116,6.61,8,3,3,3,130,3
3860,22,Male,Business,1.26,81,5.84,8,9,3,76,120,5
3861,46,Male,Engineer,3.51,6,8.34,3,3,1,49,209,9
3862,57,Female,Teacher,7.33,22,4.07,5,4,4,6,238,6
3863,37,Male,Teacher,7.86,55,8.14,1,1,1,81,186,5
3864,45,Male,Designer,9.14,28,4.77,9,1,5,5,23,9
3865,22,Female,Designer,1.39,48,8.98,6,3,3,18,111,3
3866,49,Female,Business,5.58,115,6.08,4,5,0,96,107,5
3867,45,Male,Teacher,7.63,20,8.86,2,8,0,98,215,1
3868,37,Male,Designer,3.74,51,6.55,4,5,4,102,85,7
3869,35,Male,Business,2.39,40,8.67,3,2,3,116,210,1
3870,44,Male,Business,7.23,10,8.78,8,8,5,31,229,9
3871,44,Female,Doctor,3.34,93,6.81,3,8,0,117,43,8
3872,29,Male,Student,7.35,14,7.66,4,1,1,90,53,8
3873,27,Female,Business,5.36,102,4.98,4,5,5,48,168,2
3874,32,Female,Engineer,1.21,72,7.03,1,4,3,36,34,4
3875,49,Female,Business,5.7,39,7.35,6,9,4,12,34,1
3876,33,Male,Student,2.85,111,6.8,2,8,3,97,120,3
3877,52,Female,Teacher,5.1,57,8.94,8,2,1,63,160,1
3878,44,Male,Engineer,8.18,25,6.63,4,8,2,58,157,3
3879,35,Male,Doctor,5.19,45,7.39,6,6,0,83,187,4
3880,51,Female,Designer,6.49,82,8.58,3,4,1,102,175,9
3881,23,Female,Student,6.57,15,4.57,2,7,3,42,171,2
3882,55,Female,Teacher,7.39,22,6.05,1,5,3,36,162,1
3883,34,Male,Business,8.61,51,7.83,6,8,0,110,109,3
3884,59,Male,Teacher,5.73,110,7.92,9,4,2,31,46,6
3885,30,Male,Student,5.91,12,4.12,6,3,3,100,31,8
3886,41,Female,Designer,8.81,44,5.98,6,2,5,59,28,8
3887,45,Female,Engineer,3.11,92,8.58,1,1,1,5,84,5
3888,55,Male,Business,4.22,21,5.94,1,6,2,99,184,2
3889,35,Female,Designer,4.35,117,4.93,5,6,3,82,163,2
3890,42,Male,Doctor,8.53,71,4.29,7,1,5,31,171,4
3891,22,Male,Teacher,2.45,55,5.28,4,9,5,10,75,6
3892,20,Male,Teacher,5.18,25,5.84,3,8,3,29,160,5
3893,35,Female,Designer,3.24,108,5.4,7,4,0,80,152,5
3894,48,Male,Business,5.6,114,7.01,8,6,2,98,42,1
3895,42,Female,Business,3.82,88,8.83,4,1,4,22,106,1
3896,57,Male,Teacher,3.73,67,5.47,3,3,2,28,110,8
3897,49,Male,Designer,2.41,89,6.9,6,2,0,119,248,6
3898,32,Female,Student,3.05,38,6.55,1,6,5,48,228,3
3899,53,Female,Doctor,9.89,52,7.17,9,4,4,115,244,9
3900,51,Female,Teacher,2.09,20,7.91,9,2,0,54,121,4
3901,52,Male,Student,8.97,63,5.58,2,6,5,8,199,6
3902,55,Female,Teacher,1.58,30,7.87,8,2,0,74,57,6
3903,30,Female,Doctor,4.95,32,4.03,9,7,4,27,126,4
3904,36,Female,Engineer,3.79,73,4.14,9,1,0,51,96,2
3905,38,Male,Designer,8.0,58,8.46,4,6,1,83,138,2
3906,52,Male,Doctor,9.9,27,7.85,8,1,5,22,255,3
3907,34,Male,Designer,1.99,37,4.97,9,8,1,61,291,6
3908,37,Female,Business,1.89,19,8.19,4,4,0,29,129,6
3909,19,Female,Designer,7.57,86,6.72,9,7,3,38,266,5
3910,42,Male,Engineer,1.39,31,4.61,1,4,0,38,222,5
3911,18,Female,Designer,5.57,15,8.54,8,7,0,116,31,8
3912,47,Female,Engineer,2.56,63,6.89,3,7,1,50,261,6
3913,51,Female,Doctor,6.64,61,4.15,6,9,0,42,21,7
3914,47,Female,Engineer,8.72,7,5.9,1,8,5,79,283,1
3915,39,Female,Business,8.97,98,5.07,1,6,2,92,165,5
3916,41,Female,Teacher,3.36,30,7.36,2,5,0,102,129,8
3917,21,Female,Designer,5.38,9,5.48,1,4,3,43,204,8
3918,35,Male,Student,4.68,110,5.87,5,5,3,87,117,6
3919,50,Female,Business,1.52,64,7.35,2,3,0,77,146,5
3920,32,Female,Student,3.73,43,4.39,6,7,3,102,28,7
3921,55,Female,Student,9.84,90,5.84,2,6,5,20,157,7
3922,19,Female,Student,5.67,13,7.17,5,3,2,38,179,4
3923,29,Male,Business,6.99,28,6.28,2,5,3,106,259,2
3924,47,Female,Doctor,6.63,115,7.21,8,3,5,106,71,7
3925,20,Female,Doctor,7.83,76,8.14,4,3,1,80,190,3
3926,29,Female,Doctor,9.72,28,6.09,7,2,3,101,186,9
3927,19,Male,Business,1.86,29,4.14,6,2,4,63,153,4
3928,57,Female,Designer,5.99,84,5.41,6,3,5,84,157,2
3929,35,Male,Designer,8.4,37,7.05,5,5,5,59,63,9
3930,33,Female,Business,9.44,87,4.69,5,4,4,54,286,2
3931,54,Male,Doctor,5.8,49,4.83,6,9,0,70,144,5
3932,28,Female,Business,2.25,49,5.23,1,2,0,35,230,4
3933,29,Male,Engineer,6.85,55,7.16,4,2,3,66,190,8
3934,50,Male,Student,7.44,96,7.22,3,5,3,23,285,2
3935,42,Female,Business,6.43,101,7.53,8,5,5,33,191,9
3936,31,Male,Designer,8.81,72,4.28,3,6,4,34,127,7
3937,41,Female,Business,8.59,98,8.54,7,4,5,13,189,3
3938,46,Female,Student,9.51,103,7.83,5,2,0,59,293,6
3939,33,Female,Doctor,1.57,47,6.06,2,3,5,104,37,8
3940,19,Male,Doctor,1.52,70,8.12,6,2,2,103,39,6
3941,52,Female,Doctor,9.74,107,5.53,5,4,1,18,205,5
3942,23,Male,Doctor,3.98,42,5.58,5,2,3,71,226,8
3943,40,Female,Engineer,2.21,65,8.42,8,6,2,2,204,4
3944,34,Male,Engineer,6.78,33,7.15,3,5,2,1,28,6
3945,22,Male,Designer,7.17,65,5.77,4,6,4,65,111,8
3946,54,Male,Doctor,5.1,99,7.27,4,5,1,114,87,8
3947,54,Female,Teacher,1.94,71,7.19,9,4,2,22,64,9
3948,18,Male,Engineer,9.76,57,4.97,1,3,3,117,205,2
3949,52,Male,Engineer,8.95,107,8.6,1,4,5,25,286,8
3950,39,Male,Engineer,2.19,25,4.81,1,7,5,56,139,6
3951,19,Male,Doctor,1.31,68,8.78,8,1,4,3,171,9
3952,37,Female,Engineer,8.01,86,7.56,3,6,0,72,160,9
3953,40,Female,Engineer,2.53,57,6.97,3,5,3,29,279,4
3954,20,Male,Designer,5.4,30,8.4,4,8,0,45,296,7
3955,52,Female,Teacher,3.62,39,5.43,8,6,3,60,276,5
3956,53,Male,Doctor,5.27,85,6.96,9,4,2,83,41,8
3957,22,Male,Engineer,4.07,52,6.88,9,6,3,97,198,6
3958,37,Female,Engineer,8.43,56,4.27,7,4,4,86,286,1
3959,32,Male,Doctor,4.53,37,6.22,3,4,0,96,128,8
3960,50,Female,Designer,6.88,95,4.11,7,6,1,65,58,8
3961,54,Female,Designer,2.14,47,7.39,3,2,0,47,75,3
3962,28,Male,Designer,2.09,24,6.89,3,1,1,84,170,1
3963,26,Female,Designer,4.34,44,8.01,6,7,0,15,164,7
3964,55,Male,Designer,4.91,62,4.65,8,6,5,3,212,4
3965,27,Female,Business,8.08,90,5.19,1,9,5,57,222,5
3966,23,Male,Student,1.51,52,5.19,2,5,0,15,185,7
3967,23,Female,Teacher,7.09,9,8.23,1,5,5,8,88,7
3968,51,Male,Student,4.75,86,8.43,9,2,2,20,211,4
3969,45,Male,Designer,3.95,30,8.4,4,4,2,31,101,6
3970,39,Female,Teacher,4.43,22,4.76,5,6,2,113,95,4
3971,50,Male,Doctor,9.61,100,5.42,8,6,0,9,57,4
3972,59,Female,Doctor,9.92,14,5.63,3,9,2,92,272,2
3973,50,Female,Designer,7.69,20,4.94,5,7,4,105,198,9
3974,44,Male,Designer,3.77,100,6.96,5,5,1,64,288,2
3975,43,Female,Doctor,5.26,92,8.08,7,4,3,48,161,6
3976,58,Male,Teacher,5.88,27,8.66,7,4,1,87,279,5
3977,40,Male,Student,7.41,116,6.6,8,5,5,100,273,6
3978,37,Male,Student,4.08,119,6.11,5,3,5,98,87,8
3979,45,Male,Business,6.05,96,8.81,8,2,4,57,287,5
3980,44,Male,Student,8.7,50,6.22,6,8,1,18,233,6
3981,28,Male,Designer,5.52,58,6.4,6,1,4,19,173,9
3982,26,Male,Business,3.84,44,4.61,7,7,4,114,58,1
3983,51,Male,Teacher,2.1,50,4.24,9,4,5,10,180,1
3984,27,Female,Engineer,7.08,40,7.41,3,5,0,77,268,4
3985,48,Male,Business,5.71,84,7.33,5,6,2,48,202,4
3986,18,Male,Business,3.85,17,4.32,3,9,3,72,200,3
3987,30,Female,Business,5.64,60,6.21,8,9,0,95,207,3
3988,23,Female,Designer,6.87,75,7.38,4,4,2,42,155,3
3989,45,Female,Engineer,4.92,113,5.08,8,8,0,34,86,3
3990,29,Male,Business,6.73,95,5.21,8,5,3,62,144,1
3991,41,Male,Teacher,4.45,119,5.16,2,9,3,104,199,3
3992,39,Male,Engineer,2.46,60,6.09,6,6,1,3,223,7
3993,23,Female,Engineer,6.17,24,8.15,9,5,2,15,160,4
3994,50,Female,Doctor,1.05,58,8.41,5,4,1,100,93,4
3995,28,Male,Engineer,6.44,32,8.37,8,9,2,43,129,1
3996,54,Male,Designer,8.77,117,7.46,2,9,1,112,71,9
3997,57,Male,Designer,9.21,9,4.69,3,1,0,35,176,9
3998,53,Male,Student,3.46,41,8.84,2,7,2,80,107,7
3999,30,Female,Doctor,4.74,11,8.99,5,6,4,85,275,9
4000,50,Male,Engineer,7.0,50,6.08,8,4,5,51,260,3
4001,23,Female,Teacher,5.15,60,4.5,1,7,2,28,71,5
4002,30,Female,Teacher,7.76,47,6.99,2,9,3,85,44,8
4003,33,Female,Doctor,9.39,11,8.39,4,9,1,23,51,3
4004,24,Female,Designer,7.87,74,5.33,3,8,1,69,129,3
4005,52,Male,Designer,7.99,104,5.23,9,1,0,57,291,9
4006,56,Female,Student,5.38,117,6.47,5,1,0,84,240,3
4007,29,Female,Designer,9.37,31,7.52,4,6,5,5,139,5
4008,28,Male,Business,3.87,87,7.96,2,6,4,14,179,8
4009,40,Male,Designer,9.31,110,4.83,3,2,1,33,89,3
4010,41,Female,Doctor,10.0,90,5.46,9,4,0,87,134,4
4011,53,Female,Teacher,4.56,101,6.03,9,1,4,24,115,7
4012,24,Male,Doctor,5.89,97,6.81,8,7,1,27,207,5
4013,50,Male,Teacher,2.55,52,5.6,8,2,5,83,106,8
4014,39,Female,Designer,3.18,71,4.77,6,4,1,106,114,6
4015,52,Female,Doctor,2.56,24,4.58,7,1,0,49,213,9
4016,45,Male,Doctor,7.93,83,8.07,8,2,2,87,97,5
4017,26,Female,Student,3.82,34,8.68,6,7,1,115,184,5
4018,32,Female,Teacher,6.9,63,6.6,6,4,2,109,243,5
4019,22,Male,Business,9.34,74,7.85,3,3,2,74,284,3
4020,41,Female,Student,8.57,86,7.09,7,2,0,13,93,5
4021,58,Male,Student,7.57,92,4.97,1,4,4,89,248,5
4022,24,Male,Teacher,7.71,99,8.03,2,3,0,83,231,2
4023,57,Male,Business,4.25,21,4.54,5,8,3,104,159,9
4024,41,Male,Business,1.08,110,4.68,9,7,3,79,207,4
4025,41,Female,Teacher,1.3,98,5.6,3,3,4,41,207,7
4026,18,Male,Teacher,9.11,104,5.91,5,7,2,45,103,5
4027,23,Male,Designer,1.9,94,5.19,4,4,4,96,44,2
4028,23,Male,Business,6.16,63,4.69,3,6,4,51,190,9
4029,46,Female,Designer,7.11,67,5.31,5,1,1,115,55,7
4030,22,Female,Doctor,1.98,55,8.2,8,4,4,42,49,5
4031,36,Male,Student,3.82,37,8.82,5,5,3,64,246,1
4032,46,Male,Engineer,3.0,85,5.54,1,8,4,98,260,1
4033,29,Female,Teacher,7.13,65,7.91,5,1,2,83,112,6
4034,27,Female,Student,6.95,99,8.76,6,1,4,92,256,3
4035,30,Male,Teacher,7.89,9,6.4,6,8,1,53,69,8
4036,46,Female,Designer,1.85,85,7.24,1,3,2,86,91,3
4037,50,Male,Doctor,8.12,119,4.84,7,1,5,88,38,3
4038,23,Female,Business,3.72,54,6.49,9,2,5,68,241,9
4039,42,Male,Doctor,1.07,22,8.06,4,7,5,21,250,8
4040,58,Female,Student,8.62,68,8.48,4,5,1,116,118,4
4041,56,Female,Teacher,7.46,115,4.28,2,6,5,57,292,2
4042,55,Female,Student,6.62,74,6.92,8,4,4,9,67,5
4043,50,Female,Doctor,5.06,7,5.76,5,9,1,42,23,2
4044,58,Male,Business,4.31,23,7.21,7,8,2,53,96,7
4045,40,Male,Engineer,5.57,43,5.06,4,4,3,70,218,2
4046,30,Male,Business,5.46,113,5.06,1,2,4,19,203,8
4047,56,Male,Engineer,9.76,111,8.15,7,3,5,46,270,2
4048,48,Female,Student,1.03,33,5.27,2,4,0,41,227,1
4049,49,Female,Engineer,4.67,80,4.8,6,3,5,35,204,3
4050,41,Female,Designer,8.73,102,8.57,4,5,4,4,27,4
4051,50,Female,Engineer,1.49,90,8.94,1,6,5,81,76,6
4052,55,Male,Teacher,4.09,5,7.82,5,4,1,61,80,3
4053,30,Male,Doctor,3.56,87,5.44,8,4,1,1,181,1
4054,26,Female,Engineer,5.04,18,7.05,3,9,0,112,58,1
4055,51,Male,Designer,1.02,112,4.72,4,9,2,13,217,2
4056,36,Male,Business,4.53,64,6.9,7,4,0,81,123,1
4057,34,Male,Designer,2.5,45,4.01,4,5,2,7,84,6
4058,29,Female,Teacher,5.69,41,8.42,3,2,5,73,132,8
4059,52,Male,Teacher,1.05,36,4.17,4,4,5,2,260,8
4060,49,Male,Doctor,7.46,95,4.49,2,8,5,40,39,3
4061,36,Male,Doctor,2.09,73,5.97,4,1,5,63,187,3
4062,51,Male,Doctor,1.73,87,8.51,2,3,4,91,33,4
4063,58,Male,Student,7.37,92,6.28,7,9,1,86,231,4
4064,19,Female,Teacher,6.24,103,5.87,4,5,1,68,138,6
4065,19,Male,Doctor,8.28,70,7.06,4,7,3,10,277,8
4066,21,Female,Designer,8.28,115,7.84,6,9,1,59,42,8
4067,52,Male,Engineer,4.45,17,7.79,9,6,5,86,47,2
4068,54,Female,Student,8.17,79,4.52,4,1,1,111,124,8
4069,59,Male,Teacher,6.03,16,8.99,3,5,2,4,288,1
4070,42,Male,Doctor,1.96,105,7.43,5,9,5,99,93,4
4071,48,Male,Designer,7.47,65,8.23,7,2,3,23,188,6
4072,35,Male,Teacher,5.74,81,7.93,6,3,3,61,45,6
4073,44,Male,Teacher,9.85,41,5.98,4,6,5,31,140,7
4074,27,Male,Business,9.33,25,8.05,3,9,3,7,188,8
4075,22,Female,Engineer,9.45,76,8.42,8,3,5,16,246,6
4076,34,Female,Teacher,3.91,42,4.15,9,4,4,9,50,3
4077,33,Female,Teacher,7.96,48,6.9,2,6,0,4,240,2
4078,57,Female,Business,6.45,116,8.5,2,7,4,67,25,9
4079,51,Male,Teacher,2.88,30,5.26,7,6,1,79,187,9
4080,36,Female,Teacher,6.07,112,8.71,1,2,1,11,75,9
4081,57,Female,Engineer,8.75,79,5.72,2,7,2,118,165,4
4082,38,Male,Doctor,5.04,94,8.78,3,1,2,53,94,9
4083,37,Male,Designer,4.18,90,7.64,1,6,2,60,70,7
4084,51,Male,Student,8.94,14,4.32,2,5,1,84,79,9
4085,36,Male,Teacher,4.16,6,6.28,3,7,3,116,288,3
4086,18,Male,Doctor,2.81,115,4.97,5,8,2,97,283,5
4087,33,Female,Doctor,9.67,19,6.38,6,3,2,68,203,8
4088,25,Female,Teacher,8.66,82,4.07,5,8,1,95,93,5
4089,52,Female,Engineer,8.02,65,6.38,3,5,1,110,178,9
4090,57,Female,Designer,4.73,53,5.42,7,6,2,99,270,3
4091,33,Male,Designer,5.44,29,8.37,6,6,4,6,236,3
4092,33,Female,Business,5.34,27,4.65,2,8,0,112,203,5
4093,35,Female,Engineer,5.53,44,6.08,4,9,2,72,150,3
4094,43,Male,Business,6.84,22,5.27,5,2,4,95,144,9
4095,34,Male,Engineer,7.61,35,5.39,4,3,3,0,281,1
4096,51,Female,Engineer,2.57,85,4.95,7,4,5,68,80,7
4097,52,Female,Teacher,5.75,7,5.83,4,4,2,79,92,4
4098,50,Female,Designer,4.25,80,7.84,6,1,0,49,38,8
4099,36,Male,Student,7.32,87,8.33,4,8,0,72,253,9
4100,44,Male,Doctor,4.3,15,5.69,2,9,5,85,156,2
4101,48,Male,Student,7.7,110,5.93,7,7,3,34,204,2
4102,51,Male,Business,7.3,54,6.44,8,1,5,100,243,9
4103,34,Female,Student,3.1,30,8.01,8,5,4,14,93,4
4104,31,Male,Student,4.83,24,8.33,3,8,3,105,89,1
4105,24,Male,Doctor,7.55,51,5.46,1,7,1,56,173,1
4106,32,Male,Doctor,4.61,53,4.38,1,6,1,54,156,9
4107,53,Male,Designer,8.5,21,7.71,9,2,1,107,192,1
4108,27,Male,Designer,1.74,41,8.99,5,6,2,39,209,9
4109,29,Female,Business,9.1,101,5.75,5,2,4,50,280,9
4110,21,Female,Engineer,1.43,57,6.9,9,8,4,101,290,6
4111,55,Male,Doctor,3.45,8,7.82,7,4,4,67,100,6
4112,36,Male,Teacher,6.65,28,6.06,4,4,4,81,174,2
4113,59,Male,Designer,1.24,115,8.42,5,9,1,40,214,4
4114,57,Female,Student,8.33,112,4.75,6,1,0,10,186,7
4115,43,Male,Designer,8.22,113,6.01,5,4,2,29,257,9
4116,19,Female,Business,5.49,5,4.87,6,8,4,33,143,1
4117,44,Female,Teacher,3.34,54,6.76,8,7,0,65,278,7
4118,52,Female,Doctor,5.05,51,6.38,5,5,4,21,65,1
4119,52,Male,Doctor,1.81,66,4.01,3,2,5,56,190,7
4120,44,Female,Doctor,1.58,14,5.93,1,2,4,63,249,1
4121,40,Female,Designer,2.25,20,5.91,6,3,4,49,209,8
4122,45,Female,Designer,9.92,110,8.12,5,7,1,7,107,4
4123,31,Male,Designer,6.65,9,4.29,2,8,1,4,52,4
4124,27,Male,Teacher,6.32,10,8.74,6,3,5,36,153,8
4125,48,Female,Business,5.19,86,7.18,4,4,0,95,117,8
4126,44,Male,Designer,2.56,112,6.29,1,9,0,19,226,5
4127,31,Female,Student,2.73,99,6.63,4,1,1,0,252,7
4128,53,Male,Doctor,2.33,88,6.09,9,7,1,33,85,7
4129,27,Male,Teacher,5.26,20,7.32,2,3,4,26,154,8
4130,47,Male,Business,1.5,66,7.44,2,4,2,70,215,7
4131,43,Female,Designer,1.56,54,6.29,6,1,5,43,190,4
4132,57,Male,Designer,6.61,38,6.9,9,1,0,79,132,6
4133,23,Male,Engineer,5.24,109,6.98,8,5,5,31,184,9
4134,41,Male,Teacher,5.77,7,4.26,3,1,5,41,225,5
4135,36,Male,Student,1.14,57,5.81,7,8,1,80,59,9
4136,20,Female,Student,1.35,107,4.86,1,7,1,32,24,4
4137,29,Female,Engineer,5.82,107,4.44,6,3,5,107,37,1
4138,24,Female,Business,6.59,72,4.29,3,6,5,101,33,7
4139,42,Male,Teacher,6.06,60,5.29,2,4,4,16,69,3
4140,49,Female,Teacher,7.14,97,5.07,7,1,2,20,170,5
4141,47,Male,Designer,5.09,64,5.74,7,8,0,43,84,2
4142,42,Female,Engineer,7.21,48,5.32,5,6,0,67,171,9
4143,34,Female,Student,9.53,101,8.31,5,1,0,27,103,5
4144,42,Female,Business,9.64,38,7.76,7,4,3,106,31,2
4145,51,Female,Engineer,1.42,75,4.9,7,8,5,62,257,7
4146,48,Female,Student,8.61,99,7.68,1,1,3,78,77,9
4147,31,Male,Student,2.01,54,6.21,9,8,2,27,275,2
4148,25,Male,Engineer,8.75,102,5.33,6,4,3,1,91,9
4149,57,Male,Doctor,1.53,86,4.8,3,2,2,65,72,3
4150,41,Female,Student,9.69,74,7.11,8,6,2,47,295,4
4151,36,Female,Designer,4.0,93,7.38,2,9,4,92,255,2
4152,26,Male,Doctor,9.19,118,6.1,1,5,5,14,165,5
4153,22,Male,Teacher,2.99,65,6.86,6,7,1,8,46,5
4154,31,Female,Doctor,1.11,30,4.86,1,5,0,63,169,1
4155,29,Male,Engineer,8.96,101,8.51,5,7,1,29,112,3
4156,41,Male,Student,4.31,61,5.65,3,6,2,1,69,3
4157,59,Female,Student,8.64,65,6.18,7,9,2,11,72,3
4158,57,Female,Teacher,4.35,35,7.13,8,5,1,46,29,3
4159,37,Female,Student,6.66,49,4.68,8,4,0,104,39,7
4160,44,Male,Designer,5.19,119,6.1,5,2,1,118,248,8
4161,39,Male,Engineer,7.69,10,4.84,1,3,0,115,289,1
4162,39,Male,Teacher,4.98,104,6.78,2,2,2,34,247,3
4163,56,Female,Teacher,6.41,79,6.98,2,5,1,24,215,4
4164,39,Female,Student,5.96,21,4.4,3,8,3,31,95,6
4165,22,Female,Student,1.29,40,5.9,7,1,5,31,240,5
4166,41,Female,Teacher,8.41,8,5.76,3,2,1,98,78,8
4167,38,Female,Student,2.6,99,8.55,8,9,3,21,235,6
4168,48,Male,Designer,1.55,35,8.42,6,9,1,8,60,5
4169,47,Male,Doctor,2.39,81,7.1,4,4,3,88,230,4
4170,44,Male,Engineer,9.48,6,5.96,2,3,3,1,105,5
4171,25,Female,Doctor,4.31,83,8.51,1,3,1,35,293,6
4172,21,Female,Teacher,5.37,22,8.39,5,7,1,14,202,4
4173,35,Female,Designer,6.61,9,5.05,5,7,1,84,155,1
4174,32,Male,Designer,5.25,70,7.46,2,8,5,56,20,6
4175,44,Female,Teacher,2.83,92,8.75,2,9,2,73,252,4
4176,21,Male,Engineer,6.56,53,7.56,2,7,3,117,187,8
4177,22,Male,Business,1.93,76,4.94,8,5,0,32,89,2
4178,44,Female,Student,5.15,75,8.24,9,3,5,42,199,1
4179,47,Female,Business,6.77,73,7.74,8,1,5,117,275,6
4180,44,Male,Doctor,2.82,86,5.05,1,9,0,102,93,3
4181,27,Female,Designer,5.62,109,6.93,1,4,3,69,269,7
4182,33,Male,Teacher,2.84,49,5.92,5,1,3,82,282,4
4183,40,Male,Teacher,2.19,48,6.4,6,7,3,58,286,8
4184,23,Female,Engineer,1.93,14,8.39,9,8,2,86,160,4
4185,18,Female,Designer,1.75,9,4.14,4,2,4,58,109,5
4186,45,Female,Designer,4.53,90,6.38,3,7,5,45,280,7
4187,47,Male,Teacher,8.6,90,8.21,4,9,1,28,137,9
4188,48,Female,Doctor,6.68,38,8.26,5,6,5,98,151,6
4189,51,Male,Teacher,2.47,116,7.81,9,5,0,81,93,9
4190,38,Female,Teacher,9.61,73,8.31,6,8,1,54,287,6
4191,24,Female,Doctor,9.12,52,8.77,9,5,2,80,34,8
4192,31,Male,Engineer,9.18,97,5.6,3,7,3,34,288,3
4193,53,Male,Business,4.52,89,7.11,8,6,4,77,169,1
4194,35,Male,Engineer,5.27,44,5.93,8,4,1,47,41,6
4195,24,Female,Teacher,9.34,94,8.78,6,9,1,92,75,9
4196,24,Female,Business,4.13,31,5.1,1,4,3,31,90,7
4197,41,Female,Student,2.22,62,5.53,8,3,0,58,174,8
4198,34,Male,Designer,7.72,10,5.68,3,4,3,75,272,7
4199,36,Male,Business,1.5,92,5.87,7,7,2,56,80,9
4200,40,Female,Doctor,4.88,118,6.0,1,7,4,80,168,6
4201,19,Male,Business,2.76,42,4.59,4,3,4,118,179,6
4202,34,Female,Teacher,9.25,10,4.36,6,7,1,50,244,8
4203,23,Male,Doctor,1.28,42,6.71,9,3,1,98,53,8
4204,31,Male,Doctor,8.84,39,6.4,6,7,5,104,34,7
4205,29,Male,Doctor,2.86,9,4.49,5,9,3,110,67,6
4206,38,Female,Student,6.31,55,7.82,7,4,1,75,88,8
4207,36,Female,Teacher,1.72,81,4.02,9,9,2,25,90,4
4208,34,Male,Designer,5.99,103,7.52,9,8,3,91,133,1
4209,39,Female,Doctor,7.9,65,5.73,1,6,4,8,20,6
4210,22,Female,Teacher,1.89,23,6.56,7,2,3,93,90,4
4211,24,Female,Engineer,8.54,108,5.59,4,6,0,52,86,8
4212,39,Male,Business,7.1,7,5.8,8,6,2,27,295,1
4213,53,Female,Student,3.41,93,4.65,8,6,0,115,188,4
4214,54,Female,Student,5.67,16,8.84,3,5,4,86,230,3
4215,51,Male,Designer,5.35,57,6.86,7,4,4,58,229,2
4216,39,Male,Student,8.26,101,4.54,9,7,5,83,94,6
4217,34,Male,Teacher,9.08,54,6.07,9,8,1,117,133,4
4218,32,Female,Business,9.1,70,4.88,2,3,3,73,255,4
4219,57,Male,Doctor,2.23,12,6.43,6,3,1,21,275,9
4220,56,Female,Teacher,8.35,26,6.87,3,3,4,73,27,4
4221,50,Female,Business,8.02,10,5.85,6,5,3,102,217,4
4222,22,Male,Designer,8.33,110,5.12,4,9,0,1,154,6
4223,35,Female,Doctor,8.24,92,5.34,8,4,2,33,188,5
4224,21,Female,Designer,9.76,116,7.65,2,9,3,107,128,5
4225,21,Female,Doctor,9.01,16,8.78,1,6,5,17,253,9
4226,19,Female,Designer,9.94,32,8.48,4,6,1,119,266,9
4227,26,Female,Designer,2.61,94,6.76,1,7,2,41,38,3
4228,39,Female,Teacher,1.13,112,7.34,9,4,5,20,56,5
4229,46,Male,Designer,9.21,104,4.26,3,1,2,53,47,8
4230,49,Female,Student,3.49,28,6.76,2,9,1,27,214,2
4231,50,Male,Designer,8.46,5,6.79,1,4,3,69,42,6
4232,22,Female,Designer,8.16,115,8.1,7,7,3,46,54,3
4233,35,Male,Designer,5.2,25,4.52,1,8,3,62,218,4
4234,47,Male,Teacher,5.64,118,5.1,4,9,1,38,47,6
4235,51,Female,Doctor,3.23,108,5.47,3,3,0,85,179,3
4236,29,Female,Business,1.67,92,4.12,1,2,5,113,52,1
4237,49,Male,Teacher,7.77,50,6.77,3,9,1,97,111,5
4238,29,Female,Designer,2.65,96,4.89,5,5,5,109,232,1
4239,39,Male,Business,6.45,56,5.27,2,6,1,62,282,3
4240,56,Male,Engineer,3.45,46,6.78,8,5,2,9,267,4
4241,53,Female,Designer,6.23,118,7.05,4,9,5,3,171,6
4242,35,Male,Doctor,2.12,75,5.2,2,8,2,76,261,8
4243,37,Female,Engineer,5.21,89,7.39,3,9,4,46,44,7
4244,22,Male,Teacher,3.49,118,7.97,4,6,4,51,26,9
4245,30,Female,Doctor,6.96,18,4.58,9,4,3,8,59,5
4246,43,Female,Doctor,2.84,107,7.79,9,7,4,48,178,8
4247,18,Female,Teacher,5.89,64,7.87,8,1,0,95,249,4
4248,45,Male,Doctor,6.42,102,7.6,8,7,2,87,105,3
4249,44,Male,Doctor,2.8,54,7.28,2,1,1,36,217,6
4250,35,Male,Student,4.42,83,7.58,5,3,2,58,169,2
4251,57,Male,Designer,5.72,53,5.54,4,8,4,59,157,4
4252,22,Male,Engineer,8.31,29,4.89,2,2,1,36,32,9
4253,33,Male,Doctor,6.5,81,6.99,8,9,2,70,267,9
4254,57,Female,Teacher,2.37,17,8.13,3,3,4,88,103,7
4255,21,Female,Engineer,6.57,64,4.41,4,9,4,28,277,9
4256,55,Female,Doctor,9.02,27,8.14,8,8,5,53,240,9
4257,19,Male,Student,9.41,22,6.89,4,5,4,100,159,6
4258,19,Male,Designer,7.72,45,8.64,6,2,1,54,259,5
4259,49,Female,Business,2.29,36,8.28,5,3,4,17,297,7
4260,21,Male,Doctor,4.66,5,8.89,4,2,5,1,73,6
4261,20,Female,Student,7.59,19,8.75,7,3,3,67,223,7
4262,58,Female,Business,9.72,67,4.58,5,9,3,71,192,4
4263,50,Female,Teacher,5.9,94,6.27,5,2,1,102,106,5
4264,24,Male,Designer,8.1,48,8.31,7,1,5,108,259,4
4265,24,Female,Doctor,7.25,119,8.01,7,6,2,100,274,1
4266,30,Female,Student,2.2,108,7.4,6,8,1,34,203,5
4267,52,Male,Engineer,2.37,12,4.35,6,7,4,50,80,7
4268,28,Female,Student,6.42,99,7.38,7,8,2,70,66,5
4269,56,Female,Student,1.42,28,8.92,4,8,1,56,134,7
4270,18,Male,Teacher,1.29,59,6.5,4,1,2,9,279,7
4271,43,Male,Business,5.04,108,4.32,8,3,4,118,154,2
4272,36,Female,Engineer,6.7,77,7.61,6,3,3,32,182,4
4273,49,Male,Designer,4.62,79,6.83,8,1,2,63,160,7
4274,20,Female,Designer,5.57,109,5.78,2,3,4,2,121,4
4275,18,Male,Engineer,6.6,49,5.64,4,3,2,55,67,4
4276,59,Female,Student,8.17,40,5.77,2,1,4,86,218,3
4277,24,Male,Doctor,3.05,8,8.54,2,9,1,57,135,1
4278,19,Female,Engineer,6.94,29,8.55,3,4,1,91,39,1
4279,43,Female,Student,9.4,49,6.14,4,9,2,85,55,3
4280,29,Male,Student,2.33,83,7.33,9,4,1,64,156,1
4281,34,Female,Engineer,7.52,41,6.12,3,8,3,41,85,6
4282,39,Female,Business,4.21,100,7.54,8,2,2,2,65,8
4283,49,Female,Engineer,1.97,11,6.95,6,4,2,108,104,1
4284,41,Female,Teacher,5.02,19,5.9,5,3,3,25,178,5
4285,54,Male,Designer,2.1,17,8.89,4,7,2,12,234,2
4286,43,Male,Doctor,8.71,90,7.42,7,7,5,22,135,4
4287,28,Male,Engineer,7.63,16,4.01,7,5,0,62,289,7
4288,34,Male,Teacher,4.31,23,7.43,4,2,5,25,59,7
4289,25,Female,Business,3.41,112,7.47,9,1,4,36,146,3
4290,48,Male,Business,3.9,33,7.0,8,2,4,115,65,7
4291,27,Female,Designer,6.03,49,5.14,3,4,5,111,233,8
4292,57,Male,Designer,3.15,89,4.42,9,4,2,44,254,5
4293,50,Male,Teacher,7.22,35,5.74,8,2,1,106,284,3
4294,47,Female,Student,7.8,64,5.8,9,7,4,79,248,5
4295,53,Male,Teacher,7.46,86,5.76,1,1,5,48,148,3
4296,44,Male,Engineer,4.81,32,5.93,9,8,2,111,164,1
4297,20,Male,Doctor,2.27,56,5.49,3,4,0,96,281,6
4298,51,Female,Engineer,1.33,62,4.7,2,2,4,4,155,2
4299,59,Male,Teacher,8.83,28,7.24,2,6,0,92,156,8
4300,44,Male,Teacher,9.85,77,8.51,5,1,0,100,24,2
4301,33,Female,Engineer,6.67,83,7.11,9,7,1,69,90,3
4302,42,Female,Doctor,1.61,112,8.44,8,1,0,44,108,2
4303,33,Male,Doctor,7.69,102,4.42,5,8,3,96,179,7
4304,52,Male,Engineer,5.83,70,4.78,8,1,1,98,276,1
4305,54,Male,Engineer,9.92,89,8.74,9,3,5,97,63,8
4306,24,Male,Student,2.15,79,7.91,6,8,4,8,44,1
4307,36,Female,Engineer,1.34,78,7.04,5,1,3,89,250,9
4308,34,Male,Doctor,7.64,56,8.33,8,2,2,63,184,5
4309,47,Male,Doctor,2.27,39,5.91,1,5,5,59,168,7
4310,18,Female,Designer,6.78,97,6.37,7,7,5,71,68,5
4311,31,Female,Engineer,4.59,105,5.03,5,4,4,15,237,7
4312,32,Female,Engineer,1.35,51,6.03,2,1,4,110,157,5
4313,25,Female,Teacher,1.08,118,4.83,6,2,5,74,236,9
4314,55,Female,Engineer,7.97,65,7.67,9,6,2,82,127,6
4315,18,Male,Doctor,8.3,52,4.74,3,1,0,78,227,8
4316,24,Female,Student,9.61,67,7.21,9,5,4,71,51,5
4317,30,Male,Engineer,3.36,24,4.73,5,7,5,71,242,8
4318,21,Male,Doctor,4.73,64,7.69,9,3,3,4,67,1
4319,59,Female,Designer,6.95,62,5.58,9,8,0,17,138,9
4320,20,Male,Business,8.87,106,5.21,8,9,4,89,144,6
4321,58,Male,Doctor,5.6,23,5.1,4,6,3,67,109,6
4322,42,Female,Engineer,3.6,110,4.01,9,7,2,13,290,9
4323,31,Female,Doctor,2.51,19,7.62,3,2,2,5,199,7
4324,50,Female,Student,6.53,108,4.53,1,3,3,53,83,7
4325,48,Female,Business,6.65,38,8.21,8,8,4,37,103,1
4326,36,Male,Business,5.52,40,7.22,5,2,2,28,217,4
4327,36,Female,Student,1.17,8,6.61,8,7,2,74,108,5
4328,18,Male,Engineer,2.1,92,5.77,9,6,4,24,20,9
4329,26,Male,Teacher,9.38,107,6.51,6,9,1,26,278,4
4330,54,Male,Student,6.37,104,8.65,6,8,0,89,43,8
4331,33,Male,Teacher,7.76,41,7.79,2,9,2,35,63,6
4332,58,Female,Business,9.25,47,4.34,1,1,4,90,209,4
4333,31,Male,Engineer,8.94,48,5.16,2,5,0,90,81,9
4334,27,Male,Engineer,1.42,59,7.26,8,4,1,0,280,9
4335,18,Male,Teacher,1.89,15,4.32,8,8,1,93,124,2
4336,43,Female,Designer,8.58,116,4.32,4,1,4,109,216,9
4337,21,Male,Business,4.3,99,8.17,5,1,2,10,219,7
4338,19,Male,Doctor,4.54,54,8.96,9,4,4,40,102,4
4339,41,Female,Teacher,3.08,98,7.5,3,4,1,28,59,6
4340,32,Female,Business,7.92,29,7.23,4,9,0,115,288,1
4341,47,Female,Teacher,1.71,105,7.42,8,3,1,5,211,9
4342,44,Male,Business,9.83,48,4.55,7,4,5,41,62,9
4343,46,Male,Designer,5.22,27,8.42,6,5,0,107,164,6
4344,42,Male,Engineer,3.04,55,7.53,7,7,4,5,192,3
4345,54,Male,Doctor,7.13,10,4.2,5,2,3,103,125,8
4346,43,Female,Engineer,5.36,30,8.23,2,3,2,37,166,9
4347,40,Female,Engineer,5.28,12,4.52,2,7,0,23,261,9
4348,25,Female,Designer,9.41,50,5.4,7,7,2,18,42,7
4349,33,Female,Doctor,5.06,111,6.72,1,8,0,83,279,1
4350,26,Female,Student,8.33,41,6.55,6,1,4,1,204,1
4351,57,Female,Designer,2.59,104,5.96,3,9,3,33,111,7
4352,40,Male,Business,9.17,54,8.77,1,1,2,65,236,9
4353,40,Female,Designer,6.12,109,8.43,1,6,4,88,37,3
4354,39,Male,Student,9.63,7,5.6,2,4,1,80,188,6
4355,33,Female,Student,8.43,13,7.98,4,4,3,59,60,5
4356,23,Female,Teacher,8.48,29,4.57,5,7,3,56,256,5
4357,47,Female,Designer,7.6,59,8.22,8,7,1,63,241,5
4358,50,Male,Student,7.92,56,4.18,5,2,0,24,79,4
4359,50,Female,Designer,1.28,6,5.38,4,7,3,49,231,4
4360,28,Female,Designer,3.69,75,6.03,8,3,3,46,211,7
4361,29,Male,Teacher,4.62,67,5.41,8,4,1,41,234,1
4362,55,Male,Doctor,8.68,62,6.61,3,9,2,95,100,2
4363,33,Male,Designer,7.41,77,6.57,3,2,1,10,265,6
4364,50,Female,Business,9.51,114,8.91,5,9,3,9,62,3
4365,50,Female,Designer,2.13,72,4.94,6,4,4,108,293,4
4366,37,Female,Doctor,4.16,14,7.8,7,2,0,96,105,3
4367,22,Male,Business,6.07,62,8.66,5,1,2,45,41,7
4368,30,Female,Designer,9.02,68,4.04,9,2,0,113,198,4
4369,29,Male,Business,9.28,45,4.24,9,3,0,15,95,2
4370,44,Male,Student,6.12,24,7.53,4,9,5,64,266,8
4371,43,Male,Engineer,8.85,85,7.36,6,9,5,11,81,5
4372,19,Female,Doctor,9.09,21,6.68,8,5,2,102,192,2
4373,57,Male,Doctor,5.82,84,6.26,3,1,1,14,176,3
4374,42,Male,Engineer,1.74,90,5.22,9,6,5,24,123,6
4375,30,Female,Business,6.6,98,8.09,1,1,3,80,86,9
4376,34,Male,Engineer,2.46,50,8.77,4,3,2,9,272,4
4377,52,Female,Teacher,9.63,92,7.82,2,2,5,5,204,9
4378,48,Male,Teacher,5.23,28,8.67,3,5,5,113,132,1
4379,19,Female,Engineer,9.74,61,4.23,4,1,0,56,162,6
4380,45,Female,Designer,7.72,82,5.57,6,5,5,104,40,3
4381,18,Female,Designer,4.32,6,8.12,6,5,1,99,253,4
4382,44,Female,Doctor,6.18,109,4.01,1,1,2,78,165,5
4383,26,Female,Engineer,3.14,113,7.83,7,4,0,68,31,7
4384,22,Female,Designer,5.08,31,6.46,5,9,4,91,126,4
4385,35,Male,Designer,4.93,106,7.31,1,7,0,47,121,9
4386,25,Female,Doctor,1.36,99,5.42,4,7,1,116,218,9
4387,20,Female,Doctor,9.93,14,8.48,1,1,4,40,214,1
4388,27,Male,Business,3.2,22,5.21,1,4,4,106,181,3
4389,21,Male,Engineer,1.47,56,7.67,1,7,5,8,27,5
4390,59,Male,Business,9.76,85,8.32,3,9,0,26,239,6
4391,23,Male,Doctor,3.02,86,8.26,7,9,5,95,103,4
4392,46,Male,Business,4.81,102,7.12,8,9,3,68,69,8
4393,42,Female,Doctor,3.8,109,4.8,9,5,2,11,271,4
4394,40,Male,Student,6.04,74,6.07,7,2,1,56,60,9
4395,24,Female,Doctor,6.54,29,5.81,8,9,3,9,133,2
4396,54,Male,Student,6.78,68,8.08,6,9,2,37,185,3
4397,54,Male,Business,8.82,107,6.99,9,3,0,10,28,2
4398,54,Male,Business,5.4,9,7.24,9,7,4,73,95,2
4399,54,Female,Teacher,9.79,9,6.0,2,4,1,10,296,7
4400,43,Female,Teacher,6.47,48,5.5,6,8,0,28,94,7
4401,59,Female,Designer,6.6,57,7.99,7,1,4,94,191,2
4402,26,Male,Teacher,4.47,43,7.0,6,5,2,105,265,1
4403,23,Male,Designer,1.82,51,4.32,5,9,1,85,269,6
4404,43,Male,Student,6.25,82,6.99,7,3,5,5,241,8
4405,22,Female,Business,1.03,60,7.2,5,5,0,2,248,5
4406,27,Female,Engineer,8.05,103,8.99,4,2,0,72,140,8
4407,22,Female,Doctor,6.52,6,8.49,5,8,2,42,265,4
4408,51,Male,Business,2.05,79,7.01,6,2,1,33,117,9
4409,46,Male,Doctor,9.84,110,4.76,5,2,3,13,137,1
4410,28,Female,Teacher,2.84,25,7.17,1,9,1,115,206,2
4411,36,Female,Engineer,7.13,7,7.27,1,4,4,71,88,8
4412,27,Female,Engineer,1.83,17,8.79,2,6,2,76,58,2
4413,53,Female,Teacher,5.9,93,6.84,9,4,3,77,165,1
4414,46,Female,Student,2.65,58,8.41,5,8,3,2,275,4
4415,54,Male,Business,6.59,56,5.77,8,2,0,9,104,8
4416,36,Male,Student,8.7,90,6.17,3,8,1,119,169,2
4417,38,Male,Doctor,2.06,15,8.02,1,5,3,110,270,1
4418,55,Female,Engineer,4.13,15,8.21,2,4,3,57,135,9
4419,55,Male,Business,9.76,25,6.14,7,5,2,100,167,7
4420,56,Female,Business,9.03,48,7.89,5,6,5,76,236,1
4421,34,Female,Doctor,9.56,79,6.84,3,9,4,1,213,3
4422,30,Female,Business,4.48,76,7.71,2,4,0,49,299,6
4423,47,Male,Student,9.62,14,4.59,3,6,5,69,64,8
4424,56,Male,Teacher,7.49,42,6.8,1,9,1,111,26,8
4425,21,Female,Designer,8.08,102,6.35,5,7,4,112,263,9
4426,26,Female,Student,9.15,31,8.98,2,2,0,2,23,6
4427,39,Male,Student,4.09,18,7.43,6,8,3,7,91,8
4428,41,Male,Business,6.21,18,6.61,3,6,5,28,88,6
4429,18,Female,Teacher,6.85,35,5.1,7,4,3,87,270,2
4430,55,Male,Engineer,8.25,72,7.23,2,8,0,81,118,8
4431,50,Female,Teacher,6.36,22,8.27,7,8,4,99,26,3
4432,50,Male,Teacher,1.92,44,8.29,6,3,1,3,247,5
4433,32,Male,Teacher,2.98,49,4.99,1,9,4,1,85,2
4434,42,Male,Business,6.96,33,7.51,1,7,2,52,201,4
4435,47,Female,Student,4.01,52,8.13,2,8,4,79,51,1
4436,38,Male,Business,3.96,118,4.37,7,7,0,41,223,8
4437,53,Male,Student,1.7,109,5.69,9,3,1,76,216,1
4438,34,Female,Doctor,1.28,106,8.53,4,8,1,80,63,2
4439,22,Female,Designer,6.37,113,7.47,7,3,0,119,150,1
4440,50,Female,Designer,8.06,59,7.51,3,3,4,51,178,5
4441,36,Male,Designer,1.01,32,7.59,7,5,3,23,170,1
4442,26,Female,Doctor,6.28,107,5.83,9,3,2,118,241,3
4443,39,Female,Teacher,1.5,109,7.16,5,6,3,104,248,9
4444,20,Female,Doctor,4.12,97,5.68,2,1,4,58,289,5
4445,23,Male,Designer,9.12,113,8.85,7,2,1,95,154,9
4446,49,Male,Teacher,7.53,30,8.8,6,4,2,40,113,9
4447,28,Male,Business,7.21,30,5.3,5,6,0,37,60,9
4448,57,Male,Teacher,1.65,47,6.81,9,6,5,56,164,8
4449,26,Female,Student,7.31,22,5.75,3,8,5,66,161,9
4450,38,Male,Doctor,3.93,107,8.78,9,3,0,16,233,9
4451,21,Female,Student,4.83,95,8.04,3,9,4,105,72,8
4452,25,Female,Student,3.09,22,7.48,8,7,2,78,258,2
4453,57,Female,Doctor,5.49,64,8.46,4,7,1,11,194,8
4454,23,Male,Student,6.45,57,4.22,2,1,5,96,294,3
4455,55,Female,Designer,2.39,89,5.92,8,7,4,23,102,2
4456,32,Male,Engineer,4.47,16,8.96,7,4,4,117,166,1
4457,30,Male,Designer,8.33,33,7.16,9,5,2,17,262,1
4458,54,Female,Student,6.23,103,7.02,8,4,2,5,190,9
4459,45,Male,Teacher,9.29,44,6.27,8,8,2,78,182,1
4460,30,Female,Teacher,6.42,81,7.17,6,8,1,61,215,8
4461,20,Male,Engineer,6.13,57,7.54,5,1,4,5,170,2
4462,28,Male,Student,8.17,57,5.59,2,6,3,85,245,8
4463,47,Female,Engineer,1.07,91,6.56,1,4,1,0,126,8
4464,44,Male,Engineer,4.37,97,5.56,6,7,4,30,284,7
4465,59,Male,Engineer,1.0,112,5.28,5,7,0,73,294,2
4466,48,Female,Teacher,7.8,94,5.16,6,5,4,24,101,9
4467,27,Male,Business,2.6,106,5.52,1,5,0,72,29,6
4468,51,Female,Business,6.14,21,5.95,5,6,2,7,298,7
4469,52,Male,Student,7.36,72,5.42,4,1,2,89,53,8
4470,46,Female,Teacher,3.58,40,6.38,6,3,0,72,21,8
4471,37,Female,Business,6.22,26,7.5,8,1,3,97,292,9
4472,33,Female,Teacher,4.04,98,6.98,6,3,3,106,40,4
4473,22,Male,Teacher,9.0,12,6.63,5,5,3,37,129,6
4474,29,Female,Designer,9.02,56,7.11,8,1,5,119,228,6
4475,30,Female,Teacher,4.61,48,8.4,6,4,4,53,150,9
4476,45,Female,Teacher,5.77,84,8.44,2,3,1,60,198,5
4477,20,Female,Doctor,4.97,106,4.79,5,6,3,91,183,2
4478,49,Female,Engineer,9.04,44,5.95,8,7,5,66,28,2
4479,19,Male,Business,5.13,105,7.27,1,5,1,16,217,1
4480,40,Female,Student,5.85,73,8.0,8,9,1,79,254,5
4481,23,Male,Business,6.02,70,7.15,3,8,4,63,99,1
4482,24,Male,Designer,9.14,23,4.65,4,8,4,108,204,9
4483,33,Female,Doctor,7.22,118,6.22,6,5,1,59,277,6
4484,58,Female,Doctor,2.97,28,8.22,5,5,5,55,281,7
4485,25,Female,Designer,2.51,106,7.99,4,8,0,78,216,2
4486,55,Male,Teacher,4.2,6,5.6,1,5,3,52,172,9
4487,41,Male,Business,4.5,108,7.56,1,3,2,84,145,3
4488,32,Female,Teacher,6.13,110,5.65,5,1,5,108,146,9
4489,30,Female,Teacher,1.76,49,7.11,3,3,5,26,123,6
4490,56,Female,Student,4.53,24,8.22,4,1,4,115,210,5
4491,46,Male,Teacher,8.21,68,5.64,4,5,5,10,184,6
4492,18,Female,Engineer,2.69,41,4.61,8,7,0,49,184,7
4493,23,Male,Doctor,4.05,71,8.55,6,9,3,21,150,1
4494,37,Male,Designer,6.87,96,7.32,2,5,1,95,295,2
4495,35,Female,Student,9.02,35,5.42,6,1,4,86,250,9
4496,31,Female,Teacher,7.89,44,7.4,5,3,5,101,136,1
4497,42,Female,Doctor,2.64,97,6.29,7,9,3,50,218,9
4498,42,Female,Engineer,4.88,112,6.57,7,8,5,15,154,1
4499,58,Male,Doctor,4.57,118,7.1,6,6,1,54,95,8
4500,41,Male,Doctor,2.14,22,4.79,6,4,2,59,255,9
4501,53,Male,Designer,6.75,28,7.61,2,1,0,111,149,7
4502,19,Male,Business,2.52,53,8.42,9,1,2,40,43,9
4503,53,Female,Teacher,2.08,58,8.12,8,7,2,46,67,6
4504,24,Female,Business,3.84,85,5.4,8,9,2,73,152,9
4505,23,Male,Teacher,2.63,73,8.52,5,7,0,55,120,3
4506,31,Female,Student,1.92,61,5.32,9,8,1,15,184,3
4507,50,Female,Student,3.58,51,8.08,2,2,2,117,215,1
4508,58,Female,Teacher,4.96,32,5.91,6,3,3,7,123,3
4509,35,Female,Teacher,4.89,80,8.73,4,3,5,47,181,7
4510,34,Male,Teacher,7.2,5,7.76,9,7,4,58,210,3
4511,49,Male,Student,5.41,73,6.16,8,3,4,26,100,9
4512,21,Male,Teacher,2.68,88,8.44,2,1,1,113,264,1
4513,31,Male,Business,2.45,29,7.97,8,6,0,18,88,6
4514,28,Female,Student,9.68,63,7.25,4,5,2,61,54,9
4515,56,Female,Engineer,3.79,98,8.94,1,9,0,106,125,2
4516,40,Female,Student,9.14,89,5.13,6,7,5,92,22,7
4517,58,Female,Designer,1.2,83,4.58,1,5,0,28,82,5
4518,41,Male,Doctor,4.65,91,6.61,6,4,2,51,80,2
4519,26,Male,Teacher,3.39,75,6.38,6,7,2,22,122,2
4520,50,Male,Teacher,5.96,82,7.66,9,8,4,49,164,5
4521,45,Male,Doctor,3.96,26,6.12,3,1,5,66,125,1
4522,30,Male,Student,7.64,106,4.66,8,1,1,27,277,4
4523,58,Male,Doctor,8.05,13,8.47,3,7,0,98,83,9
4524,19,Female,Engineer,6.63,44,8.8,5,4,1,36,98,9
4525,46,Female,Engineer,1.62,34,5.32,9,9,0,101,134,6
4526,25,Female,Engineer,2.79,119,4.96,4,3,0,13,172,8
4527,27,Male,Doctor,1.88,108,6.56,8,9,3,19,247,7
4528,18,Male,Engineer,7.0,28,4.36,1,9,3,15,219,9
4529,26,Female,Student,2.77,14,6.24,6,9,0,112,192,9
4530,33,Male,Student,9.68,59,6.99,5,3,2,75,250,5
4531,52,Female,Doctor,1.85,114,7.36,5,5,5,97,283,2
4532,55,Male,Student,5.72,83,4.02,6,7,5,91,177,2
4533,19,Male,Engineer,9.41,58,4.77,7,9,1,106,71,7
4534,20,Female,Student,4.41,57,4.41,7,6,5,17,282,1
4535,51,Female,Doctor,5.43,84,4.65,6,4,3,34,44,6
4536,25,Female,Teacher,8.1,80,5.9,8,7,0,83,74,8
4537,46,Female,Designer,6.39,55,6.28,2,8,3,24,85,1
4538,37,Female,Engineer,8.73,16,6.09,5,3,1,80,279,4
4539,36,Female,Business,4.83,75,7.44,4,6,1,11,190,7
4540,35,Male,Teacher,3.91,24,4.65,9,8,3,20,81,7
4541,35,Female,Student,2.97,13,7.84,9,6,5,106,217,9
4542,37,Female,Business,4.37,93,6.99,2,3,4,61,97,7
4543,36,Female,Doctor,7.03,90,8.69,4,9,2,37,212,2
4544,29,Male,Business,5.87,57,4.58,3,2,3,77,266,4
4545,51,Female,Doctor,5.81,116,5.1,4,4,2,34,34,6
4546,33,Male,Designer,5.39,39,4.38,7,3,4,54,283,3
4547,59,Female,Engineer,6.51,34,8.0,5,5,3,3,254,6
4548,40,Female,Engineer,9.21,82,7.54,6,1,1,109,134,7
4549,35,Female,Student,4.65,115,7.22,6,6,0,47,152,5
4550,28,Male,Business,8.03,67,5.32,7,6,1,40,162,5
4551,34,Male,Designer,1.33,49,5.81,6,1,4,27,212,9
4552,47,Female,Business,2.0,96,5.74,5,6,2,96,26,8
4553,31,Male,Teacher,1.68,66,4.6,6,7,4,43,42,8
4554,31,Female,Student,4.69,50,5.11,9,8,1,29,185,6
4555,59,Male,Student,6.45,83,4.51,1,7,0,44,226,5
4556,58,Male,Business,3.53,85,8.24,4,9,1,49,206,4
4557,52,Female,Doctor,7.31,47,6.39,1,6,1,70,87,5
4558,46,Male,Doctor,9.98,54,6.47,8,5,4,95,293,8
4559,27,Female,Doctor,4.0,65,5.25,9,4,0,3,276,8
4560,21,Male,Engineer,6.54,47,7.14,3,8,3,35,273,6
4561,56,Male,Teacher,9.59,76,4.73,9,7,4,103,130,5
4562,46,Female,Doctor,1.51,7,5.9,1,3,5,76,20,5
4563,22,Female,Engineer,4.95,114,8.08,4,2,2,55,165,2
4564,58,Male,Designer,6.37,100,5.59,4,3,4,37,67,5
4565,30,Female,Student,9.33,102,8.76,9,1,0,95,270,8
4566,30,Female,Business,5.83,71,5.8,6,5,4,81,284,5
4567,24,Male,Doctor,7.02,104,7.3,4,9,2,117,164,6
4568,37,Female,Teacher,7.25,6,5.44,3,2,5,49,254,2
4569,57,Male,Teacher,8.97,82,8.06,7,2,0,19,51,7
4570,35,Male,Student,5.66,19,4.07,7,3,3,114,136,3
4571,19,Female,Student,5.7,74,5.85,3,3,5,4,51,6
4572,27,Male,Designer,5.33,9,7.09,7,8,4,5,152,6
4573,51,Female,Designer,6.43,39,4.28,1,4,5,44,44,2
4574,52,Male,Designer,9.44,62,7.01,8,2,4,109,149,2
4575,55,Female,Doctor,5.61,116,5.85,4,8,2,115,210,7
4576,46,Female,Doctor,9.25,96,8.06,2,1,2,26,22,6
4577,29,Male,Engineer,8.11,57,5.16,6,5,4,100,117,3
4578,38,Female,Engineer,1.1,7,6.92,9,8,2,57,66,9
4579,38,Female,Doctor,1.93,92,7.25,3,9,2,69,173,5
4580,37,Female,Business,9.66,13,5.01,4,5,5,84,283,6
4581,41,Female,Doctor,5.43,54,6.82,9,9,4,54,179,7
4582,42,Female,Doctor,1.76,37,5.62,9,9,0,73,28,7
4583,56,Male,Designer,7.96,111,6.88,8,9,2,101,165,1
4584,46,Female,Doctor,9.15,31,4.04,7,6,1,7,56,8
4585,57,Female,Doctor,8.45,102,7.76,6,8,1,28,24,6
4586,27,Male,Designer,2.56,64,8.01,6,4,2,18,132,2
4587,54,Male,Teacher,9.83,64,4.36,8,1,1,102,206,7
4588,35,Female,Designer,2.12,33,6.93,1,5,0,90,294,7
4589,23,Female,Student,9.69,33,4.3,1,6,2,78,159,7
4590,24,Female,Student,3.07,113,6.67,1,8,4,55,183,2
4591,35,Female,Teacher,5.81,28,5.39,5,9,0,68,166,6
4592,36,Male,Student,6.25,89,4.35,7,2,0,61,162,5
4593,53,Female,Engineer,3.71,32,4.03,8,7,1,50,119,6
4594,36,Male,Business,5.43,118,8.59,2,9,0,11,192,3
4595,35,Female,Student,8.76,27,8.7,1,5,1,0,91,8
4596,48,Male,Designer,4.14,80,7.94,1,7,4,117,294,2
4597,36,Female,Teacher,5.88,98,5.22,5,3,1,4,279,2
4598,24,Male,Business,2.02,68,4.84,3,9,4,32,44,3
4599,27,Female,Engineer,6.23,60,8.63,8,8,1,115,154,8
4600,24,Female,Designer,1.66,57,7.93,2,6,1,7,44,4
4601,47,Female,Student,4.28,116,5.15,5,1,5,107,286,9
4602,18,Female,Teacher,3.56,45,4.35,1,7,5,62,269,1
4603,20,Female,Teacher,4.41,87,7.05,9,9,0,115,267,4
4604,39,Male,Student,1.19,54,7.44,4,5,0,49,274,2
4605,42,Female,Student,2.18,25,5.99,4,9,4,23,95,8
4606,34,Female,Teacher,9.95,34,7.01,9,6,1,3,92,7
4607,27,Female,Designer,2.96,49,4.09,4,6,1,40,20,2
4608,36,Female,Designer,8.12,108,4.85,3,3,5,5,89,7
4609,30,Male,Designer,4.5,73,4.74,1,9,5,66,94,1
4610,59,Male,Doctor,8.29,92,7.36,2,8,0,99,162,3
4611,59,Male,Business,9.27,63,4.25,5,2,5,77,24,7
4612,42,Male,Business,1.45,21,8.23,2,4,1,52,51,5
4613,47,Male,Designer,5.68,100,8.61,3,4,1,1,239,1
4614,54,Male,Business,4.37,40,6.81,9,4,5,97,87,4
4615,49,Female,Student,7.98,113,5.04,3,6,2,106,225,8
4616,31,Male,Designer,8.22,101,6.05,3,8,4,31,155,7
4617,50,Male,Business,4.62,62,7.73,7,7,0,87,129,5
4618,38,Male,Business,6.4,26,5.73,7,5,0,45,31,5
4619,37,Male,Business,6.59,46,4.19,1,9,1,56,267,1
4620,21,Female,Designer,9.49,60,4.4,1,9,4,8,36,9
4621,42,Female,Teacher,3.23,25,7.85,7,7,4,68,295,3
4622,41,Male,Teacher,4.17,56,6.33,4,7,3,41,254,2
4623,33,Female,Designer,8.4,51,6.34,6,4,3,47,57,1
4624,35,Male,Designer,3.74,95,7.51,9,9,1,98,287,9
4625,19,Female,Teacher,6.24,40,7.38,7,3,3,53,265,5
4626,55,Female,Engineer,4.52,52,4.96,2,3,1,78,69,6
4627,37,Female,Business,6.95,29,5.62,2,2,4,88,110,5
4628,45,Female,Designer,6.42,53,6.44,5,7,3,28,109,7
4629,42,Female,Designer,6.82,19,4.38,8,6,2,26,106,3
4630,51,Female,Student,1.39,16,6.09,4,6,3,15,83,2
4631,28,Female,Teacher,1.24,116,7.91,7,1,2,3,44,4
4632,20,Female,Teacher,8.62,39,7.48,9,5,4,1,82,8
4633,22,Female,Doctor,8.48,111,4.01,1,8,5,7,223,4
4634,25,Male,Doctor,4.62,81,7.23,8,5,5,86,255,9
4635,33,Female,Doctor,9.33,103,4.35,5,3,0,95,153,2
4636,19,Female,Business,9.32,67,8.94,6,7,5,28,204,9
4637,21,Male,Student,3.3,107,5.64,1,2,0,43,75,7
4638,27,Female,Designer,6.2,25,7.29,9,5,2,49,224,3
4639,21,Female,Business,7.68,45,5.97,9,7,1,24,85,5
4640,41,Female,Designer,2.88,67,4.95,7,9,2,57,30,4
4641,53,Male,Doctor,8.63,50,8.98,9,6,4,86,29,6
4642,57,Female,Business,2.72,38,4.86,7,6,1,110,64,1
4643,52,Male,Business,2.18,101,7.86,2,9,2,45,261,4
4644,44,Female,Student,6.42,22,6.85,9,1,2,74,247,5
4645,42,Male,Business,1.9,41,4.47,7,7,2,9,221,4
4646,39,Male,Designer,2.73,39,8.66,4,4,0,81,159,4
4647,53,Female,Designer,7.99,116,8.78,7,9,3,33,296,5
4648,24,Male,Teacher,5.07,18,8.99,1,3,2,7,218,9
4649,29,Female,Business,7.85,23,8.66,3,6,2,91,97,9
4650,29,Female,Teacher,8.94,101,8.37,8,6,1,41,272,3
4651,28,Male,Designer,2.31,18,6.54,3,1,1,64,267,7
4652,58,Male,Business,1.26,23,6.08,7,7,4,17,224,8
4653,53,Female,Teacher,2.05,74,7.12,9,6,2,51,116,1
4654,23,Male,Teacher,8.21,43,6.83,9,5,1,37,98,6
4655,52,Female,Teacher,6.85,9,4.45,3,8,1,45,216,5
4656,45,Female,Student,8.72,54,8.9,8,7,1,118,155,6
4657,40,Male,Designer,8.3,24,8.49,7,5,4,109,143,6
4658,26,Female,Business,5.35,5,7.12,3,6,5,85,114,9
4659,45,Male,Teacher,9.98,41,7.59,1,3,0,15,101,6
4660,18,Male,Designer,5.1,58,7.09,8,9,4,57,288,2
4661,57,Male,Engineer,3.51,31,8.44,8,2,5,112,54,7
4662,31,Female,Doctor,8.35,16,7.8,2,1,1,11,162,4
4663,55,Male,Doctor,6.1,73,5.1,4,2,1,28,48,9
4664,33,Female,Engineer,7.56,45,8.49,4,3,4,103,216,9
4665,28,Male,Teacher,6.44,62,4.94,1,2,2,83,170,7
4666,54,Female,Designer,2.14,70,6.98,8,2,2,2,30,3
4667,21,Female,Student,5.67,45,8.17,5,2,5,100,238,5
4668,42,Male,Doctor,5.7,91,6.62,7,7,3,84,160,4
4669,50,Female,Business,4.79,35,7.93,9,6,2,77,137,9
4670,54,Male,Teacher,9.32,70,4.65,6,3,0,69,70,5
4671,32,Male,Engineer,6.69,52,5.26,3,6,4,15,187,9
4672,28,Female,Teacher,9.0,22,8.07,6,4,3,73,210,7
4673,20,Male,Student,7.21,99,8.91,3,8,2,10,60,9
4674,42,Female,Engineer,9.06,78,4.85,4,6,0,14,41,2
4675,24,Male,Business,8.0,102,4.99,6,7,2,89,196,5
4676,28,Female,Engineer,3.33,90,6.31,8,2,0,102,77,5
4677,22,Female,Engineer,6.12,22,4.68,7,2,5,72,23,9
4678,41,Female,Engineer,3.91,87,6.89,5,4,2,49,111,2
4679,42,Male,Doctor,7.0,5,8.54,5,7,0,30,135,4
4680,34,Male,Teacher,9.04,34,6.49,7,4,0,21,105,8
4681,23,Male,Engineer,1.42,73,6.3,7,6,5,97,105,2
4682,21,Female,Doctor,4.12,106,4.39,2,6,4,77,68,2
4683,22,Female,Teacher,9.88,62,5.82,4,8,0,65,60,1
4684,46,Male,Student,8.66,9,7.96,3,4,3,81,195,6
4685,26,Female,Engineer,7.36,56,5.92,4,1,5,40,62,6
4686,44,Female,Doctor,8.25,60,6.17,1,9,3,69,68,6
4687,43,Male,Designer,7.63,34,8.75,5,2,4,51,271,3
4688,23,Female,Teacher,6.91,56,4.68,9,4,3,115,122,5
4689,55,Female,Engineer,8.17,101,5.26,5,2,5,103,249,5
4690,42,Female,Doctor,1.43,94,5.24,1,5,5,78,23,3
4691,48,Female,Designer,3.2,41,4.62,5,7,4,15,221,6
4692,22,Female,Doctor,6.14,15,8.79,9,4,1,68,293,4
4693,20,Male,Designer,4.01,117,4.63,1,6,2,25,78,3
4694,49,Male,Engineer,8.93,115,4.08,3,2,0,42,158,6
4695,58,Male,Student,1.01,14,4.51,6,1,1,75,138,3
4696,41,Male,Teacher,1.38,12,6.17,8,9,0,114,259,7
4697,51,Male,Doctor,2.59,82,4.44,9,9,0,53,91,6
4698,57,Male,Business,6.81,9,4.07,8,4,5,71,227,5
4699,59,Male,Doctor,1.87,91,5.51,2,3,3,60,271,7
4700,57,Female,Doctor,4.79,89,4.82,8,7,3,61,31,4
4701,26,Male,Engineer,4.2,46,6.59,5,7,4,17,154,7
4702,35,Male,Student,4.86,119,6.56,5,2,2,38,210,2
4703,47,Male,Business,7.12,85,6.54,3,4,0,27,195,8
4704,19,Male,Doctor,2.08,69,6.29,8,3,2,25,295,3
4705,41,Female,Designer,8.3,23,8.23,2,6,5,87,85,1
4706,20,Female,Business,1.04,31,4.2,8,6,4,40,294,8
4707,38,Male,Doctor,5.5,24,6.21,1,6,5,42,177,7
4708,46,Female,Business,8.54,106,4.5,6,1,2,54,135,4
4709,41,Female,Engineer,4.29,62,7.72,2,4,3,17,279,6
4710,36,Female,Doctor,1.98,79,5.29,9,4,4,85,246,3
4711,30,Male,Teacher,9.91,92,8.72,6,7,1,12,249,6
4712,34,Male,Designer,6.81,11,6.32,2,6,2,85,85,1
4713,31,Male,Designer,8.54,44,5.88,7,3,3,78,246,5
4714,55,Male,Engineer,2.06,97,8.52,4,2,3,74,222,6
4715,53,Female,Student,6.11,96,4.09,3,5,0,29,289,2
4716,23,Male,Doctor,3.21,113,6.96,3,8,3,102,50,4
4717,32,Male,Business,2.9,75,5.99,2,6,1,36,46,4
4718,27,Female,Teacher,3.16,17,5.75,8,2,4,67,292,1
4719,53,Female,Student,1.83,51,6.92,3,3,2,17,259,3
4720,56,Female,Doctor,1.29,32,5.43,4,9,4,99,135,6
4721,26,Female,Engineer,6.97,58,6.82,6,3,3,88,183,5
4722,54,Female,Engineer,8.14,67,7.73,4,6,3,18,127,4
4723,57,Female,Teacher,7.27,114,6.03,1,1,4,47,144,8
4724,30,Male,Student,4.59,19,5.26,7,2,5,75,112,8
4725,32,Male,Student,9.22,12,4.29,5,9,3,37,58,4
4726,48,Female,Teacher,1.88,63,4.21,6,2,1,108,221,2
4727,54,Female,Teacher,1.16,86,7.87,3,7,4,21,292,7
4728,40,Male,Engineer,9.76,90,5.46,1,4,3,79,246,1
4729,39,Female,Doctor,3.67,70,7.94,4,1,2,72,245,7
4730,43,Female,Doctor,3.21,101,8.55,4,5,5,69,253,6
4731,20,Female,Business,7.65,99,6.18,8,2,5,7,239,4
4732,47,Male,Teacher,3.99,37,5.41,6,8,3,93,212,7
4733,54,Male,Designer,9.61,80,5.88,8,9,5,19,120,2
4734,51,Female,Doctor,8.64,8,7.6,3,6,0,117,143,9
4735,45,Male,Engineer,6.79,52,8.31,7,9,5,110,190,5
4736,29,Male,Student,1.92,68,7.92,1,5,2,62,197,8
4737,52,Female,Teacher,1.78,46,8.59,5,3,1,15,174,1
4738,50,Male,Engineer,4.7,106,8.26,2,5,2,55,280,8
4739,33,Male,Designer,8.89,45,8.27,3,3,0,82,71,2
4740,28,Female,Doctor,5.56,72,5.56,2,3,0,89,184,6
4741,27,Male,Teacher,7.43,84,5.26,1,3,1,88,85,7
4742,33,Male,Doctor,7.43,54,6.45,2,4,1,8,246,2
4743,45,Female,Teacher,8.13,111,5.04,5,8,2,77,173,7
4744,55,Female,Doctor,6.69,94,6.35,6,6,5,56,166,1
4745,59,Female,Business,6.09,24,4.02,7,9,0,65,130,1
4746,26,Male,Teacher,8.2,65,4.25,7,2,4,61,219,3
4747,58,Female,Teacher,4.31,56,4.86,9,6,3,100,208,2
4748,37,Female,Designer,4.68,45,6.45,9,6,4,110,105,3
4749,55,Male,Designer,9.47,97,8.11,5,6,1,29,100,3
4750,59,Female,Teacher,9.72,89,5.71,7,8,2,65,53,8
4751,44,Male,Student,3.41,43,5.52,5,3,1,119,292,1
4752,48,Female,Business,1.27,24,7.14,1,1,1,43,133,8
4753,22,Female,Doctor,8.21,114,8.87,6,7,1,68,175,8
4754,36,Male,Teacher,2.41,100,7.29,7,2,5,67,149,5
4755,38,Male,Engineer,9.77,72,8.74,5,1,4,44,122,1
4756,23,Female,Engineer,3.34,43,4.03,5,7,4,59,62,4
4757,38,Female,Engineer,8.48,76,5.56,8,4,2,39,178,7
4758,52,Female,Doctor,2.45,8,7.45,1,1,2,91,290,6
4759,43,Male,Engineer,5.32,15,6.66,9,6,2,75,41,4
4760,55,Female,Student,3.67,106,5.47,2,3,2,117,152,3
4761,43,Female,Engineer,1.73,106,6.49,9,4,3,57,71,1
4762,56,Male,Designer,7.44,7,5.1,7,2,2,27,94,8
4763,35,Female,Business,2.23,31,4.67,4,6,2,108,66,6
4764,50,Male,Designer,1.63,89,7.45,1,8,4,72,273,9
4765,30,Male,Designer,7.8,100,4.78,2,8,1,20,101,8
4766,31,Female,Designer,2.59,56,7.18,7,8,5,66,116,4
4767,32,Male,Teacher,4.51,99,8.2,1,3,5,101,24,4
4768,30,Male,Designer,8.09,50,7.0,7,3,3,65,141,1
4769,44,Male,Doctor,5.77,46,5.57,2,9,1,72,147,4
4770,50,Female,Designer,4.86,57,7.18,8,2,1,82,110,4
4771,33,Male,Designer,6.2,43,7.01,5,8,0,93,34,5
4772,19,Male,Teacher,8.29,47,8.2,2,1,2,59,271,8
4773,50,Male,Designer,1.38,108,4.79,5,1,5,98,83,7
4774,47,Male,Teacher,2.33,55,5.74,4,8,5,81,39,9
4775,36,Female,Designer,8.02,36,5.97,9,4,3,17,114,4
4776,55,Male,Teacher,4.09,108,4.96,4,9,0,115,119,7
4777,37,Male,Designer,2.53,87,6.9,4,1,2,115,197,5
4778,57,Male,Business,8.6,24,4.56,6,6,3,73,135,8
4779,49,Male,Teacher,4.91,72,7.67,2,2,3,28,241,4
4780,25,Female,Teacher,5.32,83,5.2,2,6,3,88,49,4
4781,42,Female,Engineer,4.34,57,4.93,7,4,0,114,157,8
4782,52,Male,Business,8.45,57,4.91,2,7,5,40,37,5
4783,57,Male,Doctor,4.69,62,4.42,5,9,1,48,114,6
4784,28,Male,Teacher,6.46,19,5.53,4,3,1,100,123,3
4785,57,Female,Teacher,3.83,91,7.22,5,5,5,9,112,1
4786,28,Female,Engineer,7.0,114,4.49,1,1,4,94,213,8
4787,21,Male,Student,5.13,72,8.94,4,6,4,16,269,3
4788,26,Female,Engineer,4.32,86,5.12,8,7,3,46,213,9
4789,57,Male,Business,1.23,18,5.94,3,6,1,119,94,5
4790,19,Female,Designer,3.99,59,6.37,6,9,5,16,219,7
4791,47,Female,Business,7.86,83,8.02,6,4,2,12,231,6
4792,48,Female,Business,9.19,107,4.39,6,6,4,108,237,4
4793,36,Male,Student,8.64,73,4.69,8,8,2,92,86,1
4794,42,Male,Business,8.38,61,8.51,7,1,0,105,270,5
4795,41,Male,Teacher,6.94,14,6.89,1,4,0,91,273,6
4796,35,Female,Teacher,2.89,89,5.66,6,2,5,5,76,7
4797,55,Female,Teacher,5.76,87,8.64,7,3,3,8,126,6
4798,57,Female,Student,4.01,43,8.84,4,8,2,71,46,8
4799,39,Male,Engineer,8.87,110,8.02,9,5,5,33,98,1
4800,43,Male,Business,9.69,34,6.26,6,1,5,47,222,1
4801,53,Female,Engineer,8.06,104,5.24,2,9,2,69,278,6
4802,59,Male,Doctor,1.73,75,5.24,9,7,4,69,215,5
4803,50,Male,Engineer,7.5,25,8.86,3,7,3,94,194,3
4804,44,Male,Student,5.57,89,7.04,9,9,1,11,151,9
4805,33,Male,Student,8.92,58,5.31,2,9,0,26,86,6
4806,19,Female,Business,3.77,83,6.78,9,6,2,42,185,2
4807,29,Male,Student,3.9,86,4.94,9,6,5,91,35,6
4808,46,Male,Business,8.73,82,7.01,6,8,1,105,131,2
4809,58,Female,Business,1.8,47,4.13,8,3,3,107,56,7
4810,32,Female,Designer,3.23,98,5.04,9,2,5,16,140,2
4811,38,Female,Business,6.35,57,7.37,7,5,1,110,67,9
4812,41,Female,Doctor,6.0,68,6.38,9,4,1,35,61,8
4813,51,Male,Designer,4.46,86,6.13,9,9,3,115,141,5
4814,35,Male,Doctor,4.95,41,5.38,5,6,1,57,183,4
4815,53,Female,Business,5.67,25,6.39,5,2,5,44,92,5
4816,52,Male,Engineer,5.55,55,7.01,5,9,4,43,111,9
4817,21,Male,Teacher,9.59,62,6.43,5,4,1,111,96,6
4818,31,Female,Engineer,7.43,60,6.56,1,4,3,36,198,3
4819,19,Female,Student,7.91,41,5.17,5,8,5,52,196,4
4820,50,Female,Student,3.35,114,8.25,8,7,3,5,210,9
4821,28,Female,Designer,3.29,64,4.34,5,1,4,32,106,9
4822,52,Female,Engineer,1.96,35,6.41,2,1,1,91,210,4
4823,56,Male,Business,8.07,92,8.04,4,5,1,15,61,5
4824,48,Female,Student,7.97,51,7.58,5,8,5,85,209,3
4825,20,Male,Engineer,9.44,106,8.11,1,6,4,22,249,1
4826,23,Female,Student,4.99,76,6.51,8,9,1,69,173,5
4827,44,Female,Teacher,9.99,20,4.42,4,6,4,97,86,4
4828,48,Female,Teacher,8.41,102,6.77,7,1,5,104,194,9
4829,25,Female,Doctor,5.16,28,6.04,3,1,0,54,193,6
4830,38,Female,Engineer,6.2,119,6.27,1,2,3,82,96,6
4831,29,Male,Designer,3.92,49,8.51,8,6,5,39,204,9
4832,34,Female,Designer,7.78,98,5.52,6,8,2,25,215,2
4833,41,Male,Teacher,1.19,26,7.11,5,1,1,71,177,5
4834,49,Female,Doctor,2.02,76,4.55,2,8,4,113,140,1
4835,32,Female,Business,2.87,19,4.14,4,1,3,101,135,3
4836,33,Female,Business,6.44,29,8.3,5,5,4,23,127,8
4837,58,Female,Engineer,5.79,39,6.09,2,3,3,23,264,6
4838,50,Female,Student,9.54,14,4.31,1,9,4,0,191,3
4839,48,Male,Student,3.51,24,8.87,9,8,5,86,54,9
4840,28,Female,Student,6.62,88,8.26,5,8,0,39,183,9
4841,32,Female,Doctor,8.18,55,6.21,3,5,3,86,181,6
4842,48,Male,Designer,5.67,21,5.44,6,7,1,39,132,6
4843,41,Male,Teacher,5.26,110,8.91,4,9,5,30,289,8
4844,22,Male,Business,7.53,18,5.91,6,3,5,75,219,6
4845,30,Female,Designer,6.42,52,6.46,1,7,5,99,243,5
4846,25,Female,Business,2.3,64,6.95,8,4,1,75,40,4
4847,26,Male,Student,6.8,25,7.44,9,6,5,29,142,1
4848,26,Male,Business,2.73,105,4.89,8,8,0,55,106,3
4849,26,Female,Doctor,1.47,39,5.41,9,2,1,49,209,9
4850,27,Male,Business,6.32,78,4.99,6,4,0,79,101,2
4851,18,Male,Doctor,2.57,77,8.24,5,6,1,107,35,9
4852,46,Female,Designer,4.89,67,5.56,9,4,5,26,136,2
4853,25,Male,Teacher,7.15,72,7.42,8,9,4,95,109,3
4854,36,Female,Student,5.96,49,7.12,5,6,5,86,154,8
4855,55,Female,Designer,5.1,115,4.08,6,6,1,9,156,6
4856,57,Female,Designer,5.66,116,5.55,8,4,3,15,79,9
4857,23,Male,Engineer,4.32,37,7.23,7,2,4,70,153,3
4858,40,Male,Designer,8.93,61,5.91,3,6,3,84,281,8
4859,51,Female,Teacher,5.26,30,4.31,4,4,2,14,34,9
4860,57,Female,Business,5.95,90,8.89,2,6,2,13,167,1
4861,44,Male,Doctor,7.35,99,6.29,5,8,3,67,290,4
4862,24,Male,Engineer,9.24,99,4.07,3,5,1,16,186,3
4863,53,Male,Designer,3.17,46,6.73,4,7,0,59,70,1
4864,32,Male,Designer,7.83,15,4.85,2,6,3,111,244,2
4865,18,Male,Business,7.51,83,5.01,2,8,2,1,186,7
4866,40,Male,Teacher,6.48,5,6.26,1,1,2,38,118,2
4867,35,Female,Doctor,2.79,117,4.94,3,3,2,21,236,4
4868,29,Female,Business,8.11,12,5.56,9,2,2,79,269,9
4869,19,Female,Business,2.99,61,4.82,8,4,0,35,296,8
4870,39,Female,Student,3.43,55,8.15,7,5,0,39,223,5
4871,45,Male,Designer,2.79,73,5.5,3,5,0,8,240,7
4872,56,Male,Student,8.29,68,7.97,1,9,4,17,188,9
4873,28,Female,Student,7.01,32,8.36,8,3,1,51,103,5
4874,24,Male,Student,9.94,118,6.31,3,3,0,93,62,1
4875,32,Female,Teacher,8.96,115,6.63,2,6,1,61,126,4
4876,44,Female,Business,8.29,89,6.01,4,2,0,37,166,4
4877,28,Female,Doctor,2.58,83,4.26,5,7,3,110,244,9
4878,18,Male,Teacher,7.71,29,7.79,9,3,4,107,282,6
4879,31,Female,Engineer,2.32,100,6.01,7,5,3,115,162,6
4880,59,Female,Doctor,4.76,93,5.25,1,6,3,19,269,1
4881,58,Female,Engineer,7.79,90,6.82,3,8,1,94,205,4
4882,23,Male,Business,7.59,36,4.19,1,6,1,100,263,6
4883,45,Male,Engineer,7.59,51,8.41,9,2,1,62,118,1
4884,43,Male,Designer,1.54,89,6.67,7,5,4,5,181,9
4885,48,Female,Engineer,8.55,25,6.66,3,7,0,21,77,2
4886,47,Female,Engineer,9.04,7,4.83,5,3,2,88,84,9
4887,31,Female,Doctor,5.83,75,5.45,7,9,0,38,282,4
4888,29,Male,Engineer,4.5,89,7.39,3,9,4,60,289,4
4889,57,Male,Student,1.44,24,7.17,9,5,0,4,99,7
4890,53,Male,Business,5.27,44,8.4,8,9,3,91,163,2
4891,26,Female,Student,3.55,91,6.88,4,3,0,63,22,2
4892,48,Male,Business,1.72,18,6.87,4,8,0,92,299,9
4893,27,Female,Teacher,6.54,102,5.54,5,7,2,85,245,9
4894,46,Male,Teacher,1.63,11,5.95,5,4,5,60,170,3
4895,59,Female,Doctor,7.94,30,6.14,3,5,3,15,131,1
4896,54,Male,Engineer,1.27,36,6.72,3,4,2,79,77,4
4897,24,Male,Business,2.64,78,4.55,5,1,1,115,151,3
4898,19,Female,Designer,2.49,24,5.12,5,9,4,44,288,7
4899,41,Female,Doctor,7.82,39,7.23,2,7,5,11,102,1
4900,43,Male,Doctor,8.31,65,6.97,4,7,4,45,29,8
4901,27,Female,Business,5.27,80,4.73,2,9,4,66,292,5
4902,57,Female,Student,3.41,36,8.27,2,4,2,49,263,9
4903,53,Male,Teacher,1.69,118,8.85,7,3,1,69,53,7
4904,59,Male,Designer,3.1,36,6.99,2,1,3,17,62,3
4905,31,Female,Doctor,7.39,54,7.48,5,5,5,14,182,4
4906,42,Female,Engineer,3.28,51,8.02,1,6,3,93,132,2
4907,47,Female,Doctor,8.03,55,4.82,7,1,5,15,155,5
4908,31,Male,Doctor,1.56,118,5.62,4,5,4,28,138,7
4909,43,Female,Doctor,8.1,40,7.84,3,2,2,108,152,8
4910,50,Male,Doctor,9.0,112,6.93,4,6,2,114,77,5
4911,21,Female,Engineer,9.01,48,5.66,1,8,4,50,157,2
4912,44,Male,Teacher,6.63,93,8.18,9,6,1,32,254,1
4913,27,Male,Engineer,6.38,74,8.45,4,2,4,59,114,3
4914,29,Male,Doctor,9.28,78,4.36,3,4,5,76,282,1
4915,58,Female,Designer,6.13,14,4.7,1,3,4,13,53,1
4916,31,Male,Student,4.69,36,5.89,8,2,1,57,167,7
4917,45,Male,Engineer,3.93,32,7.72,5,9,4,119,130,2
4918,59,Male,Doctor,6.85,112,4.76,7,4,0,22,173,3
4919,31,Male,Business,9.36,114,7.82,3,6,1,25,238,9
4920,24,Male,Engineer,8.5,50,7.26,9,3,1,75,158,2
4921,29,Male,Student,9.11,71,4.89,9,1,0,26,120,9
4922,22,Female,Teacher,5.54,97,8.36,9,9,0,89,208,9
4923,56,Female,Designer,7.95,7,7.99,9,4,3,75,278,6
4924,26,Male,Doctor,5.97,86,6.14,2,7,4,69,145,1
4925,35,Female,Business,9.13,51,5.0,4,7,4,65,224,6
4926,21,Male,Teacher,9.51,68,6.26,1,9,2,109,215,2
4927,54,Female,Doctor,7.98,94,5.1,6,9,3,26,182,7
4928,48,Female,Engineer,5.66,49,8.37,1,5,1,71,23,3
4929,50,Male,Designer,8.57,107,4.3,1,5,1,38,222,7
4930,22,Female,Engineer,5.02,104,7.31,5,6,2,119,217,4
4931,56,Male,Teacher,3.42,24,5.85,3,4,0,35,127,3
4932,55,Female,Student,4.21,100,8.75,9,5,1,118,240,4
4933,57,Male,Engineer,7.84,82,7.28,8,2,2,98,194,7
4934,52,Female,Designer,9.45,117,5.61,2,3,0,17,82,6
4935,52,Female,Doctor,1.5,113,4.21,9,6,4,72,208,1
4936,32,Female,Doctor,2.97,57,7.6,3,8,0,80,251,7
4937,26,Male,Student,8.04,10,4.69,6,3,0,114,273,2
4938,38,Female,Teacher,7.56,9,4.61,8,1,0,96,271,4
4939,36,Male,Designer,1.63,77,4.64,1,2,3,81,28,2
4940,25,Male,Student,9.08,85,6.47,6,8,5,115,93,8
4941,42,Male,Teacher,3.22,17,8.14,9,7,0,109,250,2
4942,55,Male,Business,9.74,32,7.77,2,5,4,60,150,5
4943,42,Female,Business,5.29,66,4.68,9,7,3,21,230,6
4944,23,Male,Designer,7.04,46,8.69,9,1,0,101,28,1
4945,19,Male,Business,2.39,61,7.05,9,7,5,108,162,4
4946,36,Male,Teacher,8.48,50,8.01,5,7,5,111,76,7
4947,24,Female,Student,4.38,117,6.79,3,6,2,14,189,8
4948,39,Male,Engineer,6.92,9,6.87,9,1,3,91,147,9
4949,34,Male,Business,6.72,77,4.92,9,4,4,66,114,4
4950,33,Female,Teacher,4.83,94,5.92,4,5,1,84,93,9
4951,26,Female,Teacher,1.09,22,5.91,5,2,3,70,170,1
4952,22,Male,Doctor,7.41,30,7.51,8,7,3,93,63,9
4953,19,Male,Designer,7.61,61,7.37,8,7,3,5,244,9
4954,51,Male,Engineer,8.59,69,6.3,9,7,4,65,189,2
4955,57,Female,Student,3.46,10,8.22,9,6,1,77,240,6
4956,36,Male,Doctor,1.4,117,7.94,7,2,1,5,266,3
4957,18,Male,Business,7.13,111,7.54,2,2,1,25,122,9
4958,56,Female,Student,4.71,39,6.98,3,1,1,118,128,7
4959,48,Female,Business,2.53,38,6.77,5,3,2,76,138,1
4960,18,Male,Doctor,4.65,108,5.41,3,2,2,11,187,1
4961,34,Female,Student,5.44,80,8.0,9,9,1,19,58,8
4962,45,Female,Student,4.78,48,7.46,7,1,2,0,168,1
4963,54,Female,Teacher,4.37,47,6.92,9,4,4,35,177,6
4964,48,Female,Student,8.22,67,7.74,4,9,4,27,127,5
4965,33,Female,Engineer,9.42,67,4.32,2,2,1,108,111,2
4966,37,Male,Designer,9.14,20,4.93,2,3,5,79,167,5
4967,58,Male,Teacher,1.69,113,5.67,2,6,0,25,132,8
4968,28,Female,Engineer,1.7,101,6.43,7,7,3,68,209,2
4969,42,Female,Student,6.86,104,4.33,5,5,5,110,222,7
4970,30,Male,Business,5.56,19,7.93,7,5,2,112,225,2
4971,53,Male,Business,7.73,116,6.49,9,1,2,7,208,6
4972,48,Male,Doctor,1.74,36,6.09,4,5,1,118,154,7
4973,55,Male,Student,2.16,35,6.12,1,7,4,119,215,9
4974,32,Male,Engineer,6.75,108,8.34,7,6,4,32,45,5
4975,50,Male,Student,1.59,104,5.85,5,3,1,116,86,2
4976,56,Male,Teacher,4.86,41,7.9,9,5,2,93,193,6
4977,43,Male,Student,5.28,113,7.67,2,7,4,33,128,4
4978,18,Male,Doctor,3.32,10,7.68,5,4,0,71,176,2
4979,19,Female,Designer,2.37,9,8.96,4,2,1,88,178,1
4980,31,Female,Student,8.57,15,7.46,1,4,0,46,245,6
4981,54,Male,Engineer,6.96,66,5.47,8,5,4,30,134,8
4982,41,Female,Student,6.79,18,5.36,6,3,3,0,289,7
4983,31,Female,Teacher,9.84,44,7.68,4,9,5,79,228,4
4984,46,Female,Engineer,6.83,90,5.68,9,6,1,10,133,6
4985,50,Female,Doctor,2.85,53,6.38,9,7,5,73,296,6
4986,33,Male,Business,8.63,99,4.81,8,1,1,90,177,9
4987,25,Male,Student,8.86,50,6.82,7,7,3,17,112,2
4988,20,Male,Business,6.47,100,7.93,1,8,2,83,147,3
4989,30,Female,Teacher,7.64,106,7.76,1,7,2,110,27,9
4990,27,Male,Teacher,6.27,71,7.38,5,8,4,103,153,9
4991,29,Female,Teacher,7.66,84,6.28,5,8,2,107,151,9
4992,47,Female,Student,1.92,105,4.55,1,3,4,51,269,7
4993,39,Female,Designer,2.15,35,7.07,5,8,5,79,224,4
4994,35,Female,Business,4.15,6,7.35,5,7,0,38,78,3
4995,50,Female,Business,8.46,33,7.47,6,7,4,7,153,3
4996,44,Female,Doctor,7.36,104,5.46,6,6,0,74,40,3
4997,42,Male,Business,3.3,108,8.88,5,3,2,29,29,1
4998,23,Male,Student,5.87,79,4.67,2,1,0,110,227,9
4999,35,Male,Student,8.97,95,6.09,6,3,5,7,176,2
5000,23,Male,Doctor,8.62,96,4.01,8,9,2,73,148,4
5001,19,Female,Designer,6.71,49,7.94,9,7,1,0,214,7
5002,43,Male,Designer,5.73,104,5.58,7,3,5,109,209,5
5003,53,Male,Business,4.91,79,8.36,5,9,1,3,259,9
5004,55,Male,Student,3.26,37,6.78,4,3,1,78,148,8
5005,18,Female,Teacher,2.31,30,4.6,3,1,0,86,250,3
5006,46,Female,Business,6.25,98,5.09,9,8,0,59,174,4
5007,19,Female,Engineer,5.09,34,7.39,3,3,0,14,163,9
5008,39,Female,Business,1.13,70,4.41,9,3,1,57,111,1
5009,58,Female,Teacher,6.8,50,7.54,2,8,3,67,160,5
5010,24,Male,Teacher,9.54,78,7.6,8,2,3,81,261,4
5011,46,Male,Teacher,2.94,84,7.06,9,6,0,67,76,1
5012,21,Male,Business,8.13,83,7.7,1,2,5,117,222,2
5013,30,Male,Student,6.53,113,7.48,1,4,1,21,134,4
5014,30,Male,Student,6.08,82,8.82,5,5,3,65,297,9
5015,38,Male,Business,8.97,25,7.21,2,7,1,10,263,7
5016,22,Female,Student,2.43,38,6.54,2,6,0,51,100,5
5017,57,Female,Doctor,8.3,39,8.16,9,6,4,0,55,4
5018,54,Male,Designer,6.1,65,6.32,3,1,1,17,47,4
5019,25,Female,Business,9.07,104,5.6,1,1,2,13,217,4
5020,28,Female,Teacher,9.5,74,5.16,4,8,0,34,48,3
5021,44,Female,Business,4.08,21,5.25,7,4,5,87,151,2
5022,46,Female,Teacher,7.77,110,6.45,4,7,0,108,256,1
5023,19,Male,Designer,8.93,11,7.38,9,6,0,118,296,8
5024,43,Female,Engineer,6.88,95,5.81,9,4,0,52,280,6
5025,45,Female,Engineer,7.52,32,6.17,4,4,1,10,247,8
5026,40,Male,Teacher,2.05,60,7.87,3,7,3,13,216,7
5027,19,Male,Teacher,4.66,79,6.3,4,4,2,27,196,3
5028,57,Male,Student,8.06,26,6.5,7,4,0,27,133,1
5029,51,Female,Doctor,8.23,72,6.98,4,4,3,89,298,2
5030,47,Female,Business,9.06,19,7.7,7,9,3,68,106,7
5031,55,Male,Engineer,7.98,97,4.44,2,7,5,89,151,6
5032,29,Male,Designer,8.42,18,8.81,9,6,5,66,171,3
5033,58,Female,Teacher,7.85,81,8.05,5,4,3,43,55,8
5034,18,Female,Designer,8.51,73,5.54,2,9,5,15,245,5
5035,21,Male,Designer,5.64,92,7.95,5,3,4,84,160,6
5036,29,Female,Doctor,3.24,113,7.97,8,2,4,68,226,2
5037,41,Female,Business,6.63,18,7.92,1,4,0,57,113,9
5038,55,Male,Student,6.24,60,7.75,2,2,5,77,49,9
5039,34,Female,Doctor,4.25,98,4.61,4,4,3,106,50,8
5040,30,Female,Designer,3.57,64,4.73,2,5,2,82,113,6
5041,21,Male,Business,7.37,87,8.22,2,4,0,9,186,2
5042,56,Female,Business,5.12,114,7.75,8,1,5,55,120,1
5043,52,Female,Business,7.87,98,8.35,8,2,1,68,134,1
5044,41,Female,Teacher,6.2,82,7.47,7,5,1,66,149,7
5045,37,Female,Business,2.36,25,7.45,8,5,3,3,36,8
5046,36,Male,Doctor,10.0,76,8.35,7,3,5,74,259,5
5047,26,Female,Doctor,7.16,51,4.25,3,6,5,75,140,5
5048,50,Female,Doctor,7.76,108,5.91,4,1,1,109,274,2
5049,40,Female,Doctor,8.88,76,6.2,7,9,3,71,83,8
5050,59,Female,Teacher,1.08,71,5.31,6,5,0,109,209,7
5051,54,Male,Engineer,1.55,45,8.43,6,4,5,14,35,8
5052,31,Male,Business,8.4,74,6.13,5,4,2,50,26,1
5053,58,Female,Doctor,3.36,75,7.94,8,3,3,69,73,7
5054,21,Male,Doctor,4.44,33,8.81,4,5,5,95,80,8
5055,58,Female,Business,3.03,78,6.57,7,5,3,73,212,4
5056,32,Female,Student,6.8,119,4.34,1,9,1,47,44,9
5057,29,Female,Student,9.38,34,7.12,9,4,2,113,121,4
5058,52,Male,Teacher,1.64,100,8.64,9,1,0,72,200,2
5059,21,Female,Doctor,1.6,72,5.16,3,5,5,70,40,7
5060,48,Male,Teacher,1.05,114,6.08,3,1,3,95,222,7
5061,47,Female,Engineer,1.72,65,4.49,8,8,0,92,282,7
5062,32,Female,Engineer,4.3,71,8.08,5,8,5,11,152,2
5063,37,Male,Student,2.99,29,7.05,3,3,1,26,61,2
5064,28,Female,Engineer,6.72,48,6.61,2,2,4,111,184,5
5065,50,Female,Student,9.38,11,5.73,9,5,1,96,187,2
5066,46,Male,Teacher,2.01,6,8.65,1,3,2,36,188,7
5067,43,Female,Doctor,3.75,92,7.72,6,1,4,115,73,8
5068,51,Male,Teacher,7.12,59,4.38,7,9,1,10,284,7
5069,30,Female,Teacher,9.95,12,4.35,3,7,5,11,99,4
5070,30,Female,Designer,6.18,75,8.4,8,5,0,48,43,7
5071,34,Female,Teacher,9.23,50,7.95,9,4,4,12,201,2
5072,56,Male,Engineer,7.12,87,8.14,6,8,2,14,254,1
5073,35,Male,Doctor,7.17,24,5.45,1,3,2,0,297,7
5074,48,Female,Teacher,9.97,12,8.73,8,4,4,57,63,1
5075,41,Male,Student,4.75,112,4.37,1,2,2,51,262,3
5076,38,Female,Doctor,5.94,91,5.63,6,4,4,29,71,3
5077,38,Female,Student,1.87,96,6.79,5,8,5,38,259,6
5078,40,Female,Student,5.22,72,7.47,8,9,1,15,140,4
5079,29,Female,Doctor,6.96,14,4.68,3,3,2,55,291,6
5080,40,Female,Business,8.31,16,4.67,1,4,5,9,258,1
5081,27,Female,Designer,7.92,48,5.61,4,8,2,74,152,4
5082,44,Female,Doctor,1.93,113,7.7,1,4,2,81,178,7
5083,48,Female,Student,5.75,19,6.6,8,8,5,51,246,2
5084,43,Male,Business,1.3,103,7.35,4,3,0,19,214,4
5085,48,Female,Student,3.57,118,6.67,7,1,1,93,41,9
5086,49,Female,Doctor,4.44,109,5.19,3,7,2,22,238,3
5087,28,Male,Engineer,8.62,8,8.23,3,6,2,93,248,7
5088,34,Female,Doctor,5.71,33,7.56,6,2,1,3,235,7
5089,37,Female,Designer,7.75,90,5.22,3,4,0,43,215,3
5090,36,Female,Engineer,7.93,113,7.21,3,4,5,89,114,6
5091,26,Male,Designer,6.95,102,4.09,1,5,4,15,89,1
5092,42,Female,Business,3.23,47,5.65,6,5,1,45,47,7
5093,54,Male,Designer,4.92,23,8.15,9,6,5,88,66,5
5094,51,Female,Teacher,6.62,35,4.59,9,5,0,10,197,9
5095,20,Female,Designer,8.82,107,8.09,4,1,1,58,243,4
5096,30,Female,Teacher,3.23,89,6.55,7,2,2,82,55,5
5097,28,Male,Doctor,6.0,86,6.94,8,5,1,8,52,4
5098,21,Female,Engineer,5.4,72,4.95,4,5,2,19,79,6
5099,47,Male,Student,3.09,107,7.84,3,2,0,40,46,5
5100,34,Male,Business,5.42,91,8.79,2,2,4,14,142,3
5101,19,Female,Student,5.07,54,7.81,3,3,5,84,180,3
5102,58,Male,Doctor,3.37,75,6.79,2,5,5,43,52,3
5103,36,Female,Teacher,4.94,70,4.86,9,6,2,29,193,7
5104,24,Male,Student,2.05,93,8.35,8,5,1,14,177,8
5105,28,Female,Engineer,5.98,21,6.2,3,2,4,67,110,8
5106,50,Female,Doctor,2.2,106,8.6,6,7,3,35,55,8
5107,25,Male,Business,6.64,103,6.68,6,1,1,50,153,6
5108,27,Female,Designer,2.87,96,8.13,9,7,0,88,52,5
5109,20,Female,Student,3.63,11,7.47,5,7,0,51,144,9
5110,38,Male,Business,6.37,19,8.37,4,9,3,103,149,6
5111,21,Female,Business,2.24,93,7.25,6,2,1,91,43,8
5112,24,Female,Teacher,10.0,34,7.55,7,6,2,109,160,5
5113,27,Male,Doctor,2.39,117,4.11,1,4,0,0,180,1
5114,25,Female,Business,2.71,91,6.96,5,2,0,46,283,3
5115,26,Female,Student,1.48,66,6.74,8,5,0,96,160,9
5116,41,Female,Student,2.67,71,7.63,4,5,0,84,187,4
5117,25,Male,Designer,6.02,30,8.34,4,3,5,82,63,3
5118,36,Female,Designer,8.35,74,6.87,1,7,0,21,49,3
5119,38,Male,Designer,7.72,75,7.67,8,8,3,63,249,7
5120,34,Male,Teacher,9.02,95,5.49,7,2,3,101,64,4
5121,36,Male,Engineer,8.9,96,5.79,5,9,0,93,155,3
5122,38,Male,Business,3.16,47,7.32,3,8,3,18,27,1
5123,55,Female,Engineer,2.95,106,7.42,7,7,1,2,193,4
5124,57,Female,Engineer,7.78,64,8.68,2,7,2,55,263,1
5125,44,Female,Teacher,5.27,12,6.47,8,4,5,71,152,7
5126,35,Female,Teacher,2.5,48,8.01,1,2,2,92,201,3
5127,55,Female,Doctor,1.1,50,4.06,4,1,5,65,125,5
5128,53,Female,Teacher,9.09,15,5.43,6,5,2,95,216,5
5129,29,Female,Engineer,4.91,54,7.06,6,9,4,58,53,3
5130,47,Male,Student,6.14,39,5.36,9,8,2,39,252,4
5131,53,Male,Business,4.69,7,4.32,4,4,0,88,223,6
5132,25,Female,Doctor,4.26,60,7.13,7,6,0,118,61,5
5133,41,Male,Student,9.44,114,4.41,4,6,1,108,164,5
5134,36,Male,Student,1.95,30,7.09,5,9,4,11,267,8
5135,18,Male,Doctor,6.76,62,7.54,3,5,4,20,231,5
5136,29,Female,Designer,7.38,23,4.33,8,9,0,22,21,6
5137,57,Male,Business,6.98,48,5.12,8,6,3,109,161,1
5138,23,Male,Designer,7.44,16,8.69,7,7,5,9,271,9
5139,47,Male,Doctor,3.2,21,7.47,7,1,1,99,148,1
5140,19,Female,Student,5.42,111,8.61,3,2,2,72,137,1
5141,35,Male,Business,7.27,89,6.2,6,4,3,110,156,7
5142,33,Male,Designer,9.78,113,6.45,1,7,5,14,189,4
5143,33,Male,Teacher,7.64,50,5.2,2,4,5,104,275,3
5144,21,Female,Doctor,7.46,59,7.33,8,3,5,89,163,3
5145,37,Female,Engineer,7.78,54,5.77,3,1,1,15,182,8
5146,57,Male,Student,8.37,88,5.57,5,2,2,54,78,2
5147,30,Female,Teacher,6.35,93,7.2,1,4,5,79,167,2
5148,44,Male,Doctor,3.67,67,5.2,6,1,4,88,267,8
5149,37,Male,Teacher,7.84,31,8.57,2,8,2,19,56,1
5150,48,Male,Teacher,3.63,20,6.78,8,5,5,23,129,7
5151,54,Female,Doctor,9.54,28,7.18,5,8,3,58,191,8
5152,49,Female,Teacher,4.68,43,5.27,2,1,2,52,295,9
5153,44,Female,Doctor,6.88,10,4.19,2,1,1,4,260,6
5154,19,Female,Teacher,2.5,26,6.9,1,2,0,116,250,3
5155,31,Male,Designer,1.53,106,8.55,2,7,3,95,106,8
5156,32,Female,Business,6.44,11,8.25,4,2,2,0,96,3
5157,31,Female,Engineer,5.1,17,5.0,4,1,4,76,110,7
5158,35,Male,Doctor,9.61,46,7.69,7,7,0,86,188,7
5159,43,Male,Student,1.52,46,5.22,9,1,0,77,217,4
5160,20,Female,Designer,9.43,11,4.15,5,3,4,48,47,5
5161,39,Female,Business,5.17,76,7.95,3,1,2,43,96,6
5162,58,Female,Teacher,3.18,74,8.59,3,5,1,110,61,9
5163,51,Male,Engineer,7.79,113,8.6,9,2,3,11,97,8
5164,44,Male,Teacher,8.44,32,5.14,6,8,5,92,248,8
5165,54,Male,Doctor,6.31,94,8.16,7,8,3,20,210,9
5166,40,Female,Business,4.31,53,7.15,1,8,1,81,88,2
5167,46,Female,Teacher,8.49,93,7.03,2,9,1,59,23,9
5168,45,Male,Doctor,7.18,58,8.12,4,7,1,57,154,5
5169,54,Female,Student,5.34,39,8.3,3,4,2,12,283,1
5170,54,Male,Designer,5.67,92,4.4,4,9,5,14,74,6
5171,31,Male,Business,9.69,91,8.23,9,9,4,94,37,8
5172,52,Female,Doctor,1.56,81,6.79,3,9,3,53,61,6
5173,31,Male,Designer,4.68,37,6.84,1,9,4,99,187,8
5174,38,Male,Designer,8.24,9,7.49,6,6,4,25,203,7
5175,27,Male,Doctor,2.3,72,5.7,7,6,3,19,189,6
5176,46,Male,Doctor,7.37,83,4.8,1,5,2,53,52,7
5177,22,Male,Business,4.08,83,5.9,1,2,3,29,240,8
5178,28,Female,Engineer,6.86,82,6.77,3,2,3,55,81,4
5179,49,Female,Doctor,6.48,37,8.55,2,7,5,37,259,6
5180,57,Female,Designer,6.65,46,7.04,4,8,3,48,286,1
5181,56,Male,Designer,3.11,46,5.14,8,4,1,62,180,1
5182,20,Male,Doctor,4.36,82,7.02,1,5,4,109,26,1
5183,20,Male,Doctor,3.35,92,4.29,2,5,2,32,79,9
5184,52,Female,Designer,4.43,63,7.18,2,5,5,105,87,5
5185,42,Male,Teacher,1.83,92,7.12,9,2,5,98,22,9
5186,58,Male,Student,2.77,26,5.12,1,9,1,38,170,7
5187,46,Male,Engineer,1.5,31,4.69,8,3,3,109,134,9
5188,52,Male,Engineer,5.72,90,4.23,2,7,1,77,50,1
5189,23,Female,Teacher,5.25,8,6.35,5,9,5,42,290,8
5190,53,Female,Doctor,5.54,45,5.57,9,7,4,105,102,2
5191,39,Female,Engineer,9.46,33,5.42,8,1,0,96,93,2
5192,29,Male,Business,6.5,111,4.59,4,7,1,32,174,7
5193,25,Female,Engineer,4.73,18,7.38,3,4,5,82,240,1
5194,18,Male,Student,3.86,116,6.59,8,4,4,106,22,7
5195,50,Female,Doctor,9.93,14,7.84,5,3,0,22,54,4
5196,20,Female,Designer,8.47,24,8.63,1,9,4,16,290,1
5197,43,Male,Designer,4.28,90,7.8,9,2,1,88,222,8
5198,42,Male,Student,8.8,83,4.26,8,2,3,40,51,5
5199,56,Male,Engineer,8.77,5,5.73,4,4,0,18,188,9
5200,54,Female,Engineer,3.22,92,7.4,2,6,0,0,276,3
5201,50,Male,Business,2.11,40,7.56,7,1,0,87,254,3
5202,35,Male,Student,1.49,116,7.82,9,6,5,107,168,4
5203,32,Female,Designer,4.62,73,5.32,5,4,5,24,107,2
5204,57,Female,Designer,7.26,42,6.23,7,1,5,62,198,8
5205,33,Male,Teacher,7.4,118,6.99,7,2,3,117,259,9
5206,31,Female,Teacher,4.45,51,7.56,9,2,1,21,254,7
5207,38,Male,Student,8.04,103,4.34,3,6,2,76,96,9
5208,48,Female,Doctor,1.51,94,7.29,7,4,4,94,55,4
5209,20,Female,Student,9.37,65,7.8,7,4,5,93,75,5
5210,51,Male,Engineer,4.81,30,8.46,4,6,4,71,120,5
5211,55,Female,Student,4.78,84,5.12,7,8,4,45,214,7
5212,49,Female,Doctor,1.97,100,8.52,7,1,5,10,40,8
5213,24,Male,Designer,9.28,70,8.65,1,3,5,95,77,8
5214,23,Female,Doctor,3.08,49,6.73,6,7,0,102,147,1
5215,38,Male,Student,4.3,83,5.2,8,5,5,80,139,6
5216,29,Female,Student,6.05,35,4.66,4,4,4,113,85,9
5217,30,Male,Engineer,8.33,32,8.84,2,2,3,14,139,9
5218,59,Male,Designer,9.65,58,6.44,6,7,2,112,187,3
5219,36,Male,Engineer,4.42,32,4.19,3,4,3,5,162,6
5220,35,Female,Business,5.14,56,5.58,5,2,4,117,130,7
5221,35,Male,Teacher,5.46,110,6.39,4,7,5,66,146,8
5222,42,Male,Business,8.46,58,7.45,3,6,3,62,232,8
5223,57,Female,Designer,3.79,75,8.01,4,7,3,15,67,3
5224,33,Female,Student,4.25,53,6.45,9,7,3,114,115,2
5225,30,Male,Business,9.07,79,8.39,9,4,5,89,176,8
5226,23,Male,Teacher,3.06,36,5.75,2,3,1,12,255,9
5227,28,Male,Designer,5.98,91,5.42,1,3,2,22,150,1
5228,38,Male,Teacher,9.31,22,5.85,9,7,3,62,62,2
5229,42,Female,Business,3.19,43,4.87,1,4,3,27,191,5
5230,53,Female,Teacher,4.04,109,6.83,2,9,1,87,32,2
5231,39,Female,Teacher,9.6,114,6.78,1,1,5,100,295,2
5232,39,Male,Student,7.57,91,5.96,2,2,4,42,37,7
5233,59,Male,Teacher,8.27,33,6.46,7,8,5,16,173,3
5234,52,Male,Teacher,4.1,16,7.18,9,5,0,61,116,5
5235,52,Male,Designer,8.02,110,7.11,4,5,2,11,279,2
5236,39,Female,Designer,7.19,79,8.44,2,1,1,55,176,8
5237,24,Male,Designer,5.56,119,7.92,6,6,5,87,241,1
5238,29,Male,Doctor,6.25,73,6.08,9,9,3,90,167,1
5239,32,Female,Business,3.7,91,8.23,4,2,5,80,274,1
5240,30,Male,Engineer,6.19,5,6.38,6,8,0,68,231,7
5241,34,Female,Teacher,1.34,69,7.8,1,9,4,10,65,4
5242,31,Female,Teacher,3.5,80,4.8,5,4,5,19,227,1
5243,45,Male,Engineer,3.54,41,8.55,8,9,5,46,109,1
5244,30,Female,Engineer,9.37,100,6.83,2,6,3,79,139,8
5245,35,Male,Designer,3.83,115,4.96,6,7,3,94,189,9
5246,33,Female,Teacher,2.55,89,8.72,2,1,0,99,270,1
5247,39,Female,Teacher,5.09,34,4.73,1,1,3,31,250,5
5248,36,Female,Designer,7.15,100,5.06,3,3,1,94,117,2
5249,31,Male,Designer,8.05,102,4.06,3,4,4,47,205,6
5250,59,Female,Engineer,8.7,36,8.12,4,3,1,36,67,9
5251,56,Male,Designer,3.83,58,6.76,9,6,5,88,134,9
5252,22,Male,Doctor,8.71,84,4.09,8,8,2,86,210,3
5253,37,Female,Engineer,1.14,77,7.89,1,6,4,53,239,1
5254,39,Male,Doctor,1.51,8,6.05,7,3,0,101,162,4
5255,44,Female,Designer,6.17,32,8.4,8,1,1,93,119,4
5256,20,Male,Student,6.35,33,4.02,6,6,5,94,239,1
5257,31,Female,Student,5.34,22,5.28,5,2,0,38,149,9
5258,41,Female,Student,5.93,96,4.08,6,8,5,83,135,2
5259,46,Male,Teacher,4.05,55,6.99,8,3,4,2,283,1
5260,59,Male,Business,6.36,89,4.7,5,6,4,49,202,2
5261,54,Male,Business,1.53,62,7.81,1,6,1,99,171,7
5262,47,Female,Student,5.3,83,8.26,4,6,0,113,201,6
5263,47,Female,Business,4.17,98,6.47,2,8,3,66,35,8
5264,37,Female,Business,9.72,93,4.62,9,7,3,32,237,3
5265,47,Male,Teacher,4.28,25,5.22,8,6,4,25,58,5
5266,36,Female,Student,5.56,6,6.44,8,9,0,93,73,5
5267,18,Male,Student,3.8,57,7.49,6,1,0,117,83,3
5268,23,Female,Doctor,7.95,48,4.43,4,1,4,53,280,1
5269,42,Male,Teacher,4.12,98,4.12,6,9,4,48,133,9
5270,37,Female,Doctor,1.64,50,5.1,1,9,4,59,214,5
5271,47,Female,Doctor,5.61,99,7.23,5,6,2,75,290,4
5272,26,Male,Student,1.85,98,5.51,9,4,3,106,230,7
5273,56,Male,Business,1.46,96,6.88,8,1,1,100,37,4
5274,23,Male,Business,6.21,63,8.49,2,6,1,72,76,1
5275,50,Male,Teacher,4.05,25,8.76,6,4,3,95,79,3
5276,23,Male,Teacher,6.66,34,4.37,5,3,5,107,223,7
5277,59,Male,Doctor,7.12,49,6.26,2,5,4,62,125,4
5278,55,Female,Teacher,2.91,85,6.99,7,8,0,87,253,4
5279,38,Male,Doctor,1.87,119,7.31,2,4,2,113,22,4
5280,47,Female,Teacher,9.21,89,9.0,2,6,2,67,139,1
5281,28,Female,Student,8.81,82,5.28,1,3,2,87,292,9
5282,50,Male,Teacher,7.22,74,5.43,7,3,3,31,26,7
5283,36,Male,Engineer,3.61,33,4.05,5,7,0,65,33,4
5284,56,Male,Engineer,5.34,91,5.99,4,2,3,85,162,7
5285,39,Male,Designer,8.4,50,6.75,3,6,2,95,71,7
5286,47,Male,Student,9.99,70,5.15,4,1,1,34,30,1
5287,33,Male,Engineer,2.14,58,5.16,3,2,3,76,54,6
5288,57,Male,Business,9.42,67,8.39,4,2,1,79,134,7
5289,48,Female,Student,3.52,95,4.74,3,8,2,99,241,7
5290,33,Male,Doctor,9.64,104,7.01,1,6,4,35,41,2
5291,40,Female,Teacher,2.69,88,8.03,9,5,1,24,111,2
5292,31,Female,Designer,7.15,32,6.14,6,4,1,106,90,8
5293,27,Male,Designer,3.36,40,8.34,6,4,5,80,109,1
5294,37,Female,Designer,7.62,117,5.86,8,9,1,11,128,7
5295,45,Female,Designer,1.07,103,8.53,8,2,5,2,270,8
5296,44,Female,Teacher,6.14,40,5.57,8,4,4,92,244,9
5297,53,Male,Engineer,8.34,40,4.23,8,1,5,29,63,8
5298,36,Female,Engineer,1.15,87,6.04,3,4,3,44,165,2
5299,41,Male,Engineer,1.87,103,5.52,2,2,1,86,42,7
5300,29,Male,Student,1.94,36,8.81,8,8,4,73,268,9
5301,43,Female,Doctor,5.93,49,6.85,9,5,5,34,119,1
5302,29,Male,Business,2.01,8,6.93,5,6,5,31,48,1
5303,31,Male,Doctor,6.36,50,4.98,9,9,5,104,99,3
5304,47,Female,Student,8.91,113,8.47,2,1,0,101,161,8
5305,20,Female,Student,5.77,74,6.46,7,8,4,80,40,5
5306,52,Female,Business,4.28,52,4.74,3,2,5,89,296,5
5307,31,Female,Doctor,5.98,71,5.95,6,4,5,90,291,5
5308,39,Male,Teacher,4.79,52,6.06,5,4,1,53,178,9
5309,28,Male,Doctor,7.63,75,4.02,5,8,4,118,176,8
5310,25,Male,Teacher,6.17,29,5.44,7,2,1,34,178,8
5311,54,Female,Doctor,1.75,48,8.72,7,7,1,1,291,2
5312,51,Male,Teacher,9.68,7,6.34,3,3,4,62,90,9
5313,52,Male,Designer,4.97,82,5.61,6,5,2,26,130,2
5314,39,Male,Designer,5.07,92,4.49,5,3,3,87,167,5
5315,45,Male,Doctor,3.37,12,7.06,9,7,0,79,149,8
5316,58,Female,Doctor,4.11,11,6.37,1,3,2,88,170,3
5317,44,Male,Business,3.85,103,4.27,3,3,4,22,265,1
5318,42,Male,Business,4.4,72,7.68,6,7,0,75,233,3
5319,21,Male,Student,9.47,117,4.54,8,3,2,1,50,1
5320,55,Female,Engineer,8.48,50,7.26,4,2,4,88,38,4
5321,29,Female,Engineer,1.96,22,4.84,1,5,1,48,119,6
5322,59,Female,Teacher,4.75,8,8.04,2,4,2,90,294,4
5323,54,Male,Business,4.15,54,7.78,2,6,5,83,263,4
5324,56,Male,Designer,1.13,26,8.66,5,9,5,13,292,4
5325,37,Male,Business,6.94,11,6.52,2,2,2,92,135,8
5326,50,Male,Teacher,8.11,18,7.95,1,4,5,24,255,1
5327,49,Male,Designer,2.75,81,6.77,7,1,3,58,106,9
5328,40,Female,Engineer,9.76,93,8.03,4,5,1,74,71,2
5329,39,Male,Engineer,3.44,108,5.5,4,3,3,42,24,4
5330,52,Female,Engineer,9.78,8,4.41,7,9,2,114,259,2
5331,54,Male,Business,3.45,103,6.09,9,5,2,103,173,4
5332,57,Female,Business,2.8,115,6.58,5,6,1,1,181,9
5333,58,Male,Business,3.72,50,5.57,6,9,5,30,42,7
5334,36,Female,Student,5.67,97,8.05,9,2,0,63,176,3
5335,31,Female,Student,2.08,37,6.88,5,2,3,32,184,4
5336,30,Female,Doctor,1.73,98,8.55,5,8,3,7,36,7
5337,27,Female,Student,4.3,106,6.3,1,9,0,41,42,3
5338,35,Male,Student,1.52,66,6.9,3,7,2,67,282,8
5339,27,Female,Engineer,8.19,32,6.14,9,7,3,26,211,3
5340,30,Male,Teacher,8.62,38,4.11,9,3,4,79,257,1
5341,18,Male,Designer,6.79,16,8.19,8,4,5,72,86,5
5342,32,Male,Engineer,3.82,89,7.73,3,9,5,4,253,5
5343,27,Male,Business,7.71,119,6.92,9,6,5,23,82,3
5344,55,Male,Student,4.9,119,5.17,4,2,2,12,158,1
5345,33,Female,Doctor,9.2,74,4.39,2,8,4,45,188,2
5346,55,Male,Student,9.89,57,5.07,9,6,1,1,211,3
5347,24,Male,Engineer,5.43,62,4.86,5,9,2,36,214,2
5348,31,Male,Teacher,3.44,52,4.98,7,2,5,47,136,3
5349,42,Male,Student,4.67,8,8.15,8,7,5,88,293,2
5350,32,Female,Doctor,3.72,81,4.34,2,7,3,9,274,7
5351,46,Male,Student,8.44,24,8.18,7,3,1,44,107,5
5352,35,Male,Engineer,7.46,5,6.94,2,3,4,1,250,6
5353,41,Female,Business,6.95,31,4.76,9,8,2,94,130,3
5354,52,Female,Teacher,5.06,8,8.5,3,3,1,15,231,9
5355,41,Male,Business,4.21,35,5.63,1,5,0,43,171,4
5356,29,Male,Teacher,2.13,64,5.26,4,7,3,14,249,4
5357,49,Male,Business,6.68,38,4.96,3,9,5,118,71,4
5358,44,Female,Teacher,4.45,18,7.12,7,5,2,17,126,1
5359,59,Male,Business,2.53,111,7.06,1,5,1,119,281,5
5360,32,Male,Designer,6.86,107,5.73,9,4,5,114,125,4
5361,51,Female,Teacher,7.23,110,4.56,1,8,0,16,84,3
5362,30,Female,Business,7.4,90,8.61,1,1,0,78,178,7
5363,28,Male,Student,5.3,65,4.41,8,3,3,18,82,9
5364,59,Male,Business,5.59,66,8.71,3,5,5,32,222,2
5365,35,Male,Designer,1.32,12,8.24,1,1,1,108,50,7
5366,50,Male,Student,5.81,56,6.73,6,7,1,91,86,4
5367,40,Male,Teacher,1.46,54,8.98,5,4,3,108,51,5
5368,45,Female,Business,5.63,105,6.0,6,3,3,104,61,8
5369,44,Female,Student,4.78,83,8.67,6,4,3,100,56,4
5370,41,Female,Doctor,6.42,34,4.2,1,1,1,87,37,6
5371,29,Female,Doctor,2.18,19,6.15,4,6,1,49,62,6
5372,34,Female,Business,6.2,118,4.37,8,7,5,21,144,6
5373,42,Female,Student,7.55,112,4.46,3,6,3,72,49,6
5374,18,Male,Teacher,7.7,40,6.25,8,5,2,78,286,9
5375,48,Female,Business,2.0,118,8.39,1,6,3,7,57,4
5376,41,Male,Doctor,9.27,106,4.54,8,8,1,22,275,3
5377,44,Female,Student,8.88,100,5.69,7,9,4,33,294,3
5378,47,Female,Teacher,7.26,112,4.53,6,6,5,75,34,2
5379,24,Male,Engineer,2.89,41,8.61,4,4,2,21,52,9
5380,31,Female,Business,9.44,104,8.17,7,2,1,32,135,4
5381,23,Female,Designer,3.23,30,5.53,1,4,0,78,162,9
5382,44,Male,Business,7.09,16,5.7,1,6,0,83,285,7
5383,23,Female,Business,3.21,65,4.15,3,4,1,31,134,7
5384,28,Male,Business,4.85,24,7.31,6,8,1,76,40,1
5385,24,Male,Engineer,7.23,89,5.66,9,3,3,21,242,4
5386,26,Male,Designer,3.23,112,4.76,4,6,4,15,279,8
5387,45,Female,Business,7.54,13,5.8,1,9,1,63,54,8
5388,20,Female,Doctor,5.6,113,7.83,3,5,4,68,99,5
5389,37,Female,Business,4.51,7,6.25,3,4,0,108,30,7
5390,28,Male,Student,1.47,116,7.59,2,5,2,100,183,7
5391,37,Male,Engineer,3.6,119,7.9,5,1,0,3,182,5
5392,38,Female,Teacher,1.42,108,7.31,5,2,1,85,201,7
5393,44,Female,Student,3.47,52,7.23,3,9,0,74,244,9
5394,32,Male,Doctor,5.25,84,6.82,8,9,5,95,140,7
5395,23,Female,Business,2.99,112,7.74,2,9,4,26,193,8
5396,44,Male,Engineer,1.38,100,6.5,5,1,3,36,24,9
5397,42,Female,Designer,4.58,26,7.65,4,2,3,17,94,7
5398,34,Female,Student,1.76,73,5.04,6,3,1,107,21,3
5399,53,Male,Engineer,4.2,95,6.37,4,8,5,116,132,6
5400,30,Female,Teacher,3.4,49,4.06,5,7,0,36,181,8
5401,35,Male,Doctor,1.48,87,5.07,5,4,0,87,237,9
5402,54,Female,Designer,2.61,87,5.38,7,2,0,6,211,9
5403,35,Female,Designer,6.9,113,5.89,7,7,4,20,159,9
5404,31,Female,Student,4.76,106,8.66,1,8,0,23,71,4
5405,53,Male,Engineer,2.85,27,9.0,6,1,0,113,210,9
5406,42,Male,Business,4.2,43,6.85,6,6,2,82,84,1
5407,50,Male,Engineer,8.2,41,6.06,8,8,1,115,111,6
5408,41,Male,Student,7.11,96,8.84,6,9,4,74,279,9
5409,50,Male,Engineer,6.96,80,7.2,8,7,1,89,34,4
5410,57,Female,Engineer,8.26,39,5.78,8,1,1,37,272,1
5411,19,Female,Designer,8.18,22,7.76,9,6,2,63,139,1
5412,27,Female,Doctor,7.81,85,4.21,4,1,1,37,67,4
5413,40,Male,Designer,7.87,114,4.24,5,6,0,102,47,1
5414,32,Male,Teacher,3.66,112,5.49,9,7,5,41,232,9
5415,51,Female,Student,8.34,105,5.69,8,1,5,19,283,6
5416,50,Female,Teacher,7.8,109,7.78,6,4,4,77,241,5
5417,31,Male,Student,2.82,69,4.62,7,1,3,20,178,3
5418,39,Male,Student,2.5,64,6.85,3,6,4,104,224,9
5419,25,Male,Doctor,3.19,61,8.03,6,9,2,35,109,1
5420,29,Female,Student,2.56,10,8.56,9,6,4,85,249,2
5421,27,Male,Engineer,1.07,64,8.52,7,9,4,59,242,8
5422,41,Female,Doctor,4.17,65,4.87,5,4,5,49,158,4
5423,29,Female,Doctor,3.86,29,7.0,5,5,4,10,22,6
5424,54,Female,Doctor,8.11,74,4.88,9,3,4,57,76,5
5425,23,Male,Engineer,5.2,114,4.19,4,6,4,17,32,1
5426,33,Male,Engineer,1.41,54,6.63,3,3,0,108,138,3
5427,46,Female,Engineer,4.64,34,5.16,5,7,1,47,286,4
5428,51,Female,Teacher,9.04,15,4.34,3,3,3,63,72,5
5429,55,Female,Designer,3.59,23,6.74,4,1,2,112,167,2
5430,56,Male,Teacher,1.84,81,7.4,7,6,3,9,129,2
5431,44,Female,Doctor,5.05,48,6.52,3,1,2,60,57,1
5432,50,Female,Engineer,5.56,87,4.67,3,7,3,90,205,3
5433,59,Female,Student,8.11,52,5.42,9,9,5,92,218,9
5434,27,Male,Designer,2.51,47,4.35,5,1,4,45,160,8
5435,27,Female,Engineer,2.4,9,4.56,3,8,2,58,290,7
5436,24,Female,Teacher,2.87,36,8.38,7,4,0,40,58,6
5437,48,Male,Student,5.85,108,6.62,5,6,1,115,167,7
5438,52,Male,Engineer,7.7,25,6.58,5,3,2,100,245,7
5439,23,Female,Engineer,5.43,116,7.99,5,3,2,102,214,6
5440,47,Female,Designer,7.75,61,5.93,5,9,4,23,211,5
5441,27,Male,Designer,4.91,34,4.98,4,5,5,39,212,1
5442,21,Female,Doctor,3.54,35,7.1,9,3,5,20,51,5
5443,22,Male,Designer,7.09,79,5.6,9,8,1,74,223,4
5444,29,Female,Doctor,4.18,104,7.39,1,9,2,3,142,2
5445,27,Female,Engineer,7.9,21,6.16,7,5,3,38,148,9
5446,21,Male,Business,4.17,11,7.47,4,6,5,57,247,5
5447,29,Male,Business,8.57,8,5.37,8,4,1,85,224,1
5448,50,Female,Teacher,9.48,35,7.61,9,3,5,54,237,6
5449,18,Female,Engineer,8.24,107,6.17,3,2,0,23,231,2
5450,41,Female,Student,1.52,80,4.03,3,7,4,114,261,6
5451,53,Male,Doctor,2.33,101,7.91,4,1,0,50,284,3
5452,43,Female,Business,2.76,20,7.55,7,9,3,36,123,4
5453,39,Male,Doctor,1.9,65,6.36,4,2,4,56,261,3
5454,45,Male,Engineer,8.16,33,6.76,5,4,5,13,63,7
5455,18,Male,Doctor,6.49,15,8.32,4,8,5,114,89,2
5456,24,Male,Teacher,9.19,68,8.36,6,4,1,113,117,1
5457,42,Female,Teacher,7.25,103,6.61,6,1,2,70,127,9
5458,21,Female,Business,7.14,89,4.47,8,1,3,118,130,6
5459,50,Male,Designer,2.21,28,4.77,1,9,3,91,232,9
5460,35,Female,Designer,5.24,102,7.76,8,3,4,2,196,6
5461,18,Male,Teacher,2.36,68,4.21,1,2,1,57,188,5
5462,35,Female,Engineer,2.26,11,8.08,1,1,5,47,178,9
5463,47,Male,Doctor,2.83,34,4.14,5,9,5,62,76,4
5464,47,Male,Designer,2.27,100,7.01,8,9,5,101,265,1
5465,24,Female,Doctor,1.39,76,8.41,6,4,1,75,254,1
5466,45,Male,Teacher,7.83,104,6.34,8,9,4,34,22,1
5467,58,Male,Designer,6.54,19,7.42,2,5,4,24,124,1
5468,34,Male,Doctor,6.67,7,5.97,6,9,0,66,282,5
5469,25,Female,Business,3.22,117,4.8,3,4,5,9,107,4
5470,50,Male,Engineer,6.25,74,4.49,1,6,3,19,210,2
5471,25,Male,Teacher,7.27,80,5.94,6,4,0,44,68,2
5472,27,Female,Doctor,8.6,8,7.9,5,7,4,46,84,2
5473,28,Male,Doctor,7.43,119,6.39,1,8,5,29,269,2
5474,19,Female,Teacher,9.6,90,7.03,6,9,2,113,163,3
5475,32,Male,Teacher,8.77,40,5.07,2,5,4,38,182,9
5476,29,Male,Designer,7.23,20,7.4,7,5,5,83,43,9
5477,46,Female,Engineer,4.48,98,4.19,4,4,1,104,121,3
5478,34,Female,Student,8.24,70,5.79,8,6,4,72,182,1
5479,59,Male,Engineer,1.01,117,8.0,3,2,0,90,189,7
5480,29,Male,Teacher,8.03,70,7.76,2,1,0,65,53,3
5481,36,Female,Business,8.02,94,8.4,2,3,2,101,225,9
5482,47,Male,Engineer,6.9,19,8.66,4,1,1,13,32,5
5483,20,Male,Doctor,9.33,65,6.05,2,1,4,79,280,7
5484,44,Male,Student,6.77,14,6.38,3,8,5,60,44,2
5485,47,Male,Business,3.07,36,5.39,3,5,0,60,226,2
5486,33,Male,Engineer,9.06,95,6.28,7,6,4,62,83,3
5487,26,Female,Student,7.88,89,8.37,8,9,5,39,61,7
5488,53,Male,Teacher,7.23,74,4.71,2,6,3,65,296,7
5489,59,Male,Student,2.64,48,4.72,1,2,4,31,205,1
5490,20,Female,Designer,1.81,119,5.74,9,7,5,0,72,5
5491,58,Female,Business,1.93,7,8.21,8,3,0,89,186,3
5492,57,Male,Designer,6.0,41,5.47,8,3,2,83,175,8
5493,20,Male,Engineer,4.05,57,7.3,5,6,5,61,25,8
5494,42,Male,Teacher,9.04,27,4.26,9,8,3,9,214,3
5495,51,Male,Teacher,8.18,82,7.78,8,7,5,17,292,1
5496,57,Female,Teacher,8.31,95,5.71,8,6,5,31,193,6
5497,55,Female,Doctor,5.91,20,6.12,8,3,1,7,77,4
5498,59,Male,Doctor,6.39,26,8.84,9,1,3,21,193,5
5499,36,Male,Doctor,5.94,68,4.11,3,7,2,62,264,8
5500,42,Male,Doctor,8.66,62,5.2,9,9,1,21,89,6
5501,23,Female,Engineer,6.62,39,5.38,2,1,0,97,98,3
5502,46,Female,Designer,3.62,64,4.78,5,7,3,116,244,5
5503,59,Female,Engineer,4.02,101,6.56,9,3,0,16,200,6
5504,50,Male,Business,3.38,109,8.99,9,7,3,107,41,5
5505,25,Female,Business,9.0,18,4.18,9,8,1,40,32,2
5506,22,Female,Business,3.62,88,7.58,5,2,0,33,102,8
5507,19,Female,Engineer,9.35,45,8.33,1,7,1,14,253,4
5508,42,Male,Teacher,6.0,28,5.15,8,5,2,25,235,7
5509,34,Male,Teacher,2.09,10,8.37,7,3,3,6,134,6
5510,20,Female,Student,4.04,24,8.9,3,7,0,5,192,4
5511,25,Male,Engineer,3.73,53,4.16,2,6,2,71,20,7
5512,24,Male,Business,3.62,24,6.17,9,6,4,82,89,4
5513,59,Male,Designer,1.16,54,7.79,6,4,2,115,187,5
5514,30,Female,Business,5.87,27,6.43,5,4,0,119,192,6
5515,24,Male,Student,1.25,69,4.4,5,1,4,88,139,1
5516,56,Male,Teacher,1.71,66,4.23,4,1,1,54,153,9
5517,41,Female,Doctor,4.41,11,5.78,1,8,4,110,299,3
5518,29,Female,Student,1.74,21,6.45,6,8,5,98,184,2
5519,44,Male,Teacher,4.8,60,7.32,5,7,3,90,205,8
5520,32,Female,Business,7.73,16,5.75,3,8,3,34,285,7
5521,44,Male,Business,5.0,119,6.42,1,7,4,3,184,7
5522,18,Male,Designer,1.85,108,5.28,3,7,3,96,50,1
5523,21,Male,Student,4.53,23,8.84,4,5,5,70,230,9
5524,57,Male,Doctor,9.4,118,4.35,5,6,4,49,36,5
5525,49,Female,Engineer,1.01,113,4.11,8,7,0,51,205,7
5526,18,Male,Designer,5.89,115,5.12,7,1,1,108,60,2
5527,52,Female,Designer,9.82,107,7.54,5,6,2,54,196,8
5528,21,Male,Designer,8.65,95,5.19,6,2,4,9,35,4
5529,37,Female,Engineer,7.38,64,8.29,6,2,4,110,62,5
5530,54,Male,Doctor,2.11,26,8.23,6,7,3,61,116,3
5531,22,Female,Doctor,2.09,75,8.77,9,4,1,115,36,4
5532,32,Female,Student,6.97,82,6.1,8,1,1,77,286,2
5533,26,Male,Designer,5.31,11,8.78,6,3,1,53,59,5
5534,59,Male,Business,9.19,74,5.06,9,3,0,108,105,1
5535,43,Female,Business,1.18,80,8.99,6,6,3,81,261,3
5536,53,Male,Business,8.49,115,4.68,3,2,3,74,248,9
5537,54,Female,Student,6.35,37,5.41,3,6,2,97,49,8
5538,29,Male,Student,8.2,31,4.42,8,1,3,64,91,3
5539,33,Female,Doctor,5.05,98,4.8,6,2,1,100,272,2
5540,21,Male,Designer,1.82,55,7.18,7,2,5,65,277,7
5541,58,Male,Business,6.27,88,8.59,1,7,4,112,236,9
5542,32,Female,Engineer,7.51,85,4.68,5,5,0,23,163,1
5543,26,Female,Business,9.22,44,6.07,7,6,3,106,210,3
5544,34,Female,Engineer,7.39,81,6.41,1,7,3,111,192,3
5545,19,Female,Teacher,6.21,44,4.69,9,5,3,70,139,4
5546,45,Male,Doctor,7.09,87,8.07,6,3,1,89,125,8
5547,46,Female,Student,9.45,93,8.66,8,9,4,27,200,7
5548,30,Male,Doctor,7.64,19,8.33,7,2,0,94,100,2
5549,30,Female,Student,5.37,7,4.36,2,1,0,62,176,4
5550,54,Male,Student,5.64,62,6.14,1,8,1,44,40,2
5551,19,Female,Doctor,1.62,39,7.43,4,6,5,28,296,9
5552,53,Female,Doctor,6.25,57,4.05,9,5,1,25,208,5
5553,50,Male,Engineer,2.95,119,5.93,5,4,4,0,170,1
5554,54,Female,Doctor,2.28,27,7.25,2,9,1,99,206,1
5555,31,Male,Engineer,1.49,55,8.7,1,2,0,22,138,3
5556,46,Male,Teacher,4.91,99,7.01,2,3,0,51,260,6
5557,34,Female,Teacher,1.9,52,7.1,3,8,3,115,183,8
5558,21,Female,Business,7.19,45,5.0,6,6,5,38,166,5
5559,36,Female,Teacher,7.83,10,6.09,2,4,1,59,280,1
5560,40,Male,Doctor,2.1,20,5.15,1,6,5,119,155,7
5561,49,Male,Designer,1.98,86,7.68,9,5,2,57,210,1
5562,25,Male,Student,3.93,78,4.45,4,4,1,90,123,6
5563,55,Female,Student,4.45,115,7.54,2,6,0,7,100,3
5564,22,Female,Doctor,2.46,106,8.89,6,5,2,16,290,8
5565,53,Female,Designer,8.78,8,7.43,3,9,1,32,98,4
5566,19,Male,Teacher,8.21,83,4.22,9,4,5,34,277,1
5567,32,Female,Doctor,6.19,98,5.01,6,1,0,19,42,7
5568,47,Male,Student,1.88,30,6.97,2,8,4,82,263,8
5569,19,Male,Student,7.98,52,6.03,3,4,4,20,207,9
5570,23,Male,Teacher,4.53,59,4.96,8,1,0,119,295,3
5571,54,Male,Business,2.18,15,5.44,5,2,1,28,180,1
5572,19,Male,Teacher,2.83,16,8.89,7,4,2,43,127,9
5573,47,Female,Engineer,7.24,52,6.56,6,9,0,56,188,3
5574,43,Female,Designer,2.15,17,6.25,4,2,4,103,36,4
5575,44,Male,Designer,2.8,13,5.95,6,7,4,31,221,2
5576,54,Female,Student,6.74,70,6.58,3,9,4,34,259,6
5577,27,Female,Engineer,5.74,95,5.76,7,9,0,42,144,1
5578,45,Female,Designer,7.91,10,6.37,3,9,2,80,70,5
5579,32,Female,Business,1.76,83,5.87,2,3,1,18,233,4
5580,36,Female,Doctor,8.54,64,5.71,4,3,0,86,228,8
5581,33,Male,Engineer,6.19,5,8.55,9,3,4,58,139,3
5582,58,Male,Designer,8.03,18,4.16,4,2,0,106,115,6
5583,22,Male,Business,8.86,59,7.6,2,1,2,40,50,8
5584,35,Female,Engineer,7.46,91,7.19,9,9,2,1,73,1
5585,59,Female,Teacher,8.63,39,8.58,5,9,0,106,108,2
5586,36,Male,Designer,3.11,35,4.45,9,3,2,83,160,5
5587,30,Female,Student,6.3,108,8.14,5,4,1,4,170,1
5588,59,Female,Student,8.35,17,8.09,3,2,5,62,225,9
5589,55,Female,Engineer,5.39,32,6.3,2,2,2,72,40,9
5590,47,Female,Student,8.72,70,6.63,2,7,0,11,30,4
5591,43,Male,Doctor,1.4,71,6.85,9,4,2,64,68,2
5592,33,Female,Doctor,1.09,56,5.26,4,6,0,85,290,7
5593,52,Female,Doctor,1.36,11,5.38,2,4,0,14,238,3
5594,31,Male,Student,6.97,34,8.16,9,9,4,14,296,1
5595,35,Female,Engineer,3.03,10,5.32,8,1,5,104,230,9
5596,56,Male,Business,4.24,56,5.2,8,3,0,97,80,1
5597,39,Female,Engineer,7.43,40,5.31,9,5,0,100,231,1
5598,52,Female,Designer,4.8,38,8.62,3,6,3,5,144,7
5599,29,Female,Doctor,9.52,48,8.63,7,2,0,10,74,2
5600,58,Female,Engineer,5.9,77,8.31,4,2,5,105,75,6
5601,50,Female,Teacher,6.52,95,5.34,4,2,4,75,183,6
5602,26,Male,Teacher,3.53,90,6.45,2,5,1,66,254,1
5603,47,Female,Teacher,1.33,119,7.28,2,8,1,89,257,3
5604,40,Male,Business,7.8,36,4.11,7,7,0,101,203,9
5605,45,Male,Student,7.52,17,4.95,6,8,5,52,245,5
5606,33,Male,Business,6.23,78,7.68,7,7,3,28,162,6
5607,39,Female,Designer,7.23,80,4.0,8,2,5,45,148,7
5608,58,Male,Business,4.71,19,6.68,1,1,0,4,100,4
5609,43,Female,Engineer,8.82,27,6.98,7,2,1,5,298,7
5610,34,Female,Engineer,1.68,20,5.23,5,7,4,55,165,8
5611,47,Male,Doctor,5.53,39,4.39,9,9,1,26,275,2
5612,25,Female,Student,2.33,56,4.25,5,5,0,32,98,2
5613,21,Male,Engineer,5.7,56,7.87,9,1,1,69,176,2
5614,58,Male,Teacher,7.95,100,6.95,8,6,3,27,142,4
5615,47,Male,Business,7.78,61,8.26,7,7,0,118,151,9
5616,52,Male,Engineer,3.37,117,8.56,5,8,4,84,114,9
5617,21,Male,Teacher,5.08,76,8.99,6,3,2,91,195,3
5618,44,Female,Business,3.57,24,6.7,5,2,0,8,277,2
5619,21,Female,Engineer,9.62,61,4.96,7,4,5,15,169,9
5620,56,Male,Engineer,1.26,119,5.46,2,9,2,79,260,7
5621,37,Female,Business,4.75,36,6.33,1,1,4,66,166,9
5622,20,Female,Doctor,1.25,100,7.14,1,8,2,20,95,5
5623,54,Female,Doctor,9.05,75,7.66,8,8,3,8,58,5
5624,40,Female,Doctor,3.45,85,6.94,2,9,0,5,112,2
5625,27,Male,Teacher,1.48,44,6.11,7,7,1,68,73,5
5626,22,Male,Doctor,3.21,105,7.67,6,3,1,38,60,1
5627,44,Male,Teacher,4.12,5,6.45,2,6,2,4,217,7
5628,44,Female,Engineer,4.91,27,8.4,7,7,3,4,148,8
5629,56,Female,Teacher,1.73,105,6.93,6,8,3,85,290,7
5630,54,Female,Doctor,6.38,80,7.4,7,1,0,99,171,5
5631,53,Female,Teacher,1.47,81,5.73,6,9,2,98,55,2
5632,56,Male,Student,2.81,98,8.21,8,1,1,31,141,1
5633,37,Female,Teacher,2.29,29,5.78,6,7,4,96,117,8
5634,42,Female,Engineer,3.9,46,8.25,9,6,4,118,128,8
5635,44,Male,Business,7.48,51,5.68,3,9,1,32,25,8
5636,37,Male,Doctor,5.64,96,4.85,6,5,0,34,34,2
5637,27,Male,Engineer,6.8,108,5.84,3,4,5,72,76,4
5638,22,Male,Business,4.01,17,6.51,7,5,3,21,81,8
5639,29,Female,Teacher,4.04,55,7.93,3,8,4,34,88,1
5640,27,Female,Student,5.35,54,4.39,1,7,0,115,238,8
5641,40,Male,Doctor,5.82,21,5.84,2,7,3,111,211,8
5642,52,Male,Teacher,4.19,29,5.89,8,9,1,8,69,8
5643,30,Male,Engineer,7.53,46,4.59,3,2,5,13,52,4
5644,45,Female,Teacher,3.52,31,8.69,2,8,2,34,66,3
5645,51,Male,Student,4.63,24,5.24,8,1,4,78,209,4
5646,44,Female,Doctor,5.39,106,6.6,9,2,3,99,181,8
5647,23,Male,Business,7.18,55,4.12,6,1,5,111,273,5
5648,35,Male,Engineer,4.38,43,8.47,6,4,3,42,139,6
5649,40,Male,Teacher,4.62,76,5.07,2,1,3,16,180,4
5650,49,Female,Engineer,2.25,85,6.71,7,3,4,66,222,2
5651,56,Female,Engineer,5.09,103,6.91,6,3,4,82,146,6
5652,44,Male,Student,7.22,63,6.42,3,7,1,17,230,8
5653,48,Female,Doctor,7.13,12,5.78,2,8,5,10,246,9
5654,54,Female,Business,5.12,28,7.35,6,5,3,84,126,7
5655,24,Female,Teacher,3.92,41,7.79,9,3,5,105,234,7
5656,41,Female,Business,5.85,94,4.05,6,7,1,111,115,6
5657,51,Female,Business,1.32,42,4.18,5,7,0,58,201,4
5658,20,Male,Student,1.28,69,5.37,4,4,4,72,251,8
5659,38,Female,Business,1.11,100,6.64,2,9,5,10,274,3
5660,31,Male,Designer,7.63,5,4.52,7,5,3,16,78,2
5661,48,Male,Engineer,7.14,16,8.13,2,1,5,48,94,5
5662,35,Male,Doctor,2.57,109,5.21,2,7,4,27,31,1
5663,30,Male,Student,8.73,117,6.99,1,1,2,8,208,5
5664,35,Male,Teacher,4.91,5,6.88,4,8,2,110,105,3
5665,49,Male,Teacher,1.5,68,7.72,2,1,5,101,97,5
5666,52,Male,Business,1.26,118,5.95,4,8,1,115,27,7
5667,40,Male,Engineer,7.01,8,6.67,2,5,2,10,225,9
5668,50,Female,Business,3.35,30,7.23,8,2,5,13,241,4
5669,47,Male,Doctor,3.71,84,5.18,1,1,1,9,66,2
5670,19,Male,Student,2.24,9,4.38,1,4,2,27,53,3
5671,35,Male,Designer,4.59,114,5.32,6,7,1,72,289,7
5672,53,Male,Engineer,8.67,5,6.56,3,6,3,59,142,9
5673,50,Male,Teacher,9.63,21,8.37,7,1,0,3,189,5
5674,39,Female,Doctor,3.36,60,6.17,7,4,2,55,39,1
5675,55,Female,Engineer,3.05,62,8.57,9,8,0,54,249,7
5676,19,Male,Teacher,2.02,18,8.78,3,3,0,117,28,5
5677,46,Male,Teacher,6.94,5,5.94,1,7,5,95,66,3
5678,19,Female,Doctor,2.12,37,6.54,8,2,1,48,176,4
5679,55,Female,Teacher,2.83,73,4.2,3,8,3,76,166,3
5680,18,Female,Designer,8.15,65,5.34,2,4,4,82,214,6
5681,28,Female,Business,7.93,97,5.69,1,5,0,29,133,7
5682,34,Male,Designer,5.23,93,8.12,2,4,3,6,20,5
5683,23,Male,Business,3.34,31,8.7,6,2,2,86,74,6
5684,36,Female,Teacher,1.45,38,4.2,2,2,4,11,213,6
5685,53,Female,Engineer,6.38,60,7.99,4,1,5,84,264,4
5686,29,Female,Designer,9.31,105,6.95,6,4,2,111,133,6
5687,26,Male,Student,9.35,88,4.95,7,5,3,13,270,8
5688,28,Male,Teacher,6.6,12,7.73,9,5,2,54,234,7
5689,27,Female,Student,6.01,64,5.54,3,3,2,12,93,8
5690,26,Male,Engineer,6.12,52,5.52,3,9,5,24,143,9
5691,34,Male,Teacher,1.79,48,4.44,3,1,2,58,232,7
5692,25,Male,Designer,8.71,69,7.29,6,2,3,37,102,1
5693,43,Female,Doctor,7.53,45,5.26,8,9,4,14,59,8
5694,44,Male,Business,5.06,41,5.18,4,1,1,22,203,3
5695,44,Female,Doctor,2.53,72,6.15,3,3,1,119,83,1
5696,28,Male,Teacher,8.9,83,5.92,3,1,4,61,64,2
5697,46,Male,Doctor,3.26,106,6.29,4,9,2,107,129,3
5698,39,Female,Business,6.84,39,7.36,4,2,4,113,98,1
5699,24,Male,Engineer,7.67,9,6.28,7,9,1,100,41,5
5700,24,Female,Doctor,3.31,82,5.53,5,6,2,28,228,6
5701,23,Female,Student,1.89,74,8.04,8,9,3,62,262,1
5702,57,Male,Teacher,4.62,58,4.48,7,3,0,53,289,2
5703,57,Female,Student,2.33,29,8.07,3,1,4,110,262,1
5704,36,Female,Student,4.92,29,4.72,7,5,1,85,160,8
5705,58,Female,Teacher,9.53,67,5.77,7,6,5,116,210,1
5706,37,Male,Student,9.09,90,8.16,5,7,1,20,130,9
5707,21,Female,Student,8.5,56,6.06,3,6,4,53,259,8
5708,54,Female,Doctor,3.63,48,6.62,6,8,2,101,105,3
5709,51,Female,Business,6.08,117,7.36,5,6,5,35,25,5
5710,57,Male,Engineer,2.97,90,4.05,7,9,1,14,57,5
5711,40,Female,Engineer,8.52,52,4.23,8,2,0,53,147,1
5712,47,Female,Designer,7.75,101,6.27,9,5,3,16,276,4
5713,32,Female,Business,2.36,68,8.66,7,3,4,31,143,2
5714,43,Male,Student,5.63,89,4.54,7,7,4,102,52,9
5715,36,Female,Teacher,8.65,108,5.34,5,9,3,54,269,2
5716,31,Female,Engineer,5.95,113,6.53,3,4,0,97,256,4
5717,43,Male,Doctor,8.86,8,5.03,3,6,3,14,229,7
5718,52,Male,Engineer,1.11,110,5.66,4,9,0,73,150,6
5719,34,Female,Teacher,9.02,53,8.29,9,7,1,60,188,4
5720,30,Male,Designer,2.29,11,5.91,5,3,1,36,49,4
5721,36,Male,Doctor,2.69,89,5.19,9,9,0,48,265,2
5722,45,Male,Teacher,8.02,6,4.74,6,8,0,103,240,1
5723,43,Female,Student,4.34,70,5.07,8,9,1,75,119,8
5724,40,Male,Engineer,2.17,55,4.63,7,6,2,106,186,1
5725,38,Female,Doctor,4.54,75,5.01,9,2,5,106,262,6
5726,59,Male,Doctor,1.83,100,4.47,6,7,1,55,85,6
5727,24,Male,Designer,8.23,40,8.57,2,4,5,71,160,5
5728,49,Female,Engineer,2.24,10,8.32,1,8,2,93,134,1
5729,51,Female,Engineer,1.95,52,4.23,2,9,2,89,152,9
5730,25,Female,Teacher,8.31,113,8.87,3,3,5,106,293,6
5731,19,Male,Doctor,8.95,48,8.26,3,8,1,51,186,2
5732,43,Female,Doctor,7.32,45,5.68,4,6,5,46,82,2
5733,34,Male,Doctor,5.55,40,4.73,6,8,1,107,211,8
5734,42,Male,Business,5.74,58,7.9,2,3,0,22,83,5
5735,25,Female,Business,4.84,7,6.45,8,7,2,97,223,4
5736,29,Female,Engineer,8.19,23,4.45,7,2,0,67,286,5
5737,56,Female,Teacher,9.35,113,6.89,1,3,2,37,34,1
5738,29,Female,Student,7.08,46,8.12,4,8,0,116,124,2
5739,36,Female,Doctor,4.91,17,5.27,3,5,4,86,172,6
5740,42,Female,Teacher,5.81,71,7.8,6,9,4,47,290,6
5741,51,Female,Designer,9.57,46,5.58,4,6,1,80,123,7
5742,50,Male,Designer,6.95,11,4.3,8,6,1,44,56,6
5743,22,Female,Doctor,8.91,27,8.28,7,2,0,102,68,5
5744,37,Male,Business,4.18,85,6.63,9,3,1,107,104,7
5745,26,Female,Teacher,6.98,107,5.25,6,6,0,93,252,9
5746,23,Male,Teacher,1.92,21,6.48,5,9,2,55,71,4
5747,33,Male,Doctor,7.24,65,4.79,4,5,1,116,276,8
5748,59,Female,Business,4.2,74,4.66,4,6,1,115,47,5
5749,53,Male,Designer,5.04,29,4.81,1,6,2,24,124,9
5750,28,Female,Designer,7.59,116,4.28,6,6,0,48,274,4
5751,19,Female,Designer,2.32,32,7.76,9,2,2,7,111,2
5752,22,Male,Teacher,3.75,80,4.22,1,8,5,63,261,4
5753,26,Female,Teacher,3.44,80,7.07,3,1,3,92,176,5
5754,36,Female,Engineer,4.87,56,4.47,7,2,5,62,77,3
5755,33,Male,Business,9.92,66,4.53,1,5,4,32,194,5
5756,39,Male,Teacher,1.03,67,4.55,3,9,4,104,169,1
5757,59,Male,Designer,6.37,92,8.86,3,8,5,66,29,5
5758,25,Female,Doctor,1.09,80,7.32,9,4,5,8,84,1
5759,23,Female,Doctor,5.71,106,4.19,1,7,4,27,244,3
5760,21,Male,Student,2.55,84,8.44,6,1,1,47,136,6
5761,47,Female,Teacher,7.06,57,8.4,2,4,1,40,267,4
5762,53,Male,Teacher,3.66,101,8.35,1,8,5,32,284,8
5763,40,Female,Teacher,3.28,69,8.47,8,6,3,83,272,5
5764,46,Male,Engineer,5.39,105,5.15,9,6,0,84,111,7
5765,21,Female,Student,1.96,39,8.53,7,2,4,68,130,8
5766,30,Female,Business,9.11,15,7.8,1,6,0,113,82,9
5767,37,Male,Doctor,8.19,11,6.8,5,7,4,57,289,4
5768,19,Female,Student,5.43,43,6.68,5,2,4,66,237,7
5769,22,Female,Teacher,9.41,111,8.62,1,1,1,99,265,7
5770,35,Male,Doctor,5.0,85,8.25,7,1,0,14,173,5
5771,31,Female,Doctor,7.38,26,7.64,3,2,5,114,50,8
5772,50,Female,Designer,5.3,112,5.25,3,2,2,0,271,5
5773,56,Male,Engineer,3.94,20,7.41,2,3,4,119,47,1
5774,39,Male,Doctor,2.77,111,5.63,9,7,3,48,114,5
5775,43,Female,Designer,1.8,60,7.71,3,2,1,103,163,6
5776,59,Male,Designer,6.42,85,6.65,3,4,5,93,96,5
5777,42,Female,Teacher,4.5,100,6.81,4,4,1,3,154,2
5778,55,Male,Engineer,2.3,36,6.09,5,3,2,22,292,2
5779,22,Male,Teacher,8.61,14,8.73,8,9,5,95,52,1
5780,57,Female,Teacher,9.92,94,6.29,5,1,0,102,49,8
5781,31,Male,Engineer,8.16,57,8.64,6,8,2,109,108,1
5782,23,Female,Business,2.32,12,7.13,9,9,4,29,178,4
5783,21,Female,Teacher,4.66,100,6.85,6,8,2,33,189,2
5784,56,Male,Engineer,1.84,82,6.41,3,9,4,20,295,4
5785,33,Male,Engineer,4.78,82,4.92,8,4,1,1,166,4
5786,58,Male,Designer,6.21,82,4.8,1,4,1,76,127,9
5787,50,Female,Designer,7.78,8,7.31,6,1,2,40,267,4
5788,21,Female,Engineer,6.49,68,4.74,7,9,2,74,185,6
5789,27,Female,Business,5.62,12,7.64,5,6,5,53,299,8
5790,25,Male,Teacher,4.5,39,5.02,8,4,4,9,151,7
5791,37,Female,Designer,4.52,72,5.95,1,2,0,74,179,7
5792,19,Female,Student,6.89,23,5.63,4,5,3,1,253,6
5793,55,Male,Business,7.15,43,5.09,6,3,4,26,210,6
5794,38,Male,Business,1.25,74,7.59,6,4,4,89,259,5
5795,47,Female,Doctor,8.55,70,7.27,3,5,0,75,199,7
5796,36,Female,Designer,7.82,107,6.89,8,4,2,51,35,9
5797,50,Male,Student,3.33,67,7.55,6,6,4,68,151,9
5798,34,Male,Designer,8.99,52,7.58,5,8,5,69,145,5
5799,39,Female,Engineer,2.27,79,6.27,5,2,5,10,230,6
5800,19,Female,Business,5.51,22,4.08,3,3,1,62,283,5
5801,43,Female,Teacher,8.81,100,4.67,5,3,2,111,20,2
5802,52,Male,Designer,1.98,11,6.36,7,5,5,100,124,1
5803,44,Male,Doctor,9.93,9,8.32,8,3,4,56,296,6
5804,22,Male,Engineer,7.09,25,6.89,5,5,4,85,195,6
5805,22,Female,Teacher,1.53,52,7.3,6,9,0,94,85,8
5806,40,Female,Business,2.31,93,7.15,7,2,1,37,250,5
5807,32,Female,Business,4.08,80,4.66,2,9,3,110,295,2
5808,58,Male,Designer,2.2,58,6.15,6,3,2,109,28,7
5809,29,Male,Teacher,6.2,5,5.93,9,9,5,11,176,3
5810,21,Male,Designer,1.66,81,7.73,1,3,4,13,208,8
5811,45,Male,Doctor,6.52,96,7.31,7,8,2,70,206,9
5812,19,Male,Student,8.79,24,5.99,1,4,0,78,286,5
5813,25,Male,Teacher,2.74,44,4.13,7,2,0,57,289,9
5814,30,Male,Doctor,2.68,14,8.58,3,9,2,16,69,5
5815,46,Male,Doctor,9.13,47,4.09,5,8,4,34,128,6
5816,47,Female,Engineer,6.85,78,7.66,2,2,4,84,224,9
5817,36,Male,Engineer,1.45,51,6.04,6,2,1,27,156,6
5818,40,Male,Engineer,6.42,6,5.63,5,2,5,30,275,9
5819,42,Male,Designer,6.84,51,8.23,3,9,0,13,178,5
5820,52,Male,Doctor,4.9,88,8.78,7,2,1,111,293,2
5821,54,Female,Business,8.24,31,4.61,8,5,2,85,130,2
5822,46,Female,Business,8.94,64,6.65,6,3,2,112,187,7
5823,50,Male,Doctor,6.54,17,4.66,5,2,2,79,151,6
5824,26,Male,Teacher,1.3,115,8.91,2,3,5,18,108,9
5825,24,Male,Engineer,2.3,70,8.03,7,9,5,113,106,6
5826,56,Male,Student,8.05,118,7.54,1,7,0,53,243,8
5827,28,Female,Teacher,5.42,61,4.79,9,9,0,19,26,7
5828,20,Male,Designer,7.07,41,5.51,7,7,2,67,86,8
5829,43,Male,Student,5.2,111,5.16,8,4,1,108,120,1
5830,39,Male,Business,2.79,76,7.18,8,7,4,34,43,5
5831,32,Female,Student,1.15,34,5.22,9,6,2,56,207,2
5832,18,Female,Teacher,6.77,71,7.56,4,3,0,3,286,3
5833,56,Female,Business,1.98,9,7.89,1,9,4,86,90,6
5834,44,Female,Teacher,6.97,111,6.61,6,2,3,39,94,3
5835,33,Male,Teacher,9.55,18,6.7,2,4,4,115,132,6
5836,32,Male,Engineer,9.36,55,8.32,6,3,2,115,55,7
5837,39,Female,Doctor,9.67,115,7.58,8,9,4,0,287,3
5838,56,Female,Engineer,3.43,6,8.67,7,8,2,17,164,9
5839,52,Male,Doctor,1.67,70,4.69,1,9,3,23,272,8
5840,18,Female,Teacher,1.76,65,6.37,2,8,1,49,294,2
5841,18,Female,Student,9.29,51,7.06,8,5,2,42,42,6
5842,23,Female,Engineer,5.37,20,8.24,3,5,3,87,279,6
5843,58,Male,Doctor,6.79,103,8.72,8,8,3,107,43,9
5844,44,Male,Doctor,7.8,27,7.81,4,4,5,45,92,7
5845,37,Male,Designer,8.39,91,7.73,2,3,2,37,28,5
5846,58,Female,Engineer,5.53,46,4.16,4,4,1,77,231,4
5847,47,Male,Designer,5.5,23,5.6,6,9,4,114,31,6
5848,36,Female,Student,1.46,48,6.97,8,6,0,51,197,2
5849,52,Female,Doctor,3.94,57,7.66,3,9,5,67,288,3
5850,37,Female,Teacher,9.47,64,6.12,1,1,1,98,131,4
5851,47,Male,Doctor,3.23,50,7.62,9,5,4,8,267,2
5852,56,Female,Student,5.53,15,6.87,7,8,3,20,96,5
5853,20,Female,Doctor,5.08,77,6.63,5,4,5,42,221,5
5854,41,Female,Designer,7.95,100,4.92,6,7,0,39,53,7
5855,27,Female,Business,6.12,33,4.88,6,7,3,112,297,9
5856,52,Female,Doctor,9.75,17,4.0,3,7,0,31,174,5
5857,37,Female,Engineer,7.62,81,5.37,7,3,0,56,161,6
5858,33,Female,Engineer,7.17,15,4.49,7,6,0,55,58,4
5859,50,Female,Teacher,3.68,86,7.02,2,1,5,46,123,2
5860,55,Male,Teacher,4.39,112,6.35,6,5,4,6,55,2
5861,45,Male,Doctor,1.82,46,6.98,4,9,2,24,238,1
5862,57,Male,Designer,1.74,103,6.51,5,3,4,54,77,2
5863,35,Female,Doctor,9.14,41,4.47,9,1,5,63,131,6
5864,26,Female,Designer,1.67,8,7.9,6,9,3,97,295,4
5865,46,Male,Student,4.43,30,6.18,6,2,1,31,148,1
5866,23,Male,Engineer,9.7,31,4.66,6,3,0,86,122,7
5867,21,Male,Engineer,6.22,86,8.97,5,8,2,117,201,1
5868,46,Female,Designer,9.75,115,7.46,2,2,2,40,218,5
5869,48,Male,Teacher,1.09,87,6.22,6,9,0,64,212,6
5870,32,Female,Business,9.67,11,8.27,3,3,1,1,249,7
5871,50,Female,Doctor,2.41,118,5.83,1,5,4,58,150,8
5872,18,Female,Designer,2.43,30,5.71,6,4,5,76,296,1
5873,37,Female,Business,4.41,11,6.39,6,3,5,36,272,3
5874,43,Female,Engineer,8.7,36,7.46,8,9,0,2,72,5
5875,20,Male,Designer,4.55,27,5.17,8,4,5,16,24,3
5876,27,Male,Engineer,8.76,39,6.24,9,7,2,86,284,6
5877,52,Male,Business,3.83,31,6.24,4,1,3,54,291,6
5878,51,Female,Designer,9.38,26,8.24,5,2,3,29,181,1
5879,38,Female,Student,4.2,48,4.65,1,9,0,103,176,4
5880,44,Female,Designer,9.02,75,4.19,1,6,2,90,75,2
5881,22,Female,Teacher,6.16,82,4.81,4,3,1,88,117,9
5882,57,Female,Engineer,1.86,6,4.41,8,4,0,0,22,3
5883,52,Female,Student,3.61,92,4.86,8,1,2,5,143,9
5884,42,Female,Business,6.04,7,6.78,9,7,2,54,229,8
5885,58,Female,Designer,7.77,73,4.33,9,2,1,111,78,5
5886,56,Male,Engineer,9.36,26,7.71,9,6,0,92,181,7
5887,52,Female,Student,8.93,13,5.9,9,7,4,112,185,6
5888,33,Male,Doctor,4.29,89,8.29,8,2,1,88,84,4
5889,48,Female,Doctor,4.3,109,5.08,4,6,4,84,104,5
5890,33,Female,Student,9.29,89,5.67,1,7,0,119,75,4
5891,55,Female,Business,7.71,24,6.29,7,3,4,117,205,1
5892,58,Male,Designer,6.47,21,4.53,5,7,5,17,195,6
5893,33,Female,Doctor,3.0,71,7.77,2,4,1,62,218,5
5894,55,Female,Student,8.49,87,6.78,3,5,3,5,243,1
5895,40,Male,Teacher,7.45,67,6.75,7,8,3,40,282,8
5896,32,Male,Engineer,6.46,37,7.07,2,8,2,13,187,7
5897,24,Male,Designer,6.04,17,5.48,4,1,4,108,224,3
5898,55,Male,Engineer,6.61,12,8.42,5,6,2,91,142,6
5899,59,Male,Designer,8.64,41,7.47,2,3,0,103,78,6
5900,39,Male,Business,8.6,24,5.11,4,6,3,35,135,1
5901,49,Female,Student,8.58,113,6.7,9,8,4,41,151,9
5902,48,Male,Business,7.85,81,7.95,8,5,2,40,269,6
5903,38,Female,Teacher,2.14,25,8.04,1,9,3,70,191,2
5904,42,Female,Student,5.99,44,8.57,9,4,4,76,89,6
5905,35,Female,Student,5.37,99,7.25,8,3,0,41,294,4
5906,59,Female,Designer,6.29,54,4.33,1,5,4,70,292,4
5907,44,Female,Business,9.09,112,8.27,1,1,5,20,167,2
5908,18,Male,Engineer,9.11,100,8.32,6,1,0,72,157,1
5909,58,Female,Teacher,6.03,106,7.45,3,6,3,102,265,5
5910,24,Male,Doctor,6.79,46,8.78,2,2,3,92,47,7
5911,45,Female,Student,7.01,41,8.43,3,5,0,55,201,2
5912,39,Female,Student,2.8,79,8.46,4,9,4,53,235,6
5913,22,Female,Teacher,6.55,92,4.83,1,2,4,87,272,2
5914,31,Female,Engineer,8.1,79,6.76,7,4,5,88,197,4
5915,50,Female,Business,3.79,22,7.67,8,2,4,18,37,6
5916,57,Male,Engineer,9.69,61,7.11,9,2,0,92,141,4
5917,49,Female,Teacher,5.09,80,6.22,6,4,5,57,211,7
5918,53,Male,Business,5.13,107,4.66,6,3,1,12,228,5
5919,49,Male,Business,7.61,79,6.92,2,5,5,79,262,7
5920,33,Male,Business,6.01,47,4.37,6,8,1,50,268,4
5921,49,Male,Doctor,9.65,69,7.09,5,6,4,78,257,6
5922,45,Female,Doctor,5.39,100,6.17,4,8,1,87,213,2
5923,49,Female,Designer,9.54,92,4.6,7,9,0,90,52,1
5924,29,Female,Teacher,3.63,49,7.52,6,1,5,24,42,8
5925,58,Male,Teacher,3.93,85,7.37,9,2,0,65,23,7
5926,44,Female,Designer,1.28,20,5.58,3,7,4,26,226,6
5927,45,Male,Designer,9.35,6,5.84,1,1,1,30,288,7
5928,18,Female,Engineer,4.08,18,8.01,5,2,0,90,163,4
5929,40,Female,Student,6.49,102,5.39,1,1,0,33,88,7
5930,39,Female,Engineer,4.71,92,4.52,6,6,1,33,227,2
5931,53,Male,Teacher,3.5,109,6.38,8,2,2,86,175,2
5932,39,Male,Designer,4.42,29,4.3,9,4,4,107,180,3
5933,38,Male,Engineer,2.98,65,8.6,8,8,2,113,259,2
5934,40,Female,Business,9.83,20,7.33,6,7,2,44,124,7
5935,42,Female,Engineer,2.17,90,4.48,8,7,5,88,267,1
5936,39,Male,Teacher,6.51,94,4.3,7,4,4,108,80,4
5937,57,Female,Business,9.07,79,6.82,3,3,5,111,163,3
5938,38,Female,Doctor,4.29,116,4.61,5,1,1,95,256,6
5939,27,Female,Teacher,9.91,29,8.02,2,8,1,3,143,2
5940,25,Male,Doctor,1.62,26,4.17,5,1,4,94,159,1
5941,49,Female,Engineer,8.53,116,6.01,3,7,4,108,125,9
5942,47,Male,Student,3.97,59,7.26,1,2,4,7,256,8
5943,58,Female,Business,7.82,109,6.86,3,1,1,109,219,8
5944,58,Male,Teacher,9.28,96,8.94,1,3,1,0,190,8
5945,20,Male,Doctor,4.89,94,6.53,5,5,4,2,201,4
5946,18,Female,Engineer,6.28,94,6.21,9,4,3,68,82,2
5947,27,Female,Student,7.58,62,8.99,1,1,3,76,59,6
5948,53,Female,Designer,5.69,85,7.63,4,2,0,91,120,8
5949,22,Female,Designer,6.48,103,6.94,7,1,2,4,131,4
5950,18,Female,Engineer,3.18,92,8.3,9,7,0,29,221,4
5951,27,Female,Student,5.21,59,4.39,5,7,2,113,126,5
5952,40,Male,Student,3.75,43,5.91,5,5,4,44,65,9
5953,53,Female,Business,6.84,24,6.88,7,8,2,95,231,4
5954,35,Male,Engineer,6.73,56,6.02,8,9,3,103,89,3
5955,37,Female,Designer,2.28,74,4.67,1,9,0,58,42,8
5956,43,Male,Student,5.03,94,5.24,2,4,5,64,207,8
5957,42,Female,Teacher,8.72,117,5.18,2,8,3,108,211,8
5958,49,Male,Teacher,5.14,29,5.75,4,8,2,85,233,9
5959,42,Male,Designer,1.75,52,7.93,9,1,5,76,57,7
5960,42,Male,Student,1.12,31,5.79,2,7,4,55,259,2
5961,35,Male,Engineer,1.46,15,8.15,5,5,0,65,258,3
5962,29,Male,Student,4.19,10,4.64,1,6,2,90,82,1
5963,43,Female,Business,3.17,38,4.97,1,3,2,81,64,7
5964,30,Female,Doctor,8.62,22,5.37,4,3,4,2,81,9
5965,34,Female,Teacher,2.69,99,4.94,2,3,3,45,27,7
5966,51,Female,Doctor,9.18,113,5.07,1,2,3,46,67,6
5967,49,Male,Engineer,6.73,39,5.49,2,4,1,92,277,3
5968,37,Female,Designer,7.88,69,7.72,1,4,3,19,220,4
5969,42,Male,Business,8.2,83,4.16,5,8,3,52,287,3
5970,46,Male,Engineer,3.07,119,6.48,7,1,2,0,27,6
5971,54,Female,Designer,5.93,89,5.97,3,4,2,91,45,6
5972,28,Male,Student,2.25,65,5.68,8,2,0,89,260,1
5973,34,Female,Engineer,6.19,82,8.77,7,8,2,43,137,4
5974,34,Female,Engineer,5.64,68,8.94,3,3,2,41,216,5
5975,52,Female,Teacher,3.93,61,8.16,7,9,2,96,138,5
5976,56,Female,Business,6.43,44,8.75,7,6,5,15,94,7
5977,51,Female,Engineer,8.6,56,4.87,9,8,3,80,105,1
5978,23,Male,Business,9.24,76,8.28,4,4,5,116,137,1
5979,37,Male,Designer,7.65,44,5.76,3,9,4,117,107,6
5980,21,Male,Business,7.92,38,6.21,6,2,1,10,218,8
5981,36,Male,Doctor,9.98,115,5.45,7,1,2,13,191,3
5982,27,Female,Doctor,5.19,67,5.6,3,6,3,99,299,1
5983,20,Female,Teacher,1.52,11,4.66,2,2,5,71,143,9
5984,51,Male,Doctor,3.0,106,5.69,4,8,2,17,261,6
5985,20,Male,Student,9.83,14,6.28,9,5,1,11,127,1
5986,34,Female,Engineer,9.33,93,8.24,1,8,5,103,89,6
5987,43,Female,Business,3.48,18,8.24,6,2,5,110,119,9
5988,51,Male,Business,4.52,112,7.7,7,1,0,41,81,8
5989,32,Male,Student,4.33,111,7.28,6,3,1,92,66,4
5990,19,Female,Engineer,3.27,88,6.97,6,4,4,65,187,1
5991,20,Female,Student,1.36,113,7.86,8,2,1,7,27,6
5992,58,Male,Teacher,1.14,20,4.06,7,1,5,62,66,1
5993,56,Male,Doctor,1.52,30,6.93,5,6,3,21,53,8
5994,49,Female,Engineer,6.28,70,7.59,5,5,0,112,84,8
5995,39,Female,Teacher,6.86,92,4.92,3,7,0,106,266,4
5996,54,Female,Engineer,2.64,68,5.7,6,2,3,116,147,1
5997,28,Male,Business,9.45,82,6.36,3,2,2,43,297,8
5998,51,Female,Designer,4.23,52,8.49,4,8,2,18,291,4
5999,45,Female,Business,6.13,90,4.43,2,6,0,38,43,7
6000,52,Male,Student,8.36,106,7.61,8,4,0,18,82,5
6001,44,Male,Doctor,3.3,112,5.94,4,8,4,98,54,7
6002,40,Male,Student,2.84,102,7.4,8,8,4,97,295,8
6003,18,Female,Engineer,6.28,14,4.12,3,4,3,62,147,2
6004,55,Male,Teacher,4.9,63,5.64,2,2,3,106,223,2
6005,57,Female,Business,6.54,49,8.03,6,3,5,73,77,5
6006,33,Female,Business,5.21,75,4.85,8,6,0,41,27,2
6007,45,Female,Student,3.37,83,7.44,3,4,3,115,286,6
6008,47,Male,Designer,4.24,45,5.98,5,3,4,60,98,1
6009,24,Male,Business,1.24,54,5.8,5,6,3,29,191,1
6010,30,Female,Designer,8.09,69,6.83,3,1,0,38,73,3
6011,40,Male,Engineer,4.17,44,4.99,3,2,4,44,73,5
6012,30,Female,Designer,3.04,31,8.44,9,1,3,69,289,3
6013,46,Female,Student,4.76,40,4.5,6,9,4,46,143,7
6014,47,Female,Doctor,9.23,46,7.36,3,6,5,62,213,6
6015,28,Male,Teacher,4.01,63,4.89,2,7,3,30,144,1
6016,49,Male,Student,6.29,16,6.37,9,2,0,70,222,8
6017,44,Female,Business,7.25,114,7.27,7,2,0,5,219,8
6018,44,Female,Designer,8.78,69,7.24,9,4,0,20,33,4
6019,34,Female,Business,5.37,39,6.72,1,3,4,42,275,6
6020,46,Female,Student,6.31,14,5.59,5,2,4,54,141,5
6021,43,Female,Doctor,2.75,48,5.66,5,5,4,39,276,6
6022,52,Male,Designer,1.71,9,4.43,3,7,5,31,252,2
6023,33,Female,Designer,9.63,78,4.91,4,3,4,24,204,9
6024,51,Male,Designer,7.44,7,6.25,6,9,3,117,199,8
6025,50,Female,Student,9.87,116,6.05,1,6,3,114,116,9
6026,45,Female,Student,1.89,102,4.04,6,6,5,109,253,6
6027,33,Male,Teacher,3.75,95,6.27,7,5,5,6,161,7
6028,41,Female,Teacher,1.73,97,5.51,1,2,0,68,171,2
6029,32,Female,Business,2.06,54,5.11,1,7,2,32,69,5
6030,21,Male,Designer,9.02,29,4.26,3,2,0,36,285,7
6031,43,Male,Designer,1.8,27,4.6,3,5,1,78,275,5
6032,50,Male,Business,2.01,69,6.34,2,7,4,28,190,1
6033,20,Male,Student,9.81,97,8.97,8,2,1,43,297,4
6034,34,Male,Designer,7.06,53,4.29,5,3,0,41,83,9
6035,27,Male,Designer,8.0,36,5.72,3,9,1,54,255,7
6036,31,Female,Designer,9.82,23,8.02,2,2,3,98,40,8
6037,20,Male,Doctor,3.0,77,4.38,2,9,1,85,164,4
6038,54,Female,Engineer,2.53,99,8.6,8,8,1,43,26,6
6039,31,Female,Business,8.08,59,8.96,4,1,1,61,241,9
6040,33,Female,Engineer,8.82,51,8.84,3,7,5,68,170,9
6041,24,Female,Business,1.24,61,5.78,3,4,4,12,60,6
6042,43,Female,Teacher,2.7,34,6.68,3,3,3,94,144,7
6043,34,Female,Engineer,8.93,53,6.3,3,9,5,63,172,5
6044,25,Male,Student,5.1,58,7.22,1,9,2,29,108,9
6045,50,Male,Student,7.98,20,7.74,9,7,4,103,164,5
6046,37,Male,Designer,6.54,31,6.74,5,6,5,103,124,2
6047,21,Female,Doctor,1.42,67,5.1,7,6,2,31,227,2
6048,26,Male,Teacher,3.37,119,6.89,1,7,1,80,30,6
6049,38,Female,Business,3.93,112,5.92,1,8,3,115,120,7
6050,53,Female,Teacher,1.32,20,4.3,5,6,1,110,198,9
6051,53,Female,Doctor,7.92,107,7.78,5,5,5,36,294,8
6052,43,Female,Designer,8.52,103,7.35,4,7,0,61,66,9
6053,59,Male,Doctor,3.88,35,6.28,2,2,2,108,261,1
6054,24,Female,Teacher,8.85,62,4.71,2,2,0,41,140,7
6055,52,Male,Teacher,2.59,79,8.99,6,7,5,54,245,9
6056,38,Male,Doctor,7.49,119,6.64,2,5,2,3,179,4
6057,35,Female,Engineer,7.18,40,6.23,6,1,1,65,64,8
6058,26,Male,Doctor,8.98,118,7.09,9,1,5,101,51,9
6059,51,Female,Designer,6.3,81,7.11,5,7,2,36,255,2
6060,48,Male,Business,8.47,18,7.99,3,8,3,108,298,9
6061,40,Male,Business,5.82,13,6.78,7,4,0,56,47,7
6062,55,Female,Engineer,8.6,50,8.35,6,7,1,97,188,2
6063,39,Male,Doctor,4.14,56,8.37,4,2,3,5,104,6
6064,53,Male,Business,9.72,12,6.54,4,5,4,0,160,3
6065,41,Female,Doctor,5.42,57,7.49,2,9,0,82,65,3
6066,29,Male,Designer,8.42,6,5.14,3,2,0,79,299,4
6067,59,Male,Business,1.33,55,5.11,4,3,5,93,46,1
6068,24,Female,Teacher,9.5,47,4.35,5,9,4,23,145,8
6069,54,Male,Teacher,7.19,85,8.1,9,4,1,1,27,1
6070,30,Male,Doctor,7.41,66,5.32,2,7,0,87,279,4
6071,19,Male,Designer,7.19,89,6.23,6,8,5,90,43,4
6072,27,Female,Doctor,5.52,34,6.55,3,5,0,98,251,4
6073,57,Female,Student,1.5,25,6.24,2,4,0,55,34,8
6074,44,Male,Student,2.3,73,7.49,3,5,5,95,131,3
6075,20,Female,Business,6.83,115,4.82,1,3,1,98,255,3
6076,27,Female,Designer,9.24,77,6.38,9,9,0,44,198,7
6077,28,Male,Doctor,6.96,77,6.41,1,4,5,58,68,1
6078,52,Male,Student,4.51,17,6.9,9,3,4,90,27,8
6079,28,Female,Student,8.28,56,6.17,5,2,4,101,264,2
6080,53,Male,Engineer,1.6,10,8.67,3,1,1,89,291,7
6081,59,Female,Teacher,3.66,108,7.77,8,5,4,3,77,3
6082,50,Male,Doctor,6.04,111,5.75,4,3,1,5,120,4
6083,24,Male,Designer,2.98,76,7.37,2,2,1,84,150,8
6084,24,Female,Designer,8.55,74,4.48,5,7,1,32,272,9
6085,54,Female,Teacher,2.82,28,7.77,7,9,4,5,105,8
6086,28,Female,Designer,5.59,85,7.07,7,8,5,70,197,3
6087,23,Female,Designer,7.78,92,5.98,4,3,4,111,166,1
6088,50,Male,Doctor,6.33,68,8.58,8,8,2,86,149,3
6089,36,Male,Engineer,8.43,82,5.34,6,4,4,3,159,1
6090,56,Male,Engineer,7.08,44,4.89,1,6,5,66,36,2
6091,54,Female,Student,8.84,12,5.52,7,4,3,70,230,6
6092,54,Male,Engineer,9.28,90,7.33,9,6,4,84,168,8
6093,38,Male,Teacher,5.31,27,5.37,7,2,1,82,230,8
6094,56,Male,Teacher,4.08,34,8.09,3,9,1,74,142,6
6095,31,Female,Designer,9.33,46,5.77,2,6,3,99,215,2
6096,44,Male,Doctor,9.34,23,8.67,1,8,0,87,58,6
6097,42,Female,Teacher,3.72,114,5.62,5,5,2,80,36,6
6098,45,Male,Teacher,2.09,60,7.52,7,6,1,95,44,2
6099,43,Female,Business,5.95,49,4.4,5,5,1,89,246,1
6100,55,Female,Business,5.59,50,8.4,7,6,5,100,256,1
6101,31,Female,Designer,1.38,16,5.65,6,4,1,109,236,4
6102,50,Female,Student,1.71,25,5.52,5,1,2,83,295,6
6103,34,Male,Designer,2.64,6,6.89,3,3,2,114,233,4
6104,49,Female,Doctor,5.42,13,7.27,7,9,2,66,48,6
6105,28,Female,Designer,1.88,94,8.81,8,7,2,21,111,4
6106,39,Male,Business,9.58,76,8.58,7,8,5,13,22,1
6107,57,Male,Teacher,1.26,44,8.46,8,1,1,78,30,3
6108,22,Male,Business,4.6,32,6.46,5,6,1,61,50,8
6109,45,Female,Designer,8.21,93,8.13,7,2,4,77,59,8
6110,28,Female,Teacher,8.39,117,8.4,1,7,4,85,222,7
6111,21,Male,Doctor,9.66,89,4.29,7,1,2,62,131,5
6112,35,Female,Student,7.17,65,6.36,5,1,0,80,145,8
6113,55,Female,Engineer,2.46,52,5.64,9,7,4,115,164,5
6114,53,Female,Designer,5.76,55,8.23,4,1,5,31,89,6
6115,49,Male,Designer,2.05,101,8.53,1,8,4,106,195,3
6116,21,Male,Teacher,3.48,63,7.52,7,2,5,59,174,1
6117,43,Female,Engineer,2.25,50,6.05,8,9,1,102,200,8
6118,33,Male,Engineer,5.21,41,7.74,3,6,1,2,190,2
6119,20,Female,Business,6.73,53,5.91,2,9,0,96,161,2
6120,25,Male,Doctor,7.09,110,5.7,2,7,4,31,81,8
6121,51,Male,Business,7.79,96,6.69,5,8,4,22,265,8
6122,55,Male,Doctor,2.31,48,8.59,6,8,1,44,97,4
6123,30,Female,Teacher,3.25,99,4.55,3,7,0,115,178,4
6124,42,Female,Teacher,7.11,33,8.59,9,1,4,106,99,5
6125,46,Male,Doctor,8.55,28,4.49,9,4,4,74,51,5
6126,46,Male,Designer,6.81,49,6.21,1,8,1,41,213,1
6127,42,Female,Designer,5.64,103,8.51,4,7,0,38,248,8
6128,46,Male,Doctor,2.53,69,6.81,5,7,0,17,48,2
6129,43,Male,Teacher,8.69,66,5.0,1,5,2,4,249,6
6130,22,Male,Doctor,2.91,22,5.17,3,6,5,88,51,6
6131,52,Female,Engineer,5.35,39,6.54,1,7,3,28,23,1
6132,59,Female,Business,8.97,10,4.88,4,3,3,47,227,3
6133,47,Male,Student,1.35,71,6.23,7,5,4,40,167,3
6134,57,Female,Engineer,1.31,20,8.35,5,9,4,2,213,5
6135,39,Male,Doctor,5.75,105,6.5,1,1,0,80,230,6
6136,47,Female,Business,2.76,104,6.75,4,7,0,67,161,1
6137,19,Female,Engineer,1.17,99,7.57,1,5,0,101,73,4
6138,59,Female,Business,9.72,6,7.75,9,8,4,56,38,2
6139,29,Male,Engineer,9.65,12,5.17,7,9,3,111,139,4
6140,53,Female,Designer,7.51,37,6.5,7,7,4,95,181,7
6141,47,Male,Engineer,2.76,92,5.13,3,5,2,89,295,8
6142,31,Female,Business,6.74,112,4.78,3,1,2,11,37,8
6143,21,Female,Teacher,4.92,95,7.25,7,3,0,25,230,9
6144,55,Male,Doctor,7.03,96,8.4,8,4,4,63,176,9
6145,21,Female,Engineer,4.38,55,8.18,7,5,4,103,239,3
6146,56,Male,Engineer,5.86,76,5.89,8,3,2,10,73,6
6147,31,Male,Teacher,5.23,68,4.42,6,9,3,55,221,3
6148,59,Female,Student,5.09,29,7.12,6,2,1,16,95,8
6149,37,Female,Business,3.49,72,6.83,7,4,4,96,259,4
6150,51,Male,Designer,7.44,14,4.67,1,2,3,18,228,7
6151,45,Male,Engineer,2.8,12,8.2,7,1,1,83,63,9
6152,20,Male,Designer,4.92,69,7.24,4,4,3,34,152,9
6153,53,Female,Doctor,8.69,25,8.31,9,1,3,73,112,2
6154,41,Male,Engineer,7.21,51,6.06,2,3,3,95,240,3
6155,56,Female,Engineer,2.52,96,5.16,4,1,4,91,23,7
6156,42,Male,Student,9.44,35,4.37,4,6,4,95,245,8
6157,40,Male,Engineer,1.21,66,7.01,9,1,3,111,275,2
6158,22,Female,Doctor,9.96,72,5.46,2,8,2,107,96,3
6159,56,Male,Student,7.84,11,8.44,8,7,1,75,170,1
6160,26,Female,Designer,7.86,40,5.11,1,4,5,113,161,7
6161,56,Female,Doctor,9.35,45,5.77,6,5,0,32,208,3
6162,18,Male,Designer,3.19,77,7.41,1,8,1,44,297,1
6163,40,Female,Student,4.55,43,4.37,9,5,3,41,95,5
6164,34,Female,Business,7.72,99,8.4,4,2,2,101,267,8
6165,19,Male,Student,3.1,47,5.59,1,4,5,93,102,8
6166,40,Male,Teacher,5.55,32,4.18,5,5,4,39,203,5
6167,57,Male,Engineer,4.51,110,8.2,5,9,0,103,98,1
6168,18,Male,Doctor,8.9,79,4.57,7,9,5,78,45,6
6169,26,Male,Designer,4.41,70,4.61,6,9,1,9,117,7
6170,37,Male,Doctor,6.13,17,8.08,9,1,0,36,252,3
6171,46,Male,Business,1.44,37,8.42,6,8,1,54,292,4
6172,59,Female,Designer,1.16,93,4.89,1,1,0,75,289,6
6173,44,Male,Teacher,1.07,29,7.6,2,5,0,49,175,1
6174,19,Male,Teacher,4.98,23,7.78,7,9,4,58,153,8
6175,22,Male,Business,3.51,81,7.59,3,3,2,28,207,7
6176,18,Female,Engineer,2.73,67,7.57,7,3,5,63,219,9
6177,51,Male,Student,4.47,83,5.84,5,1,5,30,143,9
6178,55,Male,Doctor,1.59,13,4.7,4,7,4,39,124,8
6179,49,Female,Engineer,3.45,13,5.34,5,4,0,118,21,4
6180,19,Male,Business,7.39,17,8.61,5,9,2,116,107,8
6181,44,Female,Doctor,9.41,78,8.26,7,7,0,54,204,1
6182,36,Male,Business,2.65,31,8.85,3,7,5,114,70,4
6183,33,Male,Teacher,8.81,91,7.01,7,9,0,69,195,1
6184,45,Male,Doctor,6.81,32,5.43,3,6,0,74,131,1
6185,49,Female,Teacher,7.0,82,8.81,2,4,1,108,220,2
6186,59,Female,Doctor,5.38,83,7.51,9,5,2,107,196,2
6187,54,Male,Doctor,7.24,25,4.21,9,6,4,41,152,5
6188,33,Female,Student,8.73,46,6.72,8,8,0,14,269,9
6189,40,Female,Designer,9.45,21,4.43,6,9,3,43,270,9
6190,38,Male,Business,4.87,11,7.88,4,8,5,109,187,1
6191,22,Female,Engineer,9.99,13,6.16,2,9,1,95,65,8
6192,30,Male,Engineer,5.35,88,8.89,6,8,3,98,63,2
6193,45,Female,Designer,5.61,107,6.35,2,1,2,74,139,6
6194,55,Female,Student,2.46,45,7.08,3,2,3,113,113,2
6195,32,Female,Teacher,8.51,75,6.59,1,7,3,2,206,4
6196,36,Female,Student,9.07,91,5.23,1,9,1,45,204,6
6197,45,Male,Teacher,5.06,77,7.52,4,1,3,39,160,2
6198,32,Male,Doctor,5.48,118,4.64,7,3,2,83,145,4
6199,39,Male,Student,6.82,27,8.61,1,8,5,28,55,3
6200,21,Female,Teacher,6.29,86,6.2,6,3,5,24,181,3
6201,48,Male,Business,6.24,24,5.51,2,9,4,53,105,2
6202,40,Female,Doctor,3.64,117,8.84,5,5,0,103,250,6
6203,55,Female,Engineer,7.76,48,5.3,4,2,4,22,160,3
6204,24,Male,Engineer,7.71,55,8.25,1,3,2,29,71,7
6205,46,Male,Designer,3.05,87,6.72,3,8,1,112,61,1
6206,24,Female,Doctor,9.59,114,6.91,8,9,0,45,279,9
6207,31,Female,Student,4.6,52,4.48,1,2,3,87,162,4
6208,19,Female,Designer,3.72,117,4.84,8,8,4,97,186,2
6209,29,Female,Engineer,7.21,71,4.58,1,1,0,65,21,6
6210,38,Male,Business,5.16,17,7.69,2,9,3,75,285,5
6211,37,Female,Teacher,5.53,67,5.29,4,1,4,72,154,1
6212,59,Male,Designer,9.52,52,6.64,4,5,5,13,131,5
6213,51,Male,Business,3.33,96,7.72,5,7,0,4,262,2
6214,44,Male,Student,1.48,21,6.44,7,2,0,58,166,7
6215,30,Female,Business,7.78,73,6.45,6,8,5,61,191,7
6216,56,Female,Doctor,7.73,62,8.03,9,6,1,45,272,8
6217,39,Female,Student,6.45,77,4.71,6,5,3,40,106,5
6218,30,Female,Business,3.16,39,6.96,3,2,5,118,143,8
6219,47,Female,Designer,9.08,89,8.89,3,7,4,67,171,1
6220,47,Male,Designer,5.05,96,6.59,6,3,5,102,151,7
6221,59,Female,Business,4.28,91,4.0,7,8,0,24,200,2
6222,47,Female,Engineer,1.26,44,6.24,2,1,3,96,112,7
6223,20,Male,Engineer,7.41,66,8.08,8,7,3,113,50,1
6224,59,Male,Engineer,6.83,11,8.68,6,6,0,83,136,7
6225,25,Female,Business,1.62,23,6.45,5,7,3,29,112,2
6226,19,Male,Student,4.09,101,6.0,4,9,3,77,261,8
6227,45,Female,Business,2.25,117,6.54,4,8,1,64,129,8
6228,20,Female,Designer,1.66,6,5.23,4,3,4,7,121,1
6229,39,Male,Designer,7.55,77,8.26,9,6,3,51,166,4
6230,25,Female,Engineer,8.3,18,7.41,3,9,5,33,287,2
6231,39,Female,Student,7.68,7,4.76,8,1,5,37,160,3
6232,39,Female,Student,3.61,98,4.0,8,1,2,27,155,7
6233,59,Female,Doctor,7.13,45,4.2,9,1,1,77,126,5
6234,40,Female,Business,2.76,53,6.81,6,1,0,64,38,6
6235,52,Female,Teacher,7.22,20,6.3,2,3,3,90,254,4
6236,26,Male,Business,6.88,68,8.95,4,2,5,41,173,2
6237,35,Male,Student,3.86,65,8.44,1,2,4,53,147,7
6238,30,Female,Student,2.03,41,6.2,5,2,3,40,123,1
6239,27,Female,Business,7.29,33,7.08,1,1,1,113,107,4
6240,23,Male,Engineer,9.17,13,6.72,6,4,5,93,71,1
6241,28,Male,Doctor,7.85,67,4.74,7,7,4,16,47,3
6242,36,Male,Student,7.68,79,7.6,6,1,2,33,293,3
6243,37,Male,Designer,4.33,12,6.82,2,8,5,7,47,3
6244,56,Female,Business,6.23,67,4.0,3,3,0,43,101,4
6245,28,Male,Student,8.4,24,8.08,6,4,2,29,266,1
6246,43,Male,Student,7.51,116,4.6,3,7,1,111,186,9
6247,47,Male,Business,7.52,44,4.97,4,5,3,108,32,1
6248,42,Female,Student,7.81,38,8.09,7,1,3,28,201,5
6249,58,Female,Designer,1.51,47,4.92,6,3,3,113,217,5
6250,23,Female,Engineer,3.25,82,6.81,3,6,4,85,59,4
6251,50,Male,Doctor,2.94,59,4.99,4,6,0,13,150,9
6252,52,Female,Student,7.6,77,8.02,5,6,1,63,65,6
6253,53,Female,Doctor,5.34,33,8.01,3,4,2,71,272,4
6254,24,Female,Designer,3.61,22,8.04,5,2,4,26,84,2
6255,59,Male,Teacher,8.83,66,4.74,6,6,2,32,163,7
6256,22,Female,Designer,3.71,40,6.74,5,5,5,55,194,4
6257,39,Male,Designer,7.57,63,8.11,1,3,3,104,57,2
6258,53,Male,Doctor,3.61,106,5.17,1,3,5,86,277,9
6259,45,Female,Doctor,5.74,115,4.06,3,2,2,118,128,2
6260,39,Female,Engineer,5.1,25,5.43,7,2,0,85,31,8
6261,35,Male,Business,8.61,15,8.1,4,4,4,98,214,4
6262,40,Male,Teacher,8.36,32,4.79,9,3,2,82,64,5
6263,40,Male,Teacher,2.05,54,5.15,7,8,5,35,97,4
6264,48,Female,Designer,7.68,29,5.48,7,8,5,71,295,5
6265,37,Female,Teacher,4.61,21,4.5,5,2,5,12,74,7
6266,59,Female,Student,5.78,84,4.66,5,4,3,59,166,8
6267,45,Female,Business,2.83,47,7.6,1,5,1,59,285,9
6268,37,Male,Teacher,6.0,80,4.91,6,5,2,60,80,6
6269,40,Female,Designer,8.63,38,7.57,6,8,2,57,126,5
6270,33,Female,Engineer,2.31,21,7.83,4,2,0,19,267,8
6271,52,Male,Business,2.32,39,7.94,7,9,3,23,64,7
6272,37,Male,Student,8.87,45,6.47,3,7,3,77,145,1
6273,22,Female,Designer,6.02,19,4.36,7,7,2,15,255,4
6274,24,Female,Teacher,7.1,17,5.83,9,4,0,111,139,2
6275,34,Female,Business,5.65,89,5.03,7,1,2,41,154,6
6276,18,Female,Designer,7.06,28,4.19,3,2,5,105,106,5
6277,41,Male,Engineer,4.96,72,4.12,4,7,0,86,121,1
6278,59,Male,Designer,2.24,47,7.45,9,8,5,41,203,5
6279,31,Female,Student,4.99,117,5.94,7,5,0,63,111,2
6280,26,Male,Doctor,5.03,68,4.14,8,6,0,109,148,7
6281,51,Female,Engineer,2.92,38,8.73,8,2,2,87,112,4
6282,44,Male,Teacher,3.32,55,7.45,8,3,4,114,24,9
6283,21,Female,Doctor,6.06,27,5.49,5,2,3,86,230,5
6284,26,Male,Business,4.2,7,5.44,3,8,1,81,50,5
6285,29,Male,Teacher,1.84,97,8.88,9,4,0,69,207,2
6286,19,Male,Engineer,10.0,74,6.82,4,3,2,112,83,1
6287,23,Male,Teacher,5.5,27,5.71,8,8,0,54,68,1
6288,56,Male,Engineer,6.44,13,5.26,1,2,3,52,65,5
6289,30,Female,Student,2.48,16,5.06,5,3,3,37,287,5
6290,27,Male,Teacher,2.54,33,7.19,4,4,2,15,113,9
6291,22,Female,Engineer,3.97,20,5.59,3,2,4,14,191,1
6292,22,Female,Designer,3.99,55,4.57,4,9,5,60,232,8
6293,47,Female,Business,5.14,54,8.78,1,7,5,0,246,2
6294,53,Male,Business,3.92,50,4.71,1,3,1,114,166,5
6295,42,Female,Student,8.15,47,6.87,8,6,5,3,242,5
6296,57,Female,Teacher,5.24,116,5.75,4,7,4,91,265,7
6297,52,Male,Designer,4.55,95,4.9,3,2,2,77,102,6
6298,46,Male,Business,4.95,97,8.42,5,6,3,24,145,5
6299,37,Female,Designer,9.07,115,4.76,4,6,0,12,205,6
6300,59,Male,Business,8.07,71,5.6,2,6,4,80,266,4
6301,27,Female,Designer,2.29,87,5.64,4,1,3,0,52,4
6302,50,Female,Doctor,8.51,81,6.73,5,6,2,46,213,5
6303,43,Male,Designer,7.23,110,5.06,2,1,0,75,24,3
6304,27,Female,Engineer,6.02,29,6.82,9,8,1,86,134,3
6305,26,Male,Engineer,3.05,29,5.34,8,7,1,71,132,2
6306,32,Female,Designer,8.72,54,4.94,9,9,2,119,64,4
6307,56,Male,Doctor,1.15,73,8.82,5,8,4,105,230,4
6308,52,Male,Business,3.61,107,7.29,7,9,5,65,167,8
6309,34,Male,Doctor,8.86,76,7.05,4,4,5,34,205,5
6310,42,Female,Student,2.68,98,6.48,7,6,2,83,186,3
6311,58,Male,Business,8.39,34,8.28,2,9,4,47,177,9
6312,48,Male,Student,7.86,117,8.32,8,9,2,63,60,4
6313,47,Female,Doctor,5.38,22,4.05,7,6,4,71,37,8
6314,25,Female,Engineer,6.86,85,4.27,9,1,0,50,193,6
6315,51,Female,Engineer,5.46,39,4.82,7,3,0,5,150,8
6316,52,Male,Designer,3.68,37,5.12,4,9,2,118,78,9
6317,59,Male,Student,5.35,108,7.24,1,6,1,74,174,8
6318,35,Male,Designer,8.63,26,5.02,6,2,1,63,228,3
6319,47,Male,Designer,1.0,80,6.1,7,2,1,40,135,5
6320,55,Female,Doctor,7.77,109,5.39,4,2,4,26,291,6
6321,40,Male,Designer,6.47,11,4.87,1,1,3,70,167,4
6322,34,Female,Doctor,9.33,63,5.96,7,7,4,54,230,7
6323,40,Male,Student,2.85,8,5.45,4,7,0,70,46,8
6324,28,Male,Designer,6.27,113,8.82,1,4,2,17,133,4
6325,41,Male,Designer,9.64,58,4.05,2,4,1,79,297,4
6326,30,Male,Business,8.97,82,8.94,3,2,4,37,94,4
6327,42,Female,Business,8.85,47,5.12,8,1,0,71,75,1
6328,24,Male,Doctor,1.26,39,8.46,2,4,4,96,222,5
6329,24,Male,Teacher,4.02,52,6.48,3,8,1,100,229,9
6330,40,Male,Student,7.57,40,5.14,5,9,3,38,58,3
6331,50,Female,Doctor,6.79,105,5.37,1,8,3,102,264,9
6332,38,Female,Engineer,1.65,59,7.7,9,5,2,107,227,2
6333,23,Male,Business,4.93,98,5.62,9,3,3,20,142,2
6334,35,Male,Teacher,9.89,14,6.56,4,6,0,113,253,7
6335,31,Male,Engineer,4.6,77,8.87,9,3,0,59,265,8
6336,59,Male,Designer,5.82,39,7.83,8,2,2,35,114,7
6337,48,Female,Teacher,8.28,7,6.19,4,6,3,107,245,4
6338,38,Female,Business,8.64,43,4.39,5,4,4,82,105,3
6339,21,Female,Engineer,8.66,74,6.75,3,1,2,96,116,7
6340,38,Male,Student,8.1,15,8.03,9,3,3,12,79,8
6341,44,Male,Student,3.8,21,5.01,5,5,4,31,197,7
6342,52,Male,Doctor,7.34,39,8.27,5,9,5,52,247,1
6343,40,Female,Business,5.63,76,6.33,5,8,5,43,178,7
6344,58,Female,Student,5.96,52,6.66,9,3,0,44,31,9
6345,32,Male,Teacher,9.71,115,6.64,5,9,4,66,188,9
6346,55,Male,Student,1.0,8,5.31,2,4,3,100,213,8
6347,40,Female,Business,9.75,105,8.87,1,5,3,56,228,5
6348,56,Female,Business,9.68,118,8.25,3,7,5,41,233,7
6349,48,Male,Business,4.86,59,4.22,3,7,5,103,80,7
6350,47,Female,Designer,3.12,63,5.45,6,7,1,100,170,6
6351,54,Female,Student,7.42,97,8.32,2,9,2,20,228,2
6352,43,Female,Designer,2.56,46,8.83,6,1,2,112,205,9
6353,43,Male,Engineer,2.81,77,8.8,3,3,2,31,214,7
6354,52,Female,Teacher,7.22,37,5.51,8,1,2,102,180,7
6355,56,Female,Designer,4.8,35,8.3,2,3,5,37,182,5
6356,53,Male,Doctor,4.58,20,7.99,4,6,2,91,285,5
6357,25,Female,Teacher,2.24,90,7.97,6,1,5,75,111,9
6358,48,Male,Doctor,1.35,22,7.89,7,1,2,17,93,2
6359,31,Male,Engineer,7.19,45,4.46,2,6,1,35,186,6
6360,22,Male,Student,3.22,19,7.93,9,8,4,15,184,9
6361,44,Female,Designer,7.82,86,6.23,4,6,0,103,193,1
6362,44,Male,Teacher,5.01,41,4.61,6,9,5,64,197,2
6363,44,Female,Doctor,8.85,12,8.68,5,7,1,26,76,5
6364,35,Female,Student,6.01,93,4.65,5,4,3,39,157,8
6365,22,Female,Doctor,5.22,73,7.11,6,4,3,35,92,1
6366,40,Male,Student,9.11,71,5.59,8,3,3,42,82,4
6367,38,Female,Designer,6.7,97,4.69,9,1,2,25,55,3
6368,54,Female,Student,5.97,90,4.17,6,8,4,92,86,2
6369,44,Female,Teacher,7.68,92,4.4,6,3,2,49,298,7
6370,26,Male,Teacher,2.18,80,6.7,1,1,3,42,117,5
6371,35,Female,Student,2.02,32,4.06,6,2,3,115,129,3
6372,45,Male,Student,5.48,77,8.19,9,7,3,113,131,1
6373,40,Female,Designer,2.18,43,4.73,9,1,4,114,271,7
6374,50,Male,Teacher,9.83,71,8.74,7,4,3,15,138,2
6375,35,Female,Student,8.59,54,7.41,8,5,5,42,57,6
6376,22,Male,Business,2.71,16,4.27,1,9,4,77,99,8
6377,59,Male,Engineer,1.71,26,7.47,8,8,3,53,191,3
6378,34,Male,Engineer,4.08,74,6.7,8,5,2,4,170,2
6379,27,Male,Student,8.08,69,4.16,5,9,5,83,196,8
6380,56,Female,Engineer,3.66,75,7.01,1,2,0,63,236,6
6381,44,Male,Teacher,4.6,109,8.05,7,9,2,86,172,1
6382,43,Male,Designer,1.36,70,4.18,9,8,3,40,268,7
6383,43,Male,Engineer,8.99,90,4.08,3,8,0,48,140,8
6384,27,Female,Business,2.56,28,6.36,4,8,2,5,186,9
6385,45,Male,Student,5.45,29,7.89,5,8,1,83,79,2
6386,53,Female,Business,2.96,34,6.18,8,6,0,5,271,2
6387,58,Female,Business,2.59,64,8.29,5,9,5,6,205,8
6388,47,Female,Engineer,8.27,108,7.14,1,5,3,87,195,2
6389,26,Male,Doctor,2.65,27,7.92,7,9,5,28,165,1
6390,46,Female,Student,7.56,100,6.2,7,8,5,112,125,9
6391,48,Male,Doctor,5.79,73,6.85,6,3,4,33,158,2
6392,56,Female,Business,2.24,88,6.3,9,7,5,71,156,2
6393,28,Female,Engineer,3.41,44,4.43,1,6,0,99,23,3
6394,44,Male,Student,2.4,42,7.16,5,8,5,83,35,2
6395,56,Female,Teacher,9.84,56,7.83,8,5,5,54,24,5
6396,46,Male,Designer,9.94,75,7.83,4,4,0,62,68,5
6397,47,Female,Engineer,8.38,89,6.63,7,2,0,44,26,1
6398,59,Female,Teacher,9.61,65,8.7,1,8,1,26,95,9
6399,56,Male,Student,7.79,10,5.08,7,4,2,98,243,8
6400,49,Male,Student,6.81,8,6.69,3,8,4,29,201,3
6401,51,Female,Student,3.51,105,6.17,9,5,5,90,219,7
6402,42,Female,Engineer,1.5,99,5.96,1,7,2,10,33,5
6403,28,Male,Student,3.6,18,6.68,1,5,0,13,76,2
6404,33,Male,Business,6.76,118,4.95,7,4,5,108,193,1
6405,22,Female,Designer,6.15,87,4.61,8,5,5,66,215,1
6406,23,Male,Student,8.25,69,5.49,3,9,4,18,237,4
6407,57,Male,Engineer,3.82,96,7.14,2,8,5,53,138,6
6408,35,Male,Student,2.38,26,4.28,3,2,1,17,171,2
6409,42,Female,Student,6.02,52,5.34,1,9,0,76,83,1
6410,36,Male,Engineer,5.55,75,4.6,3,4,5,45,149,2
6411,28,Male,Engineer,7.62,49,4.49,1,1,5,97,252,5
6412,58,Male,Engineer,1.34,92,7.51,8,5,2,13,293,5
6413,59,Female,Doctor,1.74,41,7.18,9,4,2,15,91,8
6414,35,Male,Doctor,9.75,106,4.88,8,2,1,33,259,4
6415,22,Female,Doctor,3.06,56,8.75,6,3,2,108,207,7
6416,24,Female,Designer,8.64,19,5.01,4,1,0,30,237,8
6417,23,Male,Engineer,9.67,77,7.48,2,8,5,54,37,4
6418,35,Female,Designer,8.85,56,8.07,4,4,5,99,180,3
6419,57,Female,Student,5.0,112,7.44,5,8,0,41,53,2
6420,42,Female,Designer,9.76,95,5.83,2,3,0,16,106,6
6421,18,Male,Teacher,7.14,119,5.87,4,3,5,24,157,5
6422,26,Male,Engineer,4.72,87,4.94,9,8,2,105,231,2
6423,40,Male,Business,3.96,12,7.96,8,2,0,63,80,4
6424,50,Male,Student,2.9,107,4.57,6,6,2,54,169,3
6425,43,Female,Student,3.69,80,7.38,1,9,2,105,269,9
6426,49,Female,Business,8.47,21,5.91,9,1,0,21,177,8
6427,37,Male,Student,5.14,11,6.63,8,3,4,39,252,3
6428,48,Male,Student,6.17,31,8.31,5,2,4,105,127,2
6429,39,Female,Student,1.24,38,4.08,1,7,3,47,280,9
6430,29,Male,Doctor,8.93,16,5.55,8,2,1,25,111,1
6431,41,Male,Doctor,7.41,61,8.26,8,7,4,64,243,2
6432,44,Female,Designer,4.43,56,5.54,3,8,4,54,170,4
6433,22,Female,Business,6.98,25,4.86,5,2,1,84,57,7
6434,52,Female,Designer,2.44,67,6.62,9,8,2,107,207,6
6435,51,Female,Business,2.08,6,6.18,1,1,2,51,31,8
6436,41,Female,Student,3.72,42,4.8,1,1,0,33,290,9
6437,35,Male,Doctor,7.26,67,7.39,8,5,1,107,77,6
6438,33,Female,Student,6.96,114,5.09,9,6,4,24,239,9
6439,49,Female,Doctor,6.72,65,4.93,2,2,1,66,69,3
6440,27,Female,Business,9.52,13,8.35,3,8,4,50,28,7
6441,47,Male,Teacher,5.61,75,7.46,6,7,3,53,52,1
6442,31,Male,Student,6.58,35,5.48,6,4,2,73,184,6
6443,52,Female,Teacher,8.4,107,7.83,4,1,1,48,265,3
6444,25,Female,Doctor,3.18,99,8.14,4,9,2,53,24,4
6445,30,Male,Designer,3.94,57,4.5,5,3,4,13,219,2
6446,49,Male,Designer,6.54,57,5.26,6,3,4,95,147,4
6447,53,Female,Engineer,1.52,90,8.73,7,7,1,104,148,8
6448,26,Male,Designer,3.85,119,5.57,2,3,4,84,212,5
6449,33,Male,Doctor,1.75,102,8.74,1,4,0,63,27,9
6450,36,Female,Teacher,2.67,50,7.11,1,6,2,106,64,6
6451,35,Female,Teacher,3.69,102,5.96,2,5,1,3,27,4
6452,19,Male,Business,1.13,69,4.64,9,6,1,9,32,2
6453,56,Female,Business,7.57,49,6.26,3,6,1,96,142,3
6454,41,Male,Teacher,2.23,75,5.48,5,1,5,25,52,8
6455,40,Male,Teacher,8.75,104,7.63,4,5,5,63,44,3
6456,48,Female,Teacher,5.85,25,6.38,3,9,1,33,95,2
6457,53,Male,Engineer,6.9,102,9.0,2,1,2,112,248,9
6458,42,Female,Teacher,3.62,113,7.1,5,4,5,109,231,5
6459,34,Female,Student,7.51,63,6.35,4,4,1,101,163,5
6460,23,Female,Doctor,8.02,13,5.66,7,2,0,30,98,4
6461,18,Male,Engineer,1.19,78,4.62,9,4,2,62,92,7
6462,40,Female,Designer,9.93,92,6.06,6,1,2,49,236,9
6463,20,Male,Student,5.36,63,7.77,3,5,5,73,55,6
6464,27,Female,Teacher,9.32,69,5.85,4,5,5,57,242,3
6465,35,Female,Engineer,3.52,101,7.02,3,2,5,107,64,6
6466,21,Male,Engineer,5.57,70,7.97,4,4,1,66,151,7
6467,35,Male,Business,5.77,70,6.04,3,9,5,108,93,2
6468,26,Male,Engineer,5.68,70,8.6,2,4,0,1,233,3
6469,53,Male,Engineer,4.06,88,8.66,1,2,2,66,170,6
6470,58,Female,Engineer,3.19,90,7.85,8,1,0,86,58,1
6471,26,Male,Designer,9.74,111,7.0,1,5,1,91,290,9
6472,46,Male,Engineer,6.66,16,6.15,1,5,3,44,288,9
6473,45,Female,Engineer,1.07,91,8.8,3,1,5,97,62,5
6474,20,Male,Engineer,7.7,35,5.87,4,8,3,98,147,4
6475,31,Male,Doctor,1.63,86,4.38,4,5,3,105,176,7
6476,33,Male,Teacher,5.33,56,8.27,5,7,2,119,183,2
6477,46,Male,Teacher,9.42,54,4.81,4,2,0,96,29,6
6478,49,Male,Student,6.62,13,6.44,1,9,4,105,117,4
6479,50,Female,Designer,7.03,21,5.28,3,9,4,69,244,4
6480,41,Male,Doctor,3.5,113,6.51,4,1,5,33,262,4
6481,47,Male,Designer,8.52,33,6.82,2,4,1,45,111,6
6482,41,Female,Designer,6.14,58,5.81,8,8,3,77,59,4
6483,22,Male,Student,9.22,80,6.8,6,1,1,79,159,6
6484,24,Male,Designer,4.5,83,4.07,4,1,1,39,282,1
6485,28,Male,Teacher,9.02,77,4.83,9,1,3,15,167,6
6486,49,Female,Teacher,5.97,68,5.2,4,7,4,17,179,3
6487,36,Male,Teacher,8.32,113,4.51,2,8,4,29,138,8
6488,53,Female,Teacher,8.24,74,8.7,7,9,4,84,282,6
6489,53,Male,Engineer,3.79,116,8.88,8,2,1,105,287,4
6490,43,Male,Student,2.77,114,6.27,7,9,0,73,97,8
6491,50,Male,Engineer,8.37,104,5.19,2,2,3,40,152,1
6492,36,Male,Business,5.96,103,5.51,1,8,3,89,214,6
6493,19,Male,Teacher,3.22,70,7.3,3,3,3,16,250,4
6494,20,Male,Business,9.09,68,5.1,1,9,1,28,59,3
6495,26,Female,Business,3.77,65,4.78,8,7,2,44,167,5
6496,18,Female,Doctor,9.51,41,5.14,9,4,1,32,194,4
6497,38,Male,Business,8.92,27,5.87,8,2,3,72,122,9
6498,18,Male,Designer,3.8,10,4.26,1,1,0,102,96,6
6499,57,Female,Business,1.15,13,6.6,2,1,3,5,257,8
6500,57,Female,Teacher,7.72,42,5.36,9,8,0,20,121,2
6501,54,Female,Engineer,3.34,40,5.02,8,5,5,20,222,7
6502,23,Male,Engineer,5.39,60,6.79,8,7,0,14,161,6
6503,55,Male,Doctor,1.25,44,6.5,2,3,2,86,126,1
6504,43,Male,Teacher,1.3,61,8.17,4,9,5,119,91,8
6505,44,Male,Student,3.83,22,6.86,4,7,2,61,170,9
6506,44,Male,Student,5.18,92,8.3,5,4,2,86,144,5
6507,22,Female,Designer,1.66,17,8.05,8,4,0,97,205,1
6508,43,Male,Student,7.5,55,6.0,7,4,0,115,133,6
6509,44,Female,Teacher,4.29,65,6.89,2,6,1,101,188,7
6510,39,Male,Business,2.47,9,7.07,6,7,2,94,56,8
6511,40,Female,Engineer,9.96,82,7.31,5,8,2,80,221,4
6512,27,Female,Engineer,2.92,74,9.0,3,4,4,9,120,3
6513,30,Male,Engineer,3.59,36,6.29,9,2,2,23,134,8
6514,52,Male,Designer,3.76,70,5.09,3,5,3,83,47,4
6515,52,Male,Business,5.94,95,8.0,3,7,5,82,222,9
6516,58,Male,Engineer,4.75,8,5.0,2,8,2,31,27,5
6517,23,Male,Student,6.21,48,6.98,9,5,1,89,37,9
6518,39,Female,Doctor,5.54,115,4.92,3,4,2,102,148,3
6519,31,Male,Student,2.1,119,5.28,8,4,4,98,78,1
6520,19,Female,Designer,3.31,69,5.79,9,9,1,44,275,7
6521,49,Female,Engineer,3.17,81,8.75,1,2,5,107,271,5
6522,27,Female,Student,8.94,109,8.32,7,1,1,80,260,5
6523,25,Female,Student,7.19,84,7.96,5,9,4,89,262,8
6524,59,Male,Teacher,5.02,50,4.02,4,9,2,63,97,4
6525,37,Male,Engineer,8.76,32,4.89,3,1,0,36,55,3
6526,34,Female,Doctor,8.88,94,8.08,7,8,5,20,114,7
6527,22,Female,Engineer,6.77,22,8.56,8,9,4,58,84,6
6528,47,Male,Business,6.61,112,8.54,9,5,4,70,253,9
6529,29,Female,Teacher,9.74,75,8.74,7,2,3,58,36,7
6530,54,Male,Business,3.76,26,5.18,9,4,0,69,135,1
6531,56,Female,Doctor,5.88,93,4.24,6,2,0,36,271,5
6532,57,Male,Doctor,7.08,82,6.77,4,1,0,88,166,5
6533,33,Female,Business,6.86,88,6.6,7,8,1,108,194,5
6534,54,Female,Business,3.2,9,5.28,7,5,2,116,98,8
6535,56,Male,Teacher,4.58,52,7.07,6,7,3,12,211,5
6536,26,Male,Student,6.44,83,4.02,7,2,3,36,266,5
6537,21,Male,Teacher,4.35,83,6.21,6,8,2,68,98,9
6538,56,Male,Teacher,6.01,109,8.87,1,3,0,80,175,7
6539,58,Male,Doctor,7.64,88,7.59,1,9,3,75,149,2
6540,45,Female,Teacher,7.14,45,4.78,5,5,3,90,294,5
6541,46,Male,Business,7.24,81,7.36,9,8,1,82,140,8
6542,38,Female,Doctor,5.93,21,7.27,7,8,3,107,283,4
6543,25,Male,Designer,6.64,36,6.2,8,7,2,23,256,2
6544,57,Male,Business,9.49,50,5.7,7,6,0,77,278,6
6545,55,Male,Engineer,8.93,63,6.52,5,5,3,61,250,6
6546,37,Male,Doctor,6.08,99,8.7,2,2,2,18,75,1
6547,20,Male,Business,5.56,39,5.63,3,5,2,69,259,2
6548,27,Male,Designer,6.96,56,8.87,9,4,0,86,289,8
6549,55,Male,Designer,7.17,5,6.04,2,1,5,82,82,9
6550,53,Male,Designer,3.93,78,7.87,8,9,2,118,25,9
6551,25,Female,Doctor,9.51,65,7.51,6,3,5,70,262,5
6552,26,Female,Teacher,2.13,28,8.2,7,2,3,51,264,9
6553,21,Female,Doctor,6.64,27,6.02,1,9,1,41,31,3
6554,52,Male,Student,9.71,103,8.0,1,7,2,35,79,5
6555,28,Female,Student,7.1,107,5.02,1,8,0,103,257,8
6556,39,Male,Business,7.61,92,6.14,9,5,4,26,243,6
6557,40,Female,Teacher,1.15,69,6.33,8,7,3,0,236,8
6558,35,Female,Engineer,1.55,35,8.17,8,3,4,72,179,6
6559,37,Male,Student,1.97,19,6.25,1,7,5,49,175,5
6560,24,Female,Student,4.87,98,7.69,2,5,0,101,200,6
6561,50,Male,Student,7.29,59,5.09,7,7,2,43,262,7
6562,58,Male,Engineer,8.97,118,4.5,1,6,4,29,71,2
6563,49,Female,Engineer,2.43,112,6.87,9,5,2,112,298,1
6564,29,Female,Student,7.3,39,8.7,2,3,0,33,178,2
6565,27,Female,Student,5.74,48,8.45,4,7,5,87,136,2
6566,39,Female,Doctor,7.0,98,6.82,3,7,0,80,202,8
6567,29,Male,Business,5.42,42,6.59,3,7,2,81,142,3
6568,40,Male,Student,2.62,107,8.32,8,5,1,64,187,3
6569,30,Female,Teacher,4.55,97,4.33,5,9,2,1,174,5
6570,40,Female,Teacher,8.99,61,7.83,3,2,5,2,289,6
6571,54,Male,Engineer,3.34,26,4.38,5,8,2,75,226,8
6572,24,Female,Engineer,5.81,11,5.64,1,4,1,80,49,9
6573,48,Male,Business,2.54,33,7.53,6,9,3,62,112,5
6574,44,Female,Teacher,3.35,81,5.94,8,6,0,70,198,2
6575,25,Female,Student,8.27,33,5.63,4,5,3,14,91,9
6576,45,Female,Doctor,4.75,104,8.12,9,3,3,26,176,3
6577,35,Female,Designer,8.52,86,7.88,1,4,1,2,281,2
6578,19,Female,Engineer,5.9,112,6.71,3,7,1,96,226,2
6579,58,Male,Teacher,5.31,92,7.33,5,7,1,99,138,3
6580,20,Female,Business,1.54,13,6.85,6,2,2,49,101,4
6581,18,Female,Business,7.06,20,6.86,4,8,3,100,205,2
6582,27,Female,Student,5.24,95,6.38,4,9,0,11,255,5
6583,58,Male,Doctor,8.75,103,7.75,8,1,2,84,148,5
6584,59,Male,Engineer,5.51,21,7.5,7,1,3,46,241,8
6585,30,Male,Doctor,4.48,17,6.06,9,9,3,28,282,2
6586,47,Male,Business,3.15,71,6.36,1,9,3,67,228,5
6587,56,Female,Business,6.35,99,6.64,1,3,3,105,193,2
6588,50,Female,Engineer,6.81,107,7.07,8,5,3,45,156,2
6589,26,Male,Teacher,1.71,108,4.88,2,3,1,44,127,4
6590,48,Male,Business,5.01,75,5.21,1,2,1,2,296,1
6591,28,Female,Engineer,4.48,116,7.79,4,5,5,68,34,5
6592,53,Male,Designer,4.99,116,5.48,6,1,1,78,51,8
6593,43,Female,Designer,5.47,108,7.62,9,1,2,114,131,2
6594,43,Female,Designer,8.43,93,7.55,8,8,0,46,216,4
6595,41,Male,Teacher,1.43,40,4.26,2,4,0,41,164,8
6596,33,Female,Business,6.92,81,4.4,4,1,1,102,119,7
6597,23,Female,Student,1.25,48,7.97,9,9,2,49,213,2
6598,24,Female,Doctor,2.04,114,7.63,4,4,5,30,278,8
6599,45,Male,Business,7.74,80,8.77,9,5,1,42,25,1
6600,33,Male,Student,7.91,40,4.26,4,4,5,68,33,4
6601,39,Female,Student,6.25,59,8.8,6,2,1,14,28,7
6602,49,Male,Engineer,7.51,116,4.54,5,8,1,117,272,8
6603,57,Female,Student,1.26,74,4.49,7,9,0,106,91,5
6604,18,Male,Student,8.79,103,6.82,8,8,0,119,138,4
6605,27,Female,Doctor,2.7,106,4.04,5,4,2,52,135,1
6606,43,Female,Business,5.78,25,6.1,2,7,3,64,270,6
6607,39,Male,Business,4.72,55,7.91,5,1,2,16,215,5
6608,26,Male,Teacher,8.9,5,5.77,2,3,1,70,220,1
6609,57,Male,Student,6.34,7,5.28,5,4,4,118,88,4
6610,38,Female,Student,4.83,104,5.31,6,6,3,32,294,5
6611,56,Male,Business,6.85,57,5.88,7,5,4,34,217,3
6612,29,Female,Doctor,1.33,60,4.8,5,3,3,103,156,4
6613,50,Male,Engineer,2.0,30,6.83,4,8,3,40,88,6
6614,19,Male,Designer,1.06,48,7.32,4,1,0,72,168,1
6615,40,Male,Student,7.24,105,6.49,2,5,1,68,56,5
6616,31,Female,Doctor,2.73,98,4.79,3,8,1,90,217,2
6617,36,Male,Engineer,9.24,94,8.7,7,2,5,84,161,8
6618,35,Female,Teacher,4.73,96,4.76,8,2,0,22,229,5
6619,56,Female,Designer,6.72,27,6.49,5,9,4,60,58,5
6620,33,Female,Engineer,4.29,72,5.78,1,6,4,111,159,4
6621,55,Female,Engineer,5.43,90,5.23,3,1,0,80,55,9
6622,49,Male,Engineer,7.5,50,5.09,6,8,3,10,274,2
6623,45,Female,Doctor,1.63,82,8.6,5,6,3,46,260,2
6624,32,Female,Doctor,8.48,65,5.14,6,9,1,33,25,3
6625,48,Female,Engineer,3.5,24,6.33,5,6,2,74,59,3
6626,36,Male,Student,2.65,61,7.84,2,7,1,54,157,4
6627,20,Male,Teacher,4.49,6,8.36,5,2,4,103,289,1
6628,19,Male,Student,6.71,89,5.5,4,9,1,46,100,3
6629,42,Female,Student,9.12,35,8.34,1,6,2,64,222,7
6630,41,Male,Doctor,3.88,112,4.91,8,3,2,15,87,8
6631,53,Female,Doctor,7.21,71,4.21,1,7,1,57,123,4
6632,47,Male,Student,3.82,89,6.33,6,1,1,118,257,8
6633,31,Female,Student,1.05,77,4.96,5,9,4,119,142,6
6634,23,Female,Business,8.62,80,8.6,5,2,3,8,126,7
6635,55,Female,Student,4.0,104,8.79,9,6,0,26,39,4
6636,26,Male,Teacher,4.45,62,7.29,3,2,1,96,148,4
6637,40,Male,Engineer,4.89,49,8.89,2,2,2,64,87,1
6638,56,Female,Engineer,1.72,56,4.11,2,7,5,93,199,3
6639,31,Male,Business,9.35,45,4.65,7,4,3,97,85,6
6640,34,Female,Student,5.27,106,8.06,4,1,5,31,41,2
6641,28,Male,Student,9.13,114,7.63,9,6,3,101,223,1
6642,29,Female,Student,3.84,100,9.0,8,1,1,105,112,9
6643,24,Male,Engineer,8.99,32,4.03,9,5,3,36,69,3
6644,21,Male,Student,6.48,20,8.07,5,4,0,14,298,1
6645,32,Male,Designer,7.66,89,5.06,1,7,5,69,233,1
6646,49,Male,Designer,1.96,51,4.88,1,5,1,64,220,9
6647,34,Male,Teacher,7.46,66,4.18,9,1,5,1,229,7
6648,43,Female,Doctor,7.66,58,5.04,5,8,4,31,287,7
6649,22,Female,Engineer,9.27,87,8.32,1,8,3,41,109,4
6650,35,Male,Teacher,5.84,65,7.14,6,9,4,56,100,5
6651,38,Male,Student,4.12,27,4.55,9,8,1,40,207,8
6652,34,Male,Engineer,4.66,61,8.33,9,5,5,51,272,7
6653,40,Male,Engineer,2.29,14,7.91,3,6,2,82,224,5
6654,23,Male,Designer,8.13,109,6.16,1,2,3,112,107,1
6655,51,Male,Business,7.24,5,4.11,3,7,2,8,26,1
6656,30,Male,Teacher,7.81,18,5.54,8,8,2,31,269,7
6657,54,Male,Engineer,6.15,109,6.07,1,9,1,45,54,8
6658,42,Female,Designer,9.03,114,4.76,8,8,3,83,195,9
6659,20,Female,Engineer,4.87,77,6.29,3,5,1,97,257,5
6660,56,Female,Designer,9.89,99,8.4,1,9,2,35,70,4
6661,43,Male,Student,8.95,87,7.54,7,4,0,86,292,1
6662,58,Male,Doctor,3.58,21,7.6,7,4,5,56,28,3
6663,22,Female,Business,1.27,39,8.81,5,4,0,35,210,4
6664,59,Male,Doctor,6.47,61,6.97,2,7,1,87,82,3
6665,49,Male,Engineer,6.57,90,8.26,8,1,4,33,77,5
6666,39,Female,Doctor,6.88,99,6.55,1,2,2,109,195,4
6667,47,Male,Student,1.6,79,7.11,6,5,1,39,246,8
6668,35,Male,Doctor,3.83,8,4.38,4,5,5,26,219,3
6669,23,Female,Engineer,3.93,83,6.29,8,1,1,97,24,2
6670,31,Male,Designer,6.94,21,4.05,6,2,1,50,272,1
6671,42,Female,Teacher,8.78,35,8.99,8,3,0,72,251,4
6672,19,Female,Teacher,5.98,82,4.93,2,9,5,3,24,7
6673,21,Female,Engineer,4.13,23,6.22,9,8,3,57,278,4
6674,31,Male,Doctor,5.44,13,4.01,5,2,4,82,284,4
6675,59,Male,Doctor,6.1,63,6.63,1,6,5,49,198,5
6676,55,Male,Engineer,5.79,34,6.94,4,9,4,115,242,4
6677,39,Female,Teacher,4.12,57,6.68,8,7,1,109,193,5
6678,29,Female,Engineer,8.22,37,5.06,1,7,0,73,244,1
6679,45,Female,Business,8.0,92,5.76,2,5,4,64,210,5
6680,57,Male,Teacher,1.35,6,6.05,9,3,1,89,238,9
6681,34,Male,Doctor,5.93,119,4.82,3,5,3,11,31,6
6682,37,Male,Engineer,2.96,81,6.82,5,2,3,25,96,7
6683,56,Female,Student,2.1,22,4.43,3,2,2,73,116,3
6684,48,Male,Student,8.91,116,6.3,3,7,1,72,143,4
6685,33,Male,Business,6.32,27,5.82,6,7,1,2,183,6
6686,19,Male,Designer,1.01,32,5.2,8,5,1,112,296,9
6687,57,Female,Student,6.19,60,7.48,4,6,0,23,177,5
6688,31,Female,Teacher,9.53,17,6.76,3,8,4,77,63,8
6689,38,Female,Student,8.48,35,8.46,3,8,5,46,52,2
6690,21,Male,Engineer,2.7,96,7.56,6,5,1,30,114,7
6691,35,Female,Teacher,7.78,102,4.72,5,6,1,104,171,7
6692,51,Female,Business,6.14,111,7.25,3,7,1,36,201,2
6693,21,Female,Teacher,6.61,95,7.74,4,6,1,96,189,2
6694,20,Female,Designer,4.84,109,5.35,2,6,0,19,136,4
6695,55,Female,Designer,4.47,89,6.61,7,2,4,73,192,9
6696,23,Male,Business,2.01,16,6.73,1,3,5,94,147,8
6697,25,Male,Student,5.07,110,7.58,9,5,4,22,258,3
6698,46,Male,Business,1.09,83,5.46,4,6,5,19,196,2
6699,55,Female,Designer,7.7,40,5.25,1,9,4,25,129,5
6700,39,Female,Doctor,3.47,53,4.76,3,7,2,4,21,9
6701,30,Male,Doctor,2.41,97,5.96,4,7,5,117,150,9
6702,50,Male,Teacher,4.55,71,7.75,5,7,5,89,256,9
6703,56,Female,Engineer,3.37,55,4.25,6,8,5,18,31,8
6704,55,Male,Doctor,8.46,72,6.55,8,8,3,16,179,5
6705,19,Male,Designer,7.07,85,7.73,9,5,0,8,127,1
6706,37,Male,Engineer,8.98,77,4.54,8,6,5,111,261,4
6707,44,Male,Engineer,3.5,8,5.1,7,3,3,6,160,1
6708,58,Male,Teacher,9.21,54,5.12,1,1,0,108,234,7
6709,24,Female,Doctor,1.56,25,6.06,8,6,2,7,172,8
6710,37,Male,Engineer,1.02,47,7.74,6,3,0,106,84,8
6711,50,Female,Teacher,1.9,80,7.54,8,5,1,36,128,4
6712,25,Male,Designer,2.09,17,6.78,3,1,2,101,169,9
6713,36,Female,Doctor,2.84,92,6.59,5,2,3,18,228,2
6714,49,Female,Designer,9.25,60,6.13,4,7,3,60,78,5
6715,46,Female,Designer,8.52,23,7.49,2,3,0,117,140,8
6716,44,Female,Doctor,5.09,79,7.85,3,4,0,69,287,5
6717,21,Female,Engineer,4.1,49,5.37,7,2,1,85,119,5
6718,31,Male,Doctor,2.92,45,8.24,4,9,0,56,106,4
6719,48,Male,Doctor,4.82,91,5.29,2,6,5,59,174,2
6720,31,Male,Student,4.07,23,6.27,1,4,2,97,257,4
6721,30,Female,Doctor,5.22,117,5.01,4,3,0,55,173,7
6722,38,Female,Designer,7.52,36,8.81,6,6,5,27,85,3
6723,21,Male,Engineer,2.17,92,5.02,6,9,4,0,109,6
6724,51,Male,Teacher,1.45,82,7.48,8,8,1,12,126,4
6725,59,Male,Engineer,7.31,90,4.61,3,3,5,34,42,8
6726,45,Female,Designer,7.04,23,6.1,2,8,0,51,222,9
6727,51,Male,Student,2.81,109,6.4,6,5,4,112,80,8
6728,53,Male,Designer,7.52,8,4.38,7,4,2,8,114,4
6729,50,Male,Business,5.78,114,8.43,5,8,3,98,161,5
6730,52,Female,Engineer,9.73,82,4.78,8,3,3,97,215,3
6731,40,Female,Doctor,6.06,71,5.2,4,3,2,70,281,5
6732,40,Female,Doctor,9.2,18,5.63,1,6,1,83,111,7
6733,37,Female,Doctor,2.57,64,6.31,6,1,5,44,136,6
6734,19,Male,Teacher,5.65,69,8.93,5,6,2,97,180,3
6735,59,Female,Teacher,9.91,67,8.93,4,3,0,88,180,5
6736,32,Male,Doctor,9.14,36,6.19,6,4,2,89,66,5
6737,37,Male,Business,6.54,23,8.52,2,7,1,94,244,9
6738,51,Male,Doctor,7.66,32,5.08,4,9,4,46,226,8
6739,41,Female,Student,7.07,5,7.1,7,4,1,30,272,1
6740,19,Male,Engineer,4.77,89,7.67,7,3,5,106,215,5
6741,32,Female,Student,6.52,67,6.5,3,6,3,64,172,4
6742,38,Female,Designer,7.06,52,8.46,6,7,1,69,146,5
6743,35,Female,Engineer,1.36,42,8.25,7,7,4,49,120,9
6744,48,Female,Engineer,2.36,63,8.35,5,1,5,20,83,7
6745,46,Male,Designer,7.68,27,8.45,3,2,2,49,98,8
6746,22,Female,Business,5.4,35,5.06,6,2,3,65,201,8
6747,41,Male,Engineer,9.31,102,5.16,5,2,1,81,29,9
6748,38,Female,Student,4.7,95,6.35,3,1,5,62,129,7
6749,19,Female,Business,2.13,20,8.64,4,2,5,12,222,1
6750,51,Male,Doctor,7.34,95,4.03,6,8,5,23,165,2
6751,49,Female,Business,2.99,20,5.88,9,4,0,52,79,7
6752,57,Female,Engineer,8.72,37,4.77,4,7,1,19,128,7
6753,18,Male,Teacher,7.1,17,5.23,9,9,0,94,125,8
6754,44,Female,Doctor,8.43,30,4.63,9,3,3,14,46,7
6755,31,Female,Business,3.97,104,5.29,4,3,4,46,74,1
6756,52,Female,Student,5.73,67,4.13,7,5,0,102,34,8
6757,26,Female,Business,4.23,12,8.46,8,8,2,23,172,1
6758,50,Female,Teacher,9.97,25,4.47,4,8,3,89,193,3
6759,21,Male,Designer,3.7,88,7.37,7,8,2,94,208,3
6760,20,Male,Student,9.63,49,7.42,1,6,4,76,141,2
6761,31,Female,Teacher,6.17,83,6.79,7,8,5,27,99,1
6762,20,Female,Doctor,8.52,27,7.29,7,3,1,115,277,4
6763,51,Male,Designer,9.85,18,8.81,1,4,1,55,274,9
6764,41,Female,Student,7.13,108,8.22,7,5,2,46,29,4
6765,30,Male,Engineer,2.28,84,4.05,9,2,2,34,294,2
6766,43,Female,Business,3.02,109,4.85,2,7,1,43,86,6
6767,41,Female,Doctor,7.71,109,6.19,8,4,3,29,63,8
6768,55,Female,Business,4.16,73,7.96,1,9,3,63,280,6
6769,45,Male,Student,8.73,28,7.14,3,9,3,93,110,5
6770,35,Male,Student,5.11,19,8.31,9,2,3,116,188,1
6771,49,Male,Teacher,3.89,81,7.04,2,7,4,53,262,7
6772,31,Male,Engineer,1.92,93,7.39,2,7,0,59,254,6
6773,56,Male,Student,2.93,52,5.61,8,9,3,61,112,9
6774,22,Female,Business,9.83,90,5.18,7,9,1,111,268,3
6775,42,Female,Teacher,3.25,34,7.9,8,1,0,90,184,8
6776,56,Female,Engineer,8.11,116,4.62,8,6,4,31,23,9
6777,35,Male,Designer,1.4,83,7.7,3,1,0,78,39,1
6778,35,Female,Teacher,1.92,5,4.59,3,1,5,0,144,4
6779,20,Male,Business,6.45,10,4.6,1,6,5,26,53,1
6780,53,Female,Designer,5.27,23,8.74,6,7,2,54,147,7
6781,37,Male,Teacher,7.35,50,5.51,5,6,2,35,201,9
6782,22,Female,Engineer,7.68,6,7.28,3,8,2,3,94,7
6783,58,Male,Student,1.57,117,8.61,1,9,0,99,269,3
6784,30,Male,Doctor,5.2,69,6.31,4,3,0,75,280,6
6785,56,Male,Business,6.86,33,7.23,6,4,1,0,245,2
6786,37,Female,Designer,7.41,106,8.67,6,5,3,82,103,9
6787,51,Male,Business,3.22,7,6.32,8,4,3,46,223,8
6788,58,Female,Business,8.5,6,4.45,6,1,2,44,233,3
6789,45,Female,Designer,3.8,70,5.23,8,3,5,111,247,1
6790,36,Male,Student,9.43,11,5.09,6,3,0,87,75,2
6791,24,Female,Teacher,4.47,104,8.3,3,6,3,46,58,2
6792,46,Male,Student,7.39,35,7.96,5,5,0,89,128,8
6793,37,Female,Teacher,4.05,33,7.68,2,2,4,0,62,8
6794,25,Male,Business,6.43,38,6.33,3,9,1,100,243,9
6795,47,Male,Designer,4.67,42,4.93,6,9,0,36,191,3
6796,35,Male,Designer,2.84,33,5.98,5,6,1,1,250,2
6797,56,Male,Designer,5.77,23,5.53,3,7,5,61,64,8
6798,37,Female,Teacher,9.37,66,4.34,3,6,4,59,251,6
6799,20,Male,Teacher,2.54,110,8.76,1,9,3,82,79,3
6800,44,Male,Student,1.97,54,8.78,4,7,4,70,154,4
6801,53,Male,Teacher,3.14,63,6.34,3,4,2,80,123,7
6802,41,Male,Business,4.63,25,7.35,8,1,4,95,51,4
6803,35,Female,Designer,6.72,60,6.23,7,1,2,15,223,8
6804,22,Female,Student,4.33,43,8.29,2,9,2,68,287,9
6805,34,Female,Designer,4.17,14,6.8,2,7,3,53,286,6
6806,28,Male,Designer,5.86,56,6.16,1,5,1,53,173,1
6807,39,Female,Engineer,2.93,17,6.95,4,5,3,40,99,3
6808,24,Male,Engineer,4.71,60,7.92,8,9,5,26,58,9
6809,21,Female,Doctor,8.34,82,6.04,4,4,1,39,83,4
6810,50,Male,Teacher,1.78,83,5.02,7,2,4,39,76,5
6811,40,Female,Engineer,7.75,55,8.14,8,2,3,81,251,9
6812,37,Male,Teacher,6.06,105,8.74,6,1,1,50,225,4
6813,53,Male,Student,3.87,25,5.11,8,8,5,32,68,5
6814,37,Male,Business,6.79,95,6.06,6,2,5,71,152,8
6815,47,Female,Teacher,6.13,8,5.69,6,8,4,90,273,1
6816,32,Male,Designer,1.03,29,5.51,9,4,3,22,290,7
6817,37,Female,Engineer,8.65,76,7.83,2,8,3,17,149,6
6818,57,Female,Business,3.5,14,4.81,5,4,1,84,101,6
6819,54,Female,Designer,5.77,102,8.01,2,8,0,76,206,3
6820,49,Female,Student,6.72,18,7.56,7,8,0,68,169,7
6821,58,Female,Designer,1.66,118,5.63,1,4,2,17,109,7
6822,25,Female,Designer,6.97,35,8.13,7,8,0,27,149,1
6823,18,Female,Doctor,9.26,63,8.46,5,1,1,21,287,8
6824,51,Male,Engineer,4.81,8,4.46,8,5,5,33,54,5
6825,57,Female,Designer,6.29,106,7.37,6,4,3,36,111,8
6826,45,Female,Engineer,9.05,78,8.45,4,8,5,111,204,8
6827,25,Female,Student,6.46,35,6.05,9,4,0,27,175,4
6828,25,Female,Engineer,6.82,103,5.89,7,6,1,0,153,2
6829,18,Female,Engineer,4.29,89,4.02,9,5,3,113,221,8
6830,35,Female,Doctor,9.7,106,7.53,3,8,1,70,205,4
6831,28,Female,Teacher,8.53,106,8.84,5,8,4,76,84,5
6832,59,Male,Designer,6.73,26,7.77,2,8,1,2,21,6
6833,20,Male,Engineer,8.06,73,7.8,4,4,5,28,121,3
6834,24,Female,Business,7.83,61,6.18,7,8,4,19,107,6
6835,19,Male,Designer,8.47,102,7.47,9,1,3,102,289,5
6836,51,Male,Business,3.4,105,5.23,3,2,1,55,110,8
6837,37,Female,Business,3.19,80,6.8,9,1,0,18,78,6
6838,43,Female,Business,7.59,43,4.57,9,4,4,37,273,1
6839,40,Female,Doctor,7.37,36,7.55,2,8,2,40,123,7
6840,19,Female,Business,8.29,96,4.05,5,2,5,7,39,7
6841,41,Female,Designer,9.66,102,6.9,5,2,3,48,226,5
6842,21,Female,Designer,5.26,60,4.73,6,3,1,3,264,4
6843,46,Female,Business,4.06,111,5.72,1,1,3,66,144,6
6844,58,Female,Designer,3.3,92,6.52,6,9,5,25,134,2
6845,57,Male,Designer,9.62,39,7.86,6,7,0,90,297,3
6846,24,Male,Business,7.49,107,4.65,1,8,1,15,287,1
6847,22,Female,Designer,7.72,65,5.29,2,5,0,0,118,2
6848,55,Female,Engineer,5.79,38,8.23,5,8,2,40,221,3
6849,31,Female,Business,4.85,74,7.74,9,6,3,84,290,6
6850,38,Female,Student,8.39,105,7.52,9,3,4,100,297,6
6851,46,Male,Teacher,6.76,15,7.46,5,2,0,117,190,2
6852,30,Female,Designer,4.36,103,6.78,1,4,1,11,87,7
6853,24,Male,Business,7.01,99,7.17,6,7,4,34,97,6
6854,45,Female,Teacher,8.26,36,4.02,2,4,4,60,260,1
6855,54,Female,Engineer,9.68,73,8.49,3,1,2,74,50,2
6856,45,Female,Engineer,2.46,61,4.48,5,5,5,99,158,6
6857,58,Female,Designer,2.42,33,8.63,7,5,3,53,127,3
6858,46,Male,Student,9.36,57,7.12,3,6,1,59,203,5
6859,22,Female,Business,9.19,27,7.97,9,7,5,55,38,7
6860,45,Male,Teacher,8.86,52,6.4,2,7,1,73,139,4
6861,24,Female,Student,8.73,56,4.31,6,2,5,65,234,8
6862,41,Male,Designer,3.17,95,7.02,6,8,4,84,135,3
6863,47,Male,Student,9.8,93,6.78,9,6,4,96,284,2
6864,59,Female,Student,3.76,36,8.41,5,9,3,20,55,2
6865,32,Female,Engineer,9.22,71,4.88,1,5,2,95,135,9
6866,56,Male,Teacher,3.61,117,8.87,5,9,1,24,152,5
6867,21,Male,Engineer,1.87,79,6.15,5,9,1,78,104,1
6868,41,Male,Business,7.85,69,4.17,6,7,3,35,239,7
6869,55,Female,Designer,5.97,96,6.88,6,5,3,5,172,6
6870,25,Male,Doctor,4.43,63,7.76,1,2,2,105,269,7
6871,19,Female,Designer,1.57,111,7.55,8,4,1,41,268,6
6872,39,Female,Business,8.85,107,4.52,6,3,2,67,211,4
6873,30,Female,Doctor,9.71,94,5.58,5,3,5,82,293,4
6874,48,Female,Business,9.04,108,7.1,8,1,5,93,75,9
6875,48,Female,Designer,9.98,47,7.09,6,5,3,92,276,3
6876,32,Female,Doctor,1.07,90,7.74,4,2,5,96,75,8
6877,41,Male,Doctor,8.22,119,6.35,7,8,0,104,273,7
6878,51,Male,Teacher,8.31,82,6.99,7,3,1,109,97,8
6879,24,Male,Doctor,3.08,43,7.99,5,5,4,80,160,1
6880,27,Female,Student,8.7,70,7.05,5,2,2,16,37,1
6881,35,Female,Business,9.78,10,5.71,2,6,4,92,172,6
6882,21,Female,Engineer,8.59,47,4.35,7,2,4,40,93,3
6883,47,Male,Engineer,4.09,56,5.3,7,9,1,81,93,3
6884,40,Male,Designer,5.54,34,4.49,3,6,2,97,128,2
6885,51,Male,Designer,9.79,60,5.79,8,3,1,5,280,4
6886,31,Female,Designer,3.64,57,8.14,9,2,5,68,147,8
6887,43,Male,Doctor,9.62,39,5.8,7,2,0,0,140,8
6888,22,Female,Student,6.41,75,5.28,9,4,5,88,59,8
6889,46,Female,Teacher,6.97,36,4.6,9,2,1,113,24,3
6890,59,Female,Doctor,5.26,27,4.14,9,8,5,104,244,5
6891,45,Female,Student,4.72,90,6.53,6,8,5,3,291,4
6892,51,Male,Designer,6.34,37,5.47,4,6,5,40,129,9
6893,31,Male,Doctor,8.14,44,4.96,8,5,4,93,190,8
6894,45,Male,Teacher,8.52,17,4.94,1,6,4,3,145,9
6895,27,Male,Teacher,3.16,57,8.89,9,2,3,5,63,4
6896,20,Male,Teacher,6.72,90,8.44,6,4,5,50,134,3
6897,43,Female,Student,4.39,109,8.69,7,5,5,46,242,7
6898,55,Female,Business,3.83,118,8.0,5,5,0,97,154,6
6899,33,Female,Engineer,7.42,7,7.56,6,1,0,35,229,5
6900,32,Female,Designer,5.72,39,6.26,6,6,3,30,56,1
6901,25,Male,Engineer,9.7,69,5.04,4,9,3,37,70,5
6902,36,Male,Student,8.38,50,8.3,3,7,4,113,214,6
6903,45,Female,Teacher,6.03,112,8.22,7,9,4,8,216,5
6904,29,Female,Student,3.71,18,4.82,1,8,2,15,164,3
6905,27,Male,Engineer,2.99,119,8.59,7,6,0,116,135,2
6906,59,Male,Student,9.41,46,7.69,8,3,1,20,47,8
6907,49,Female,Business,9.05,109,5.51,2,2,1,103,109,5
6908,30,Female,Teacher,1.03,24,4.5,5,6,2,38,241,4
6909,47,Female,Engineer,7.54,40,6.78,4,5,1,113,82,7
6910,51,Female,Doctor,3.42,50,7.51,7,3,0,28,259,8
6911,25,Male,Doctor,3.86,100,4.95,9,4,4,7,80,8
6912,54,Female,Student,7.92,79,8.65,5,1,3,101,38,5
6913,19,Female,Student,7.05,115,7.94,7,5,0,102,158,9
6914,54,Male,Student,3.41,7,7.76,5,4,0,109,142,3
6915,58,Female,Engineer,7.43,36,8.64,8,7,1,29,260,6
6916,41,Female,Engineer,5.24,31,5.61,4,7,1,9,265,8
6917,57,Female,Business,6.46,116,4.86,5,1,2,93,39,4
6918,42,Female,Designer,8.63,68,8.93,3,5,2,89,177,4
6919,19,Female,Teacher,3.05,11,6.81,3,3,5,105,107,8
6920,30,Male,Doctor,3.44,119,4.49,4,4,2,9,204,6
6921,33,Male,Engineer,3.22,21,5.51,4,6,4,114,53,3
6922,34,Male,Engineer,1.36,91,4.95,3,6,4,49,199,2
6923,52,Male,Teacher,8.12,14,7.83,6,7,4,79,20,1
6924,36,Male,Teacher,2.38,61,7.41,3,6,5,119,198,2
6925,55,Male,Engineer,6.42,101,8.36,6,4,2,35,199,2
6926,57,Female,Student,9.98,28,6.12,9,5,5,57,196,7
6927,24,Male,Teacher,6.62,43,4.46,2,1,1,37,93,9
6928,31,Male,Student,1.01,5,5.04,5,2,2,87,215,7
6929,28,Female,Student,2.37,106,4.74,7,2,1,70,32,4
6930,59,Female,Teacher,4.16,109,4.1,6,5,2,68,255,6
6931,28,Female,Engineer,9.0,98,4.93,1,1,0,84,190,8
6932,52,Female,Teacher,1.63,59,5.8,5,8,2,116,121,2
6933,40,Female,Teacher,8.93,28,7.2,4,4,0,55,162,8
6934,56,Male,Teacher,1.73,81,7.46,6,9,3,68,29,9
6935,38,Female,Business,3.54,94,7.78,4,4,3,56,122,1
6936,34,Female,Doctor,1.71,115,7.03,1,3,4,77,206,8
6937,51,Female,Business,6.3,63,5.85,8,3,2,74,252,7
6938,55,Female,Student,1.15,20,8.92,6,1,1,84,60,5
6939,58,Male,Teacher,7.67,57,4.2,1,2,0,90,156,3
6940,28,Male,Engineer,6.22,15,4.31,3,5,1,96,245,9
6941,43,Female,Business,7.82,104,6.94,6,2,1,64,35,2
6942,39,Female,Designer,7.4,111,4.43,4,6,2,57,279,4
6943,53,Male,Teacher,8.14,75,4.1,6,6,2,28,113,5
6944,51,Male,Business,2.33,15,7.01,6,8,4,68,38,1
6945,36,Male,Student,7.31,70,8.4,4,1,1,65,231,5
6946,44,Male,Designer,1.17,8,7.85,6,6,2,14,83,8
6947,25,Male,Teacher,7.53,38,8.57,4,9,4,72,37,4
6948,25,Male,Teacher,6.41,25,5.45,4,3,5,17,193,7
6949,30,Female,Designer,1.59,44,5.52,4,2,3,53,238,6
6950,51,Male,Engineer,5.75,33,8.1,4,7,3,17,210,7
6951,29,Female,Business,6.48,32,5.13,6,5,3,56,68,1
6952,52,Male,Designer,8.07,31,8.88,4,6,2,30,139,8
6953,26,Female,Teacher,6.76,119,8.3,2,4,0,22,88,5
6954,27,Female,Engineer,7.56,8,7.44,7,4,5,14,118,5
6955,56,Male,Business,1.81,75,5.59,8,5,1,50,278,4
6956,47,Female,Doctor,2.43,74,7.56,5,3,2,114,124,2
6957,34,Female,Engineer,5.97,64,4.29,7,3,2,78,120,8
6958,58,Female,Teacher,3.94,8,6.09,5,2,1,47,89,7
6959,34,Female,Engineer,7.82,96,7.84,2,6,0,45,32,4
6960,34,Male,Engineer,7.78,5,5.14,1,9,3,34,185,4
6961,58,Female,Designer,7.92,96,8.88,8,7,5,6,98,5
6962,30,Male,Student,1.18,104,6.46,5,1,4,81,117,8
6963,59,Female,Business,6.84,73,5.07,2,8,1,5,214,1
6964,35,Female,Student,6.94,63,8.65,4,3,4,41,156,9
6965,48,Female,Doctor,7.0,63,5.14,4,1,1,61,30,3
6966,35,Female,Designer,4.17,95,4.85,1,7,0,90,277,4
6967,30,Female,Business,1.16,83,7.52,2,6,4,51,235,7
6968,39,Female,Business,3.95,60,5.87,6,3,5,53,203,1
6969,25,Female,Doctor,4.74,11,7.99,2,9,5,50,91,5
6970,43,Female,Doctor,5.39,69,4.24,7,5,4,51,256,6
6971,47,Female,Business,5.82,8,7.09,4,5,5,110,42,5
6972,50,Male,Teacher,2.71,94,7.71,3,7,1,84,112,2
6973,32,Female,Teacher,9.42,17,5.17,9,2,2,34,174,5
6974,34,Male,Designer,7.75,9,8.41,8,5,3,81,270,1
6975,46,Male,Designer,6.49,59,4.97,1,2,3,82,52,1
6976,41,Male,Doctor,4.92,118,7.61,7,3,2,2,275,5
6977,58,Male,Doctor,9.63,17,6.27,1,8,5,33,231,9
6978,32,Male,Student,4.09,104,6.77,4,5,3,9,55,6
6979,59,Female,Engineer,6.38,58,5.78,8,7,0,31,125,6
6980,44,Female,Student,5.04,116,4.97,2,1,3,68,48,3
6981,19,Male,Business,8.41,21,7.37,2,5,5,44,155,5
6982,50,Male,Teacher,3.05,99,8.1,8,1,0,66,122,7
6983,28,Male,Designer,9.13,21,8.87,4,2,4,31,289,2
6984,21,Female,Designer,6.11,28,6.8,1,2,0,6,175,3
6985,52,Male,Designer,9.65,42,6.51,6,5,3,10,188,1
6986,26,Male,Business,2.61,106,8.5,4,5,2,42,52,7
6987,50,Female,Designer,5.43,64,7.32,3,2,4,101,22,4
6988,56,Female,Doctor,8.13,10,7.62,5,5,4,99,276,8
6989,58,Male,Business,8.82,115,5.81,8,2,0,99,152,7
6990,37,Male,Student,3.07,17,4.66,8,4,1,22,102,7
6991,27,Female,Business,2.78,47,6.46,7,9,5,111,191,9
6992,22,Female,Teacher,4.72,40,4.66,4,8,0,103,51,9
6993,49,Male,Engineer,3.42,45,8.04,1,8,3,51,165,6
6994,21,Male,Business,8.14,51,8.39,3,9,5,111,75,4
6995,21,Female,Student,7.63,23,6.61,8,8,2,40,94,9
6996,31,Male,Designer,2.12,58,4.61,1,9,0,33,254,1
6997,46,Male,Designer,6.35,97,8.76,8,3,3,61,215,3
6998,30,Female,Doctor,3.48,80,4.61,4,5,2,0,271,4
6999,34,Female,Business,2.06,41,4.03,2,9,5,67,176,1
7000,57,Female,Designer,7.91,14,6.75,9,5,1,67,259,1
7001,28,Female,Business,9.53,43,7.73,2,3,2,50,82,4
7002,59,Female,Engineer,9.46,59,7.22,6,9,1,85,81,5
7003,32,Male,Engineer,2.82,71,6.96,9,7,2,111,122,1
7004,45,Female,Student,3.65,64,5.35,1,6,1,75,106,8
7005,29,Male,Student,5.73,69,8.8,7,2,1,93,139,3
7006,18,Female,Teacher,8.13,35,6.11,3,6,4,87,247,6
7007,54,Male,Engineer,4.96,38,5.99,3,4,4,58,42,5
7008,28,Male,Business,6.32,96,5.85,2,5,3,87,49,6
7009,58,Male,Engineer,7.08,50,7.39,2,6,4,60,199,3
7010,49,Male,Business,2.72,113,5.98,9,9,0,27,148,1
7011,33,Female,Business,6.52,99,5.5,2,9,5,105,266,4
7012,38,Female,Teacher,3.4,56,6.19,1,1,2,97,115,1
7013,49,Female,Engineer,6.09,57,6.22,5,4,1,50,124,7
7014,40,Male,Designer,2.71,33,8.31,8,5,2,52,192,7
7015,45,Female,Teacher,8.66,105,5.81,6,9,4,37,22,4
7016,30,Male,Designer,2.64,18,4.06,9,7,2,73,72,1
7017,19,Male,Business,4.77,94,7.46,6,5,3,27,99,2
7018,49,Female,Engineer,3.4,100,8.64,4,5,2,23,278,8
7019,50,Female,Student,5.97,89,4.67,8,8,5,48,110,2
7020,41,Male,Student,1.3,57,8.06,4,4,4,66,145,6
7021,50,Female,Engineer,8.11,75,5.55,9,6,3,31,29,9
7022,32,Male,Student,3.43,60,7.14,4,4,1,95,34,6
7023,40,Male,Business,6.71,43,6.08,9,9,3,90,67,9
7024,37,Male,Teacher,2.28,64,8.55,9,4,4,58,125,9
7025,28,Male,Doctor,7.1,86,6.0,9,2,0,51,134,2
7026,18,Male,Student,7.08,18,5.95,9,4,0,56,105,8
7027,49,Male,Student,8.0,119,6.13,4,6,4,38,40,4
7028,41,Male,Business,6.74,94,4.23,8,2,2,36,106,9
7029,33,Male,Teacher,1.9,14,7.57,6,2,1,69,140,8
7030,18,Female,Engineer,2.98,34,7.63,2,3,4,6,180,7
7031,45,Male,Doctor,2.82,118,4.13,1,6,3,60,159,8
7032,55,Female,Engineer,2.87,107,5.15,2,9,5,56,29,5
7033,55,Male,Doctor,2.29,41,5.4,7,9,2,67,189,5
7034,47,Male,Student,7.29,110,4.21,3,9,2,25,148,2
7035,53,Female,Teacher,3.2,11,5.54,3,5,1,13,60,2
7036,26,Male,Doctor,1.8,87,7.54,3,2,2,26,105,3
7037,57,Male,Business,2.29,23,8.79,9,8,0,65,296,2
7038,38,Male,Student,5.44,114,5.04,8,8,0,71,36,3
7039,53,Female,Doctor,7.89,8,5.72,6,5,3,16,243,1
7040,58,Female,Engineer,2.72,12,6.71,4,8,3,7,77,3
7041,25,Male,Engineer,6.44,32,6.47,6,7,0,50,183,3
7042,23,Male,Engineer,9.13,28,8.67,8,7,5,75,167,4
7043,18,Female,Business,3.16,74,7.2,8,6,5,82,250,8
7044,40,Female,Designer,9.32,25,4.21,2,9,5,98,203,2
7045,47,Female,Business,8.12,84,7.51,5,7,5,118,235,7
7046,39,Female,Doctor,9.41,88,8.16,8,9,4,17,222,8
7047,59,Female,Business,1.72,26,8.29,7,1,5,22,54,3
7048,34,Male,Teacher,8.77,42,4.21,7,8,0,83,20,9
7049,57,Female,Business,6.37,40,8.14,1,6,4,69,298,5
7050,27,Female,Designer,7.97,78,7.74,1,2,2,94,133,9
7051,18,Female,Doctor,5.53,7,8.7,4,6,3,86,88,3
7052,40,Male,Business,6.04,69,8.17,1,8,2,63,269,2
7053,58,Male,Business,8.64,115,5.39,3,2,0,115,181,8
7054,33,Male,Engineer,5.49,104,7.78,6,6,2,78,23,6
7055,55,Female,Engineer,7.13,117,8.23,1,4,2,35,120,3
7056,27,Female,Business,6.1,113,8.31,5,1,3,65,263,3
7057,37,Female,Doctor,3.75,117,8.9,5,1,1,109,148,9
7058,52,Female,Teacher,7.77,38,6.29,8,2,4,50,270,8
7059,33,Male,Engineer,7.75,68,4.92,9,3,2,61,168,2
7060,56,Female,Business,6.42,34,8.96,4,6,3,83,38,9
7061,37,Female,Business,1.78,70,4.64,6,5,1,63,75,2
7062,52,Female,Student,5.24,21,6.07,7,9,2,33,185,7
7063,38,Female,Engineer,8.13,60,8.07,2,7,0,19,24,2
7064,50,Female,Business,7.42,94,8.92,8,3,5,46,75,6
7065,51,Male,Teacher,3.45,8,7.87,8,3,1,32,84,6
7066,55,Female,Doctor,7.79,44,6.57,2,8,5,76,178,7
7067,28,Male,Designer,5.42,8,4.8,8,2,3,69,136,5
7068,51,Male,Business,1.83,77,4.43,7,9,2,89,163,6
7069,53,Male,Teacher,9.32,81,4.15,7,5,3,23,230,7
7070,41,Male,Engineer,9.19,47,4.93,9,7,1,71,258,7
7071,54,Female,Teacher,2.23,6,5.48,8,6,5,26,183,5
7072,50,Male,Business,8.38,109,5.6,2,1,4,68,120,3
7073,20,Female,Student,6.0,39,7.18,2,9,4,35,128,6
7074,29,Female,Engineer,5.58,49,6.25,7,1,2,90,215,9
7075,28,Male,Student,9.26,69,5.88,6,7,4,43,182,4
7076,18,Female,Business,4.92,32,5.89,9,6,5,23,86,2
7077,24,Female,Student,5.33,12,4.95,5,2,1,8,187,5
7078,19,Male,Teacher,8.09,103,5.21,2,8,0,91,111,7
7079,28,Female,Engineer,9.9,111,6.61,1,7,0,85,139,3
7080,59,Male,Business,1.78,26,6.55,9,8,1,90,102,7
7081,19,Male,Doctor,5.91,99,4.92,9,8,1,48,179,4
7082,24,Female,Student,6.91,45,6.14,5,7,3,29,174,6
7083,43,Female,Designer,7.89,42,4.87,8,4,0,73,184,2
7084,40,Female,Teacher,3.92,16,4.75,3,4,3,66,207,2
7085,43,Male,Designer,3.66,61,6.96,5,5,2,46,144,5
7086,27,Male,Business,6.91,89,8.66,2,4,2,106,154,3
7087,35,Male,Business,2.52,14,7.69,4,8,4,105,173,4
7088,58,Male,Teacher,3.54,47,7.08,2,1,1,80,268,8
7089,33,Male,Business,3.56,86,7.15,3,8,4,62,24,5
7090,27,Female,Teacher,5.83,48,8.66,2,6,2,36,33,4
7091,57,Male,Teacher,8.9,92,4.11,1,6,4,26,202,6
7092,38,Female,Engineer,9.8,23,4.75,2,3,0,64,112,6
7093,32,Male,Designer,5.28,55,6.26,8,8,0,103,252,6
7094,51,Male,Student,7.82,31,4.23,7,3,2,43,242,5
7095,27,Male,Engineer,3.3,103,5.26,5,2,5,92,280,2
7096,32,Female,Designer,7.71,19,8.49,9,6,0,27,252,2
7097,41,Female,Doctor,6.43,33,4.27,1,3,2,63,98,8
7098,32,Female,Doctor,2.57,66,5.82,9,7,2,15,188,7
7099,35,Male,Student,6.82,77,5.5,3,7,3,102,151,2
7100,42,Female,Student,1.96,15,5.74,8,4,4,53,23,8
7101,31,Male,Engineer,1.32,14,6.89,6,3,5,100,179,9
7102,40,Female,Doctor,2.04,18,6.11,2,7,2,51,58,2
7103,28,Male,Designer,4.94,6,7.87,1,9,5,75,203,1
7104,34,Female,Teacher,7.31,67,5.7,8,6,4,86,168,7
7105,54,Male,Business,8.42,24,5.19,5,7,1,112,75,3
7106,53,Male,Engineer,6.63,80,7.66,6,3,4,13,159,3
7107,22,Female,Business,1.53,49,5.19,9,4,2,71,89,8
7108,20,Male,Student,2.16,34,5.31,3,6,3,116,266,8
7109,34,Female,Business,9.34,59,6.53,2,4,5,116,249,9
7110,50,Male,Designer,5.36,64,6.06,2,5,3,83,106,9
7111,18,Female,Designer,8.37,25,6.26,3,8,0,27,50,9
7112,27,Female,Teacher,2.89,109,8.63,1,3,4,4,261,5
7113,26,Male,Engineer,8.18,35,8.95,9,2,5,29,208,3
7114,23,Female,Doctor,2.72,84,5.87,9,5,0,34,258,4
7115,19,Female,Teacher,6.0,95,7.45,2,1,5,28,224,4
7116,50,Female,Teacher,8.28,8,4.57,6,2,2,113,95,1
7117,43,Male,Designer,7.75,67,5.32,3,2,1,66,201,4
7118,52,Male,Engineer,3.39,51,6.48,8,4,5,12,245,9
7119,38,Female,Designer,2.04,92,4.62,5,9,5,91,261,1
7120,21,Male,Doctor,6.45,6,6.92,7,6,2,117,73,6
7121,20,Male,Designer,8.73,35,7.72,4,3,0,6,83,1
7122,47,Female,Designer,5.06,78,4.66,5,2,2,56,22,7
7123,41,Female,Business,3.89,98,7.6,9,7,5,53,197,8
7124,29,Female,Designer,6.73,105,6.25,2,9,0,103,49,9
7125,34,Male,Student,6.34,116,7.0,9,7,1,112,183,4
7126,35,Male,Business,9.36,70,6.35,3,3,1,24,43,7
7127,31,Male,Student,9.86,111,8.37,7,2,3,41,193,4
7128,38,Female,Designer,7.97,119,4.54,8,9,2,80,48,1
7129,34,Female,Student,4.85,5,7.65,2,3,0,87,192,2
7130,47,Male,Doctor,2.66,119,6.81,1,4,4,32,183,8
7131,44,Female,Teacher,9.57,12,6.68,6,3,3,80,239,9
7132,58,Male,Designer,2.56,65,7.63,5,3,2,51,34,5
7133,25,Female,Engineer,2.64,112,4.92,7,6,4,28,245,2
7134,40,Female,Student,3.5,77,4.97,1,7,4,73,214,2
7135,43,Female,Teacher,4.46,44,6.05,4,5,0,12,104,3
7136,56,Female,Doctor,2.49,79,4.84,5,4,2,102,155,8
7137,41,Female,Designer,5.57,52,7.67,7,7,3,28,87,5
7138,48,Female,Designer,9.21,24,7.06,3,4,5,110,40,4
7139,58,Male,Student,9.87,74,7.32,5,7,4,56,58,6
7140,18,Female,Designer,3.8,110,7.18,8,3,3,90,185,1
7141,50,Female,Designer,6.98,62,7.67,3,3,3,57,282,9
7142,30,Female,Doctor,9.56,63,6.26,7,8,3,14,150,3
7143,56,Male,Engineer,9.33,103,7.21,9,4,0,24,149,5
7144,48,Female,Student,5.16,9,8.73,7,8,4,84,279,8
7145,55,Male,Designer,1.68,91,4.96,8,9,1,1,107,9
7146,24,Male,Engineer,6.53,7,5.81,9,1,2,5,107,7
7147,55,Male,Business,7.67,54,5.34,3,4,4,101,226,5
7148,25,Male,Designer,1.91,114,7.12,1,9,3,51,116,5
7149,47,Female,Teacher,1.42,86,5.01,4,8,1,112,285,8
7150,32,Female,Business,8.87,74,8.82,2,1,1,83,189,7
7151,53,Female,Engineer,5.51,16,4.48,6,1,0,100,173,2
7152,26,Female,Teacher,5.49,43,4.66,9,9,3,60,201,9
7153,36,Female,Student,6.33,91,6.96,4,4,2,69,194,7
7154,47,Male,Doctor,1.99,79,7.76,1,2,4,86,298,9
7155,41,Male,Business,7.81,28,8.2,3,4,2,22,72,7
7156,47,Male,Student,7.54,109,5.14,1,2,4,16,267,6
7157,24,Male,Doctor,6.89,8,6.57,6,2,5,97,192,3
7158,59,Female,Doctor,5.13,28,4.18,9,3,1,116,150,8
7159,59,Female,Student,5.42,82,8.87,4,9,5,92,142,2
7160,38,Male,Designer,7.24,107,6.29,8,9,2,34,289,1
7161,57,Male,Business,3.75,79,8.98,9,7,4,111,261,3
7162,56,Male,Designer,8.19,84,4.52,3,8,0,100,46,8
7163,40,Female,Business,4.83,35,5.65,8,6,2,57,233,4
7164,59,Female,Teacher,9.95,117,4.76,2,7,0,10,145,5
7165,56,Male,Designer,4.68,66,6.09,2,7,1,74,179,8
7166,58,Female,Doctor,5.09,41,4.33,9,8,5,38,248,4
7167,39,Female,Designer,6.89,93,6.51,1,7,3,64,86,5
7168,33,Female,Student,3.54,15,7.01,4,4,5,109,173,3
7169,23,Male,Student,3.93,79,6.24,1,2,4,85,291,8
7170,40,Female,Student,5.65,76,8.23,9,7,2,70,89,8
7171,50,Female,Business,8.91,49,4.36,3,5,5,14,123,5
7172,46,Male,Engineer,7.53,17,6.32,1,9,2,88,102,4
7173,59,Female,Doctor,1.17,75,5.34,9,9,1,97,266,1
7174,18,Male,Designer,7.36,53,8.4,7,7,3,117,139,2
7175,27,Male,Teacher,8.3,104,6.98,5,8,4,35,142,8
7176,56,Female,Teacher,6.2,61,6.71,9,1,3,13,177,7
7177,49,Female,Doctor,5.91,89,7.48,3,7,3,108,281,1
7178,18,Female,Doctor,5.42,57,4.04,7,5,0,39,120,2
7179,45,Male,Business,8.98,54,4.06,5,4,4,59,233,9
7180,37,Male,Business,6.63,75,5.86,3,8,4,90,225,8
7181,58,Male,Engineer,6.08,66,4.29,9,7,4,99,192,2
7182,24,Male,Engineer,1.55,93,8.85,6,7,0,42,31,2
7183,48,Female,Business,6.9,9,6.92,4,7,3,82,199,2
7184,55,Male,Student,6.52,48,7.19,5,8,5,51,203,5
7185,55,Female,Doctor,1.86,62,4.89,8,1,3,115,286,7
7186,40,Male,Doctor,9.46,11,7.39,9,2,3,108,244,8
7187,56,Female,Engineer,3.61,109,8.93,9,9,2,17,195,2
7188,32,Female,Engineer,7.91,10,4.99,9,2,1,111,52,1
7189,46,Male,Teacher,5.73,88,4.09,2,4,0,83,215,2
7190,39,Male,Business,4.11,55,8.12,5,9,5,50,224,3
7191,59,Female,Designer,2.63,59,6.87,1,8,0,12,197,6
7192,45,Female,Doctor,1.2,62,4.07,5,4,0,47,244,4
7193,44,Female,Doctor,1.96,37,7.21,6,2,2,54,110,2
7194,33,Female,Engineer,9.81,104,4.2,2,3,1,21,136,6
7195,39,Male,Engineer,9.23,99,6.31,9,1,0,21,293,9
7196,24,Female,Teacher,5.56,110,7.55,2,5,1,87,82,1
7197,55,Female,Doctor,3.07,22,8.71,4,8,1,54,198,1
7198,47,Female,Student,3.27,55,4.69,8,5,0,83,50,3
7199,56,Female,Business,7.97,117,8.55,1,5,1,69,171,1
7200,34,Female,Engineer,9.49,19,6.03,5,7,4,114,36,9
7201,54,Male,Business,3.95,110,4.26,4,8,4,99,56,4
7202,57,Male,Engineer,5.97,24,6.12,4,3,0,80,34,9
7203,48,Male,Engineer,6.92,96,6.78,6,3,4,17,258,1
7204,37,Male,Student,3.01,81,4.24,8,2,3,2,266,8
7205,45,Female,Engineer,2.65,40,4.84,2,9,5,73,36,1
7206,59,Female,Student,5.49,36,7.43,3,4,1,15,66,3
7207,49,Female,Student,9.1,96,6.59,1,7,5,97,48,2
7208,53,Male,Teacher,3.37,5,5.78,3,1,2,72,190,6
7209,27,Female,Business,1.87,108,7.01,6,3,3,5,263,9
7210,22,Female,Teacher,6.36,50,6.29,7,1,3,86,274,7
7211,50,Female,Engineer,8.76,53,4.92,5,9,4,119,35,8
7212,20,Female,Teacher,6.49,81,5.58,8,5,3,12,291,5
7213,33,Female,Student,5.15,28,4.06,4,4,2,104,99,1
7214,19,Male,Doctor,9.85,60,8.12,5,1,0,70,284,2
7215,23,Female,Teacher,7.33,72,5.85,7,3,1,10,26,7
7216,49,Male,Student,3.68,39,4.7,3,9,2,12,197,9
7217,51,Male,Teacher,9.35,117,4.25,5,4,1,82,204,6
7218,42,Female,Doctor,6.7,83,8.42,3,4,2,39,246,9
7219,42,Female,Designer,5.62,14,4.42,6,2,2,36,197,6
7220,51,Female,Doctor,4.45,113,8.87,7,3,1,33,122,6
7221,31,Female,Doctor,2.59,40,4.88,3,7,5,108,198,7
7222,25,Male,Business,6.21,87,4.62,5,3,3,69,53,5
7223,30,Male,Teacher,4.64,94,8.17,7,7,1,119,20,1
7224,31,Female,Business,5.82,15,6.6,4,6,0,67,294,1
7225,30,Male,Student,2.47,40,7.85,9,3,4,118,97,5
7226,58,Male,Student,7.5,9,4.32,7,2,5,75,144,6
7227,43,Male,Doctor,8.62,97,6.66,3,6,4,58,137,5
7228,48,Male,Designer,9.48,67,8.32,5,9,5,59,112,6
7229,44,Male,Designer,2.0,119,4.62,9,3,5,103,171,1
7230,35,Male,Engineer,5.93,33,5.41,9,1,3,33,213,8
7231,59,Female,Teacher,5.4,96,6.21,3,7,2,8,226,6
7232,58,Female,Doctor,1.09,101,8.94,2,5,2,117,211,7
7233,58,Female,Student,4.82,102,6.44,5,9,0,83,194,2
7234,38,Male,Teacher,2.22,60,7.7,2,8,2,87,223,7
7235,33,Male,Doctor,8.38,99,5.42,2,1,5,4,260,8
7236,22,Male,Student,9.94,73,6.69,6,6,2,101,261,2
7237,22,Female,Student,8.9,117,8.38,9,9,2,105,219,1
7238,23,Female,Doctor,3.33,108,8.21,3,3,4,69,88,6
7239,50,Male,Business,2.5,41,6.27,8,9,5,55,262,7
7240,34,Male,Student,8.24,54,4.63,7,4,2,25,196,3
7241,25,Female,Doctor,5.75,95,6.64,1,2,4,87,82,7
7242,49,Female,Teacher,9.38,94,4.77,4,5,1,50,59,5
7243,38,Female,Business,2.46,14,8.92,6,3,3,50,254,6
7244,25,Male,Engineer,9.09,32,4.18,4,5,4,4,55,7
7245,24,Female,Teacher,8.29,113,8.7,7,3,3,85,254,1
7246,37,Male,Teacher,6.24,48,8.46,4,6,2,7,23,3
7247,59,Male,Business,5.61,110,6.4,6,3,5,53,30,7
7248,23,Female,Engineer,3.18,33,7.8,5,7,2,14,290,8
7249,46,Male,Designer,5.83,12,6.48,7,3,0,102,171,5
7250,44,Male,Doctor,5.01,86,4.97,6,9,2,106,262,7
7251,53,Female,Doctor,4.69,114,6.71,8,1,1,116,202,7
7252,26,Female,Teacher,9.19,34,7.12,3,1,2,37,120,8
7253,41,Male,Business,4.1,20,7.06,7,2,4,86,166,3
7254,25,Female,Doctor,9.71,45,5.7,8,3,5,25,45,4
7255,41,Male,Student,3.48,74,4.99,3,5,0,79,90,9
7256,31,Male,Business,5.0,117,7.04,2,8,3,72,121,8
7257,55,Female,Business,9.53,14,8.87,4,6,3,91,122,3
7258,30,Female,Doctor,5.19,102,4.91,2,6,4,77,47,3
7259,31,Female,Engineer,2.41,60,5.3,5,2,1,85,282,9
7260,50,Female,Business,9.54,60,7.48,1,7,4,67,285,3
7261,24,Female,Engineer,4.44,65,8.54,7,5,4,22,174,4
7262,23,Male,Doctor,6.17,103,8.62,1,5,5,69,268,1
7263,58,Female,Business,2.59,105,8.1,9,6,0,27,155,7
7264,41,Male,Student,7.93,40,7.51,5,9,4,48,234,5
7265,38,Male,Teacher,9.72,18,4.99,9,5,2,46,33,5
7266,48,Male,Student,8.03,50,4.23,3,2,3,68,113,3
7267,44,Female,Business,4.45,17,7.22,6,2,4,66,156,1
7268,34,Male,Engineer,1.07,114,4.81,4,5,2,8,109,9
7269,26,Male,Student,6.28,92,8.87,5,7,1,36,78,2
7270,33,Female,Student,2.91,48,4.05,7,1,5,30,250,5
7271,58,Male,Engineer,2.19,96,6.93,4,4,1,33,26,8
7272,31,Male,Student,3.1,27,5.25,3,2,2,60,121,1
7273,29,Female,Doctor,5.99,35,7.76,5,4,4,76,68,5
7274,31,Male,Engineer,3.54,101,6.14,8,2,5,45,182,1
7275,53,Female,Business,8.58,76,8.98,9,6,0,64,159,8
7276,52,Female,Doctor,2.07,85,6.44,3,7,4,100,41,2
7277,41,Male,Teacher,6.02,105,7.18,1,1,3,35,113,7
7278,20,Female,Designer,4.24,108,4.08,5,2,1,77,69,7
7279,49,Female,Designer,3.71,26,4.85,4,3,0,28,293,4
7280,43,Male,Engineer,8.0,70,6.16,9,1,0,18,75,3
7281,54,Male,Doctor,2.4,109,4.66,4,9,5,102,114,4
7282,45,Male,Teacher,7.88,57,4.81,1,9,4,108,229,9
7283,57,Male,Teacher,2.84,99,6.53,9,4,5,56,221,7
7284,24,Female,Teacher,3.03,48,5.39,5,7,2,59,292,1
7285,20,Female,Engineer,6.25,41,8.61,2,6,3,7,173,4
7286,53,Male,Student,6.29,32,4.23,3,8,0,73,69,8
7287,48,Female,Designer,5.83,65,7.61,1,6,3,91,52,4
7288,32,Female,Business,4.39,8,8.32,7,5,0,33,59,3
7289,44,Male,Engineer,9.07,101,6.3,7,4,5,74,230,3
7290,48,Female,Engineer,1.15,78,7.11,3,7,0,72,77,9
7291,37,Male,Business,9.12,54,6.98,1,3,2,56,251,8
7292,56,Female,Teacher,3.29,112,5.73,7,6,5,108,251,8
7293,30,Female,Engineer,6.09,48,6.59,1,7,4,111,46,1
7294,58,Male,Doctor,6.32,96,8.93,7,8,1,50,268,9
7295,19,Female,Teacher,1.66,77,7.84,4,5,4,72,115,6
7296,25,Female,Teacher,6.48,42,7.7,1,9,0,39,146,9
7297,30,Male,Business,1.09,97,8.4,2,4,0,21,210,5
7298,25,Male,Teacher,9.91,9,5.51,4,5,4,40,211,9
7299,35,Female,Doctor,4.4,8,5.31,2,5,3,7,225,7
7300,42,Female,Doctor,8.41,113,4.81,3,7,5,36,126,4
7301,35,Male,Business,5.36,117,6.77,6,8,0,5,78,2
7302,55,Female,Doctor,6.26,23,4.52,2,7,4,9,243,6
7303,40,Male,Business,8.48,108,8.59,9,8,1,99,223,4
7304,51,Male,Teacher,8.46,15,7.7,7,3,2,71,257,3
7305,54,Male,Business,1.23,51,8.94,9,7,1,113,167,2
7306,29,Female,Business,9.51,59,4.45,1,8,0,11,226,6
7307,56,Female,Teacher,7.75,102,7.75,6,4,0,110,270,1
7308,59,Male,Teacher,4.97,13,4.62,2,6,5,114,213,2
7309,23,Female,Business,7.97,42,4.83,3,7,1,88,198,7
7310,25,Female,Student,2.66,108,6.38,2,2,2,97,35,2
7311,53,Male,Engineer,5.33,17,4.11,8,5,2,42,247,3
7312,35,Male,Business,6.52,77,6.64,5,5,1,77,289,8
7313,24,Female,Engineer,4.81,48,5.35,4,7,1,17,264,9
7314,21,Female,Student,6.34,73,4.02,4,2,2,18,212,7
7315,24,Female,Designer,1.36,93,5.17,2,2,5,111,261,8
7316,32,Female,Student,7.36,48,5.35,7,7,0,29,174,4
7317,51,Female,Student,1.77,93,7.57,8,4,1,31,67,3
7318,44,Female,Doctor,7.27,87,4.77,7,7,2,119,63,8
7319,38,Female,Doctor,7.46,13,8.07,6,1,1,117,267,3
7320,34,Female,Doctor,3.43,100,8.69,5,1,5,18,98,3
7321,43,Female,Engineer,3.61,65,6.52,2,5,5,6,258,4
7322,31,Male,Doctor,9.16,116,6.1,7,7,0,69,66,3
7323,46,Male,Designer,5.69,91,7.45,5,2,0,119,101,9
7324,40,Male,Designer,2.93,16,8.41,9,8,3,51,30,3
7325,24,Male,Doctor,4.82,72,8.65,9,6,1,71,277,5
7326,49,Female,Teacher,9.26,81,5.09,2,4,3,74,59,6
7327,34,Female,Engineer,8.84,50,4.05,2,6,1,0,219,7
7328,26,Female,Doctor,7.54,113,7.3,8,5,3,117,298,1
7329,46,Female,Teacher,2.02,29,7.83,8,5,4,39,89,3
7330,38,Male,Student,6.9,106,5.42,6,5,0,85,200,7
7331,46,Female,Business,3.38,82,6.59,4,9,0,8,25,9
7332,25,Female,Business,3.33,66,7.99,3,9,4,44,90,3
7333,18,Female,Business,3.58,54,8.22,4,7,0,38,279,1
7334,54,Female,Student,7.3,22,5.14,4,8,1,98,156,9
7335,53,Male,Business,4.34,98,5.96,8,7,0,15,158,6
7336,38,Female,Designer,3.85,100,7.12,6,5,5,73,230,9
7337,20,Male,Doctor,1.56,118,4.53,9,4,2,60,252,3
7338,20,Female,Engineer,8.32,60,5.35,8,6,0,71,163,1
7339,44,Male,Teacher,7.01,58,6.86,3,3,3,75,218,2
7340,47,Female,Student,3.37,118,6.46,5,6,1,17,289,9
7341,58,Male,Business,1.48,14,7.58,9,3,5,45,233,8
7342,47,Female,Engineer,4.24,32,8.92,7,7,2,36,142,6
7343,31,Female,Designer,1.16,27,6.97,8,7,5,68,261,7
7344,47,Male,Student,7.7,77,5.4,5,5,0,73,253,3
7345,52,Male,Engineer,4.53,89,8.19,7,4,2,62,86,3
7346,25,Female,Student,4.38,49,7.14,3,2,0,100,272,2
7347,51,Female,Teacher,9.6,78,6.74,4,1,0,10,125,7
7348,54,Male,Designer,7.59,36,6.0,5,2,3,45,86,9
7349,36,Male,Teacher,8.84,112,6.74,7,7,5,100,251,3
7350,26,Male,Designer,4.17,98,6.01,7,5,4,48,294,7
7351,42,Female,Student,6.0,27,4.19,8,8,0,51,191,4
7352,34,Male,Student,1.96,84,8.24,1,7,4,100,101,8
7353,52,Male,Teacher,3.15,80,8.1,7,9,5,5,120,4
7354,33,Male,Business,7.36,67,7.0,8,6,4,22,121,3
7355,42,Female,Student,7.28,17,6.64,4,5,2,83,173,5
7356,23,Male,Doctor,3.92,94,5.96,3,5,0,64,299,7
7357,26,Male,Engineer,9.7,11,5.86,1,9,0,42,48,8
7358,27,Female,Teacher,8.3,108,5.43,4,9,4,25,178,4
7359,50,Male,Student,4.47,109,5.15,5,9,2,2,110,5
7360,53,Female,Designer,6.82,34,5.88,8,8,3,19,90,4
7361,32,Male,Student,9.49,102,8.22,2,5,4,99,259,4
7362,53,Female,Student,7.47,102,5.12,8,2,4,108,191,5
7363,28,Female,Designer,6.54,74,7.83,6,1,2,51,299,2
7364,26,Male,Engineer,2.81,79,4.95,1,7,2,8,272,9
7365,37,Male,Business,3.18,6,7.26,1,1,3,66,273,6
7366,19,Female,Designer,6.91,7,4.47,7,1,4,87,27,1
7367,36,Female,Designer,1.11,40,6.31,7,7,2,49,213,2
7368,42,Female,Teacher,2.81,72,6.63,8,5,0,46,91,8
7369,30,Male,Business,4.81,39,4.77,9,2,0,52,70,8
7370,23,Male,Engineer,9.51,83,5.76,9,1,3,80,174,1
7371,46,Male,Designer,8.91,62,7.8,8,1,0,113,193,9
7372,23,Male,Business,8.07,70,7.64,7,9,0,38,136,2
7373,24,Female,Student,1.58,32,6.88,3,7,3,52,282,6
7374,20,Male,Designer,8.96,21,4.28,5,1,4,110,132,5
7375,19,Male,Teacher,9.4,106,5.25,9,8,5,94,241,3
7376,30,Male,Designer,2.45,16,8.23,8,9,4,92,190,9
7377,59,Female,Doctor,1.48,35,8.52,4,2,2,18,44,4
7378,46,Male,Business,9.1,88,8.68,8,5,4,91,270,1
7379,52,Male,Teacher,2.73,84,5.09,1,6,3,14,268,1
7380,53,Female,Doctor,8.08,14,8.47,8,2,2,37,165,8
7381,19,Male,Doctor,2.59,47,7.05,1,7,3,65,260,3
7382,25,Female,Business,9.34,73,5.32,6,2,3,18,45,5
7383,55,Male,Engineer,3.53,6,7.63,9,8,4,28,192,2
7384,53,Female,Business,7.09,33,4.82,2,2,1,116,256,8
7385,24,Female,Student,5.42,87,5.45,2,5,3,107,51,2
7386,23,Female,Designer,5.54,11,7.07,2,6,3,105,186,7
7387,40,Male,Doctor,7.3,55,8.97,8,5,4,74,240,6
7388,22,Male,Teacher,8.2,88,8.64,3,2,1,15,70,8
7389,55,Female,Doctor,8.93,54,7.22,2,6,5,99,51,1
7390,31,Male,Engineer,5.05,113,7.8,5,3,0,25,185,7
7391,54,Male,Business,9.85,92,6.25,7,7,3,92,217,4
7392,50,Female,Designer,6.06,9,4.2,2,5,3,13,122,1
7393,35,Male,Engineer,1.49,23,6.63,6,3,1,45,203,6
7394,41,Male,Doctor,7.05,64,6.98,4,6,2,112,90,1
7395,58,Female,Teacher,6.4,101,8.66,2,4,1,95,218,4
7396,40,Female,Doctor,3.26,56,6.65,1,7,3,47,28,2
7397,41,Female,Teacher,2.18,83,8.94,3,7,4,118,280,3
7398,32,Female,Student,1.69,18,7.61,2,7,2,9,135,5
7399,56,Male,Teacher,3.31,110,4.03,4,7,2,5,79,8
7400,48,Female,Designer,2.3,112,4.51,9,8,0,35,284,6
7401,59,Male,Teacher,4.84,116,7.88,1,9,0,63,152,1
7402,54,Male,Doctor,8.26,116,5.39,7,6,3,86,149,6
7403,29,Female,Engineer,5.28,31,8.29,5,9,0,97,117,4
7404,46,Female,Doctor,8.02,119,6.06,7,9,5,28,191,2
7405,48,Female,Doctor,6.24,22,6.84,7,4,1,96,187,1
7406,27,Male,Student,6.24,89,4.53,1,5,3,74,173,7
7407,23,Female,Business,8.01,114,6.94,2,2,0,87,141,9
7408,51,Male,Student,9.13,28,6.33,8,6,3,113,152,3
7409,34,Male,Teacher,8.76,112,4.68,6,3,4,104,249,8
7410,27,Male,Doctor,8.16,62,8.83,3,9,2,46,37,5
7411,47,Female,Engineer,9.76,30,7.31,8,6,2,34,152,4
7412,18,Female,Teacher,5.68,98,6.19,6,2,4,32,235,4
7413,57,Male,Doctor,8.96,6,5.05,1,6,5,49,269,8
7414,32,Male,Designer,9.4,119,5.32,4,3,1,30,284,3
7415,50,Male,Doctor,1.66,93,4.32,7,6,5,65,294,3
7416,48,Female,Business,5.34,42,4.32,6,9,4,88,299,7
7417,35,Female,Teacher,2.57,115,6.57,3,5,3,41,111,1
7418,39,Female,Engineer,8.85,23,4.86,4,3,4,61,37,3
7419,34,Female,Engineer,4.27,33,8.21,7,4,2,90,66,6
7420,56,Male,Teacher,4.14,16,8.16,3,3,5,53,54,2
7421,48,Male,Engineer,8.06,17,4.23,8,9,3,97,192,5
7422,18,Female,Student,1.89,31,7.23,1,5,3,13,251,5
7423,20,Male,Engineer,7.87,88,7.33,8,3,2,8,236,3
7424,46,Female,Student,8.55,48,8.68,3,6,5,64,148,4
7425,22,Female,Teacher,2.1,43,7.89,2,1,4,112,145,4
7426,39,Male,Doctor,5.65,18,4.68,9,5,1,77,128,4
7427,22,Male,Doctor,1.73,58,6.06,7,4,5,42,291,7
7428,47,Male,Teacher,1.66,61,7.44,2,5,2,97,273,8
7429,26,Female,Business,9.82,81,7.01,3,2,5,29,119,7
7430,36,Male,Designer,9.07,19,8.73,4,7,3,53,82,4
7431,18,Male,Student,5.12,97,5.44,5,5,4,119,295,8
7432,26,Female,Student,7.11,73,8.18,1,1,4,104,46,9
7433,36,Male,Teacher,5.71,26,6.31,8,4,4,13,159,2
7434,56,Female,Doctor,3.33,91,5.5,5,4,3,2,98,4
7435,34,Female,Student,2.03,75,7.86,5,4,5,85,239,8
7436,29,Male,Doctor,2.33,100,5.29,4,6,2,21,272,8
7437,34,Female,Doctor,7.8,88,6.84,1,2,0,10,103,2
7438,33,Male,Student,9.09,61,7.97,7,5,5,100,132,9
7439,56,Male,Business,7.81,15,4.11,2,4,1,102,248,2
7440,24,Female,Doctor,5.44,26,4.12,3,5,1,47,83,5
7441,20,Male,Engineer,4.21,89,6.0,9,1,3,74,238,4
7442,58,Male,Doctor,6.3,36,5.01,2,2,1,52,129,1
7443,26,Male,Teacher,9.22,84,8.41,7,3,2,28,222,3
7444,40,Male,Teacher,6.91,81,4.86,8,6,2,46,114,1
7445,42,Female,Doctor,6.08,31,4.21,6,8,3,13,112,7
7446,30,Male,Designer,7.84,66,4.9,4,8,4,58,172,1
7447,35,Female,Business,9.92,48,5.27,1,6,4,53,93,8
7448,51,Female,Teacher,7.13,34,4.49,8,9,1,15,292,5
7449,20,Female,Student,2.06,36,7.97,6,4,1,6,119,4
7450,33,Male,Student,7.7,90,5.96,2,4,4,116,275,6
7451,53,Female,Doctor,6.19,103,5.71,9,8,1,114,273,4
7452,45,Female,Engineer,2.82,107,6.25,9,9,5,81,47,6
7453,37,Male,Business,2.77,95,6.88,7,5,3,45,175,9
7454,44,Female,Teacher,9.62,59,4.3,7,6,1,74,171,4
7455,43,Female,Doctor,8.49,76,7.06,7,6,3,62,113,9
7456,34,Female,Business,3.24,20,8.04,7,5,5,55,143,6
7457,51,Female,Business,4.12,17,6.71,8,5,1,110,230,1
7458,58,Female,Student,2.21,44,5.7,6,1,0,81,218,2
7459,36,Female,Engineer,1.51,55,8.37,9,6,3,101,138,7
7460,25,Female,Student,9.35,25,8.29,4,5,3,76,297,6
7461,27,Female,Teacher,5.16,118,5.95,7,7,3,13,20,3
7462,47,Female,Engineer,3.49,14,5.76,5,4,3,119,257,4
7463,37,Female,Student,1.55,43,8.89,8,8,5,62,92,3
7464,44,Female,Teacher,1.46,31,7.64,5,3,2,53,233,5
7465,49,Male,Engineer,3.85,44,4.46,2,6,1,31,229,5
7466,53,Male,Teacher,6.28,92,7.42,2,1,4,103,293,3
7467,57,Female,Doctor,7.37,33,8.19,2,3,3,104,30,1
7468,29,Female,Business,8.92,78,7.18,6,3,1,109,90,8
7469,28,Male,Engineer,2.47,56,4.71,9,1,5,21,115,8
7470,57,Male,Engineer,2.53,45,7.88,1,3,0,3,268,8
7471,57,Male,Teacher,1.05,85,6.93,3,8,4,3,208,3
7472,38,Female,Engineer,5.42,49,8.6,1,9,1,19,43,1
7473,33,Female,Business,3.78,118,6.4,3,4,4,4,253,2
7474,54,Female,Engineer,5.16,6,8.59,2,2,0,33,273,3
7475,24,Female,Doctor,8.93,72,4.29,3,7,5,19,158,4
7476,55,Female,Student,8.88,54,6.03,1,7,0,1,225,5
7477,25,Male,Student,5.01,68,7.33,2,7,1,55,46,7
7478,54,Female,Designer,4.52,73,4.29,6,4,1,6,20,8
7479,19,Male,Designer,9.44,66,4.83,9,3,5,70,32,3
7480,25,Female,Teacher,8.39,56,6.34,4,8,5,35,30,7
7481,32,Female,Designer,5.57,16,7.34,9,8,0,4,190,2
7482,42,Male,Engineer,6.2,75,6.99,9,4,4,17,30,8
7483,18,Female,Business,3.89,42,7.44,1,3,4,38,83,4
7484,30,Female,Teacher,5.9,40,6.7,1,2,4,111,83,3
7485,32,Male,Engineer,9.98,107,5.09,2,8,0,119,247,5
7486,23,Female,Doctor,5.24,18,4.72,2,4,5,118,261,9
7487,18,Male,Doctor,7.9,49,5.62,3,2,4,22,66,7
7488,37,Male,Student,5.91,39,6.57,3,3,5,2,231,2
7489,40,Female,Engineer,2.4,42,7.39,3,4,1,101,190,4
7490,55,Female,Engineer,2.57,14,8.55,4,3,0,115,298,3
7491,33,Female,Doctor,2.16,79,6.83,9,8,0,25,218,7
7492,39,Female,Student,1.11,53,5.33,8,2,5,46,131,4
7493,49,Male,Student,6.65,51,5.6,3,1,3,72,20,9
7494,41,Male,Business,6.48,35,8.15,6,7,3,74,215,8
7495,46,Male,Business,4.84,71,5.38,2,9,5,89,114,6
7496,59,Female,Engineer,7.07,58,5.15,4,6,3,27,287,4
7497,18,Male,Business,2.85,19,7.46,3,3,4,106,99,8
7498,33,Female,Teacher,2.77,17,5.79,2,4,1,104,238,5
7499,27,Male,Business,8.28,53,4.61,5,3,3,99,39,5
7500,47,Male,Teacher,6.08,25,7.66,2,3,2,79,59,3
7501,23,Female,Student,3.11,34,8.32,7,6,3,96,54,8
7502,25,Male,Designer,2.85,70,7.43,4,7,4,107,189,2
7503,54,Male,Teacher,7.45,114,7.02,1,1,2,6,209,4
7504,37,Female,Doctor,6.28,25,7.81,9,8,2,61,273,3
7505,53,Male,Engineer,6.68,93,6.24,2,2,4,58,179,7
7506,29,Female,Engineer,2.45,13,8.67,7,4,3,74,161,4
7507,40,Female,Engineer,6.08,23,7.63,8,5,4,0,276,8
7508,18,Male,Designer,8.9,34,5.24,3,1,1,53,218,7
7509,24,Female,Student,6.41,101,7.85,6,5,5,88,149,7
7510,42,Female,Student,9.74,38,4.6,3,8,3,76,65,6
7511,37,Female,Doctor,5.52,49,5.35,4,3,4,22,216,6
7512,55,Male,Engineer,6.76,101,4.37,3,5,1,0,225,5
7513,54,Male,Doctor,2.77,67,7.44,2,4,3,57,20,9
7514,46,Male,Doctor,1.03,101,8.66,2,8,2,116,115,4
7515,28,Male,Teacher,4.7,116,7.1,7,2,0,100,174,8
7516,45,Female,Student,7.68,42,8.25,2,9,3,78,245,5
7517,58,Female,Teacher,1.32,99,8.41,9,1,4,37,41,4
7518,35,Male,Engineer,3.13,62,8.87,9,6,1,102,198,5
7519,42,Female,Business,8.44,42,5.0,7,6,0,98,41,5
7520,51,Female,Business,5.18,111,5.83,2,7,1,11,182,5
7521,27,Female,Engineer,8.84,33,7.4,2,6,2,97,185,9
7522,31,Male,Engineer,5.83,69,8.91,8,6,3,60,234,3
7523,47,Female,Business,5.19,104,7.86,3,6,1,65,67,2
7524,38,Male,Doctor,8.5,97,4.28,6,7,3,24,224,6
7525,38,Male,Business,2.7,103,8.1,7,3,1,11,50,6
7526,41,Female,Doctor,4.59,53,6.26,7,6,3,102,170,9
7527,56,Female,Engineer,8.99,61,4.72,5,6,3,108,252,3
7528,36,Male,Engineer,7.84,11,7.63,9,5,4,39,199,3
7529,28,Male,Teacher,1.91,84,7.63,4,7,5,105,194,1
7530,43,Male,Designer,3.88,90,4.44,7,8,5,75,242,2
7531,55,Male,Doctor,1.71,5,7.16,4,3,4,26,209,7
7532,46,Male,Business,8.22,110,9.0,5,9,3,0,78,8
7533,36,Female,Business,2.45,25,5.67,4,5,3,91,69,6
7534,57,Female,Doctor,8.6,28,4.87,9,2,5,57,292,1
7535,25,Female,Student,6.79,41,8.07,1,9,0,43,285,2
7536,29,Female,Teacher,5.14,69,8.91,2,7,5,84,92,7
7537,51,Male,Business,9.26,14,5.16,8,9,1,79,40,6
7538,24,Male,Designer,5.86,66,7.08,9,4,2,105,102,4
7539,18,Female,Engineer,2.44,23,6.05,9,5,0,75,106,3
7540,42,Male,Business,5.33,49,7.88,2,9,5,17,239,3
7541,37,Male,Business,7.61,51,8.46,5,1,5,85,120,2
7542,38,Male,Student,6.97,65,4.07,6,6,0,46,200,8
7543,41,Male,Doctor,5.1,66,5.03,6,9,1,112,107,8
7544,41,Male,Business,9.15,72,6.52,8,6,4,17,297,8
7545,56,Female,Doctor,7.74,63,7.42,3,8,1,79,235,7
7546,34,Male,Doctor,4.19,101,7.58,8,2,1,42,88,8
7547,25,Male,Teacher,2.0,77,4.92,1,3,4,45,247,8
7548,27,Female,Engineer,3.41,54,6.4,6,7,1,44,254,3
7549,19,Male,Student,3.76,80,4.65,2,6,4,73,30,7
7550,50,Female,Doctor,3.25,58,4.07,2,9,1,41,296,5
7551,19,Male,Engineer,1.6,25,5.18,9,2,0,34,210,6
7552,29,Female,Student,1.6,46,6.12,4,9,2,92,98,9
7553,22,Male,Student,9.56,16,7.34,4,5,0,83,86,4
7554,34,Female,Teacher,3.19,30,7.98,2,2,1,100,25,2
7555,54,Male,Doctor,7.52,32,5.98,3,4,2,78,139,7
7556,54,Female,Teacher,2.45,67,6.69,7,2,5,2,95,2
7557,34,Female,Doctor,6.76,64,4.78,7,3,5,82,139,7
7558,39,Male,Business,3.83,72,6.98,5,7,0,108,245,9
7559,56,Female,Business,1.94,45,4.93,6,2,4,108,32,8
7560,41,Male,Doctor,7.48,83,6.26,9,6,3,54,131,3
7561,52,Female,Teacher,8.04,79,7.63,5,9,5,17,243,3
7562,43,Male,Business,5.53,51,8.94,6,9,3,65,157,8
7563,51,Male,Business,3.26,6,8.83,5,6,3,14,41,4
7564,28,Female,Student,2.94,40,7.75,1,4,0,27,107,6
7565,26,Female,Student,4.12,50,4.87,2,6,0,4,173,5
7566,59,Female,Student,2.78,79,4.73,8,2,0,9,181,6
7567,45,Female,Teacher,9.29,84,7.61,2,8,5,61,25,9
7568,21,Female,Business,6.47,47,5.88,1,6,0,51,165,9
7569,55,Male,Engineer,5.64,40,7.79,2,8,1,40,268,4
7570,27,Male,Business,7.33,29,5.82,1,2,5,4,261,9
7571,36,Female,Teacher,5.78,100,6.03,1,7,1,47,173,9
7572,39,Male,Designer,7.43,96,5.2,5,7,1,82,194,8
7573,26,Male,Student,9.89,59,7.63,2,2,1,108,91,5
7574,52,Female,Student,8.57,114,7.53,1,5,4,45,135,3
7575,51,Male,Designer,5.86,16,6.89,9,8,4,108,173,3
7576,56,Female,Doctor,3.22,83,6.68,8,7,2,102,249,7
7577,48,Female,Designer,8.15,55,8.53,7,4,5,79,192,8
7578,20,Female,Designer,2.04,37,6.81,7,7,3,92,296,3
7579,49,Female,Doctor,2.24,117,8.52,3,5,3,26,172,4
7580,24,Male,Engineer,7.15,88,4.68,7,3,5,45,118,3
7581,58,Male,Business,2.21,57,8.03,6,1,2,47,83,8
7582,41,Female,Teacher,6.11,5,4.07,4,7,4,0,226,8
7583,50,Male,Teacher,2.03,16,6.47,2,6,0,65,133,4
7584,45,Male,Engineer,8.72,50,8.72,2,8,5,112,191,8
7585,39,Female,Engineer,9.38,117,8.1,4,9,1,116,90,8
7586,53,Male,Designer,4.57,35,4.4,3,5,5,50,132,7
7587,44,Male,Student,2.84,95,4.64,4,1,5,21,168,9
7588,58,Female,Business,6.54,97,5.62,2,3,3,96,24,8
7589,53,Female,Teacher,3.03,13,8.07,8,1,4,110,294,1
7590,54,Male,Teacher,1.83,98,6.13,3,4,3,106,50,7
7591,27,Female,Teacher,3.11,29,4.73,8,8,2,50,269,1
7592,55,Female,Teacher,1.94,52,4.06,4,2,0,40,142,3
7593,28,Male,Business,7.29,15,8.31,4,9,4,105,192,1
7594,39,Female,Designer,9.65,19,4.7,2,3,0,32,285,2
7595,50,Female,Designer,1.95,85,8.12,7,2,5,13,243,7
7596,48,Male,Student,7.7,65,5.74,5,4,2,55,108,2
7597,36,Male,Engineer,9.47,21,6.53,9,9,5,51,41,9
7598,28,Male,Engineer,6.2,97,7.66,9,9,5,17,49,5
7599,35,Male,Designer,8.06,30,7.85,7,9,0,25,253,7
7600,49,Female,Student,4.05,98,5.26,6,2,4,3,54,6
7601,20,Male,Engineer,2.93,33,5.95,9,4,4,81,189,2
7602,19,Female,Teacher,9.91,76,5.22,4,7,3,30,138,8
7603,29,Female,Engineer,8.81,19,7.21,9,1,0,98,49,4
7604,40,Female,Student,4.76,104,5.78,5,7,3,13,42,2
7605,56,Female,Engineer,3.94,48,4.7,8,6,1,43,89,3
7606,58,Male,Teacher,4.86,57,8.58,3,5,4,102,87,4
7607,46,Female,Designer,8.32,20,5.62,8,7,0,50,178,1
7608,50,Female,Business,7.5,5,8.97,7,9,4,27,78,2
7609,46,Male,Student,2.77,73,5.85,1,6,5,10,282,1
7610,38,Female,Engineer,7.4,40,5.16,8,7,1,93,96,4
7611,21,Male,Doctor,7.2,53,6.76,2,5,1,117,194,2
7612,46,Male,Business,5.82,46,7.75,1,2,5,98,44,8
7613,41,Female,Engineer,7.39,95,7.07,7,1,4,60,102,8
7614,34,Female,Business,7.52,68,6.77,8,1,2,51,137,3
7615,32,Male,Designer,3.54,29,6.2,2,6,3,78,91,5
7616,24,Male,Designer,9.9,20,5.59,3,5,0,73,51,2
7617,33,Male,Student,3.08,111,4.54,1,8,3,56,103,6
7618,47,Female,Student,3.16,85,6.85,5,8,4,14,241,9
7619,21,Female,Doctor,8.65,110,8.0,8,3,0,34,292,1
7620,42,Female,Designer,3.65,119,6.7,1,1,1,61,118,8
7621,39,Female,Doctor,4.28,100,8.17,8,6,3,64,238,3
7622,32,Female,Doctor,8.21,103,5.26,1,1,3,13,267,4
7623,24,Female,Teacher,9.35,46,5.41,3,1,4,1,224,8
7624,21,Female,Designer,7.63,118,8.72,2,2,3,106,94,3
7625,25,Male,Teacher,8.2,7,6.52,9,8,1,88,48,8
7626,59,Male,Designer,9.48,32,4.6,7,8,3,90,214,6
7627,31,Male,Student,6.77,81,8.9,7,4,1,86,288,3
7628,31,Male,Teacher,7.01,69,5.17,9,3,4,103,99,9
7629,22,Male,Designer,9.06,35,4.33,9,7,4,95,185,1
7630,58,Male,Teacher,4.77,77,6.4,3,1,5,76,199,2
7631,50,Female,Designer,1.61,96,7.33,1,7,0,10,234,5
7632,23,Male,Student,5.21,16,4.89,7,5,1,116,131,3
7633,41,Male,Business,7.23,115,5.02,3,5,2,36,185,8
7634,57,Female,Doctor,1.23,39,5.82,6,4,2,38,229,9
7635,53,Male,Engineer,2.93,66,5.87,1,7,1,3,43,2
7636,20,Female,Teacher,9.91,9,6.9,3,3,3,27,96,3
7637,30,Male,Business,6.12,100,5.53,3,2,0,56,211,4
7638,30,Male,Student,7.91,81,4.95,1,4,0,116,166,5
7639,42,Female,Engineer,8.34,31,5.66,6,6,4,113,237,3
7640,19,Female,Engineer,5.54,57,8.37,2,8,4,55,82,2
7641,45,Male,Teacher,1.75,12,6.1,8,9,2,44,293,8
7642,34,Female,Doctor,2.58,92,5.57,9,5,4,34,55,5
7643,53,Male,Designer,9.72,10,5.19,9,4,0,41,253,3
7644,31,Female,Designer,3.17,105,6.84,4,7,2,53,137,3
7645,24,Male,Business,5.12,74,7.67,1,2,4,6,187,3
7646,56,Male,Student,5.97,105,6.83,2,7,2,0,135,5
7647,45,Male,Teacher,9.64,16,6.93,1,8,3,34,59,6
7648,44,Male,Doctor,2.46,34,8.03,1,9,2,73,36,6
7649,30,Male,Doctor,5.21,99,5.21,1,1,5,95,111,2
7650,34,Male,Engineer,4.36,42,8.73,3,1,3,6,165,5
7651,24,Female,Teacher,8.73,27,5.84,5,3,1,57,180,4
7652,33,Male,Student,5.47,48,6.1,7,6,3,41,186,1
7653,45,Male,Doctor,9.5,119,4.45,1,7,1,59,299,7
7654,36,Male,Engineer,4.49,41,7.18,5,5,2,70,152,1
7655,34,Female,Doctor,1.02,85,4.92,4,9,3,95,214,2
7656,38,Female,Engineer,7.03,97,4.21,4,7,0,91,228,7
7657,54,Male,Engineer,6.82,118,5.5,9,5,5,84,58,2
7658,48,Female,Engineer,4.46,51,7.44,8,1,0,87,95,2
7659,42,Female,Student,5.12,40,4.55,3,9,2,12,191,4
7660,35,Male,Business,4.71,45,8.86,1,3,4,44,30,7
7661,50,Male,Business,6.89,41,7.65,6,8,0,29,128,1
7662,40,Male,Doctor,3.29,95,8.01,2,2,2,17,201,4
7663,47,Female,Teacher,8.65,66,4.79,2,2,4,111,239,2
7664,51,Male,Business,4.76,25,7.33,6,8,2,70,158,9
7665,45,Male,Student,5.4,99,5.77,4,6,5,29,39,9
7666,47,Male,Engineer,8.96,60,6.73,4,8,5,25,285,6
7667,48,Male,Teacher,1.15,60,5.11,8,1,3,11,249,4
7668,45,Female,Teacher,4.24,49,6.22,3,9,5,48,235,2
7669,40,Female,Doctor,3.59,110,4.17,9,2,4,62,167,9
7670,58,Male,Doctor,5.61,44,8.66,6,5,3,2,38,5
7671,41,Female,Teacher,1.89,29,6.02,9,7,1,43,293,2
7672,23,Male,Business,3.48,38,6.49,1,2,3,67,151,8
7673,25,Female,Engineer,3.89,81,8.71,9,2,3,78,127,7
7674,59,Male,Student,3.74,20,6.89,1,6,5,89,102,6
7675,38,Male,Designer,9.54,25,4.15,4,7,2,64,297,7
7676,52,Female,Doctor,4.2,33,7.06,1,1,4,36,82,3
7677,53,Female,Student,9.23,18,7.66,2,2,0,10,92,7
7678,51,Male,Doctor,6.36,73,5.51,7,8,3,13,131,7
7679,46,Male,Doctor,2.89,10,6.37,1,5,0,17,102,9
7680,24,Male,Teacher,6.52,16,4.42,3,5,2,32,93,1
7681,19,Female,Business,6.87,107,5.28,1,9,2,63,40,3
7682,31,Female,Teacher,2.4,118,5.13,5,7,3,24,239,6
7683,26,Female,Designer,1.7,53,8.45,4,4,1,45,70,8
7684,52,Male,Doctor,8.29,53,5.73,5,5,0,111,158,9
7685,58,Female,Teacher,5.21,65,8.8,1,3,1,79,188,8
7686,32,Female,Designer,1.82,77,5.79,8,3,5,114,47,7
7687,45,Male,Student,9.24,28,6.99,2,8,3,103,283,7
7688,47,Female,Doctor,4.21,40,4.01,3,8,4,61,288,1
7689,20,Female,Teacher,6.95,10,6.2,8,9,1,7,87,9
7690,51,Female,Business,6.89,94,5.89,5,8,3,32,223,7
7691,53,Female,Business,9.77,9,5.3,8,2,0,105,165,4
7692,36,Male,Teacher,4.14,87,6.81,1,9,2,70,121,4
7693,43,Female,Doctor,7.51,31,6.54,3,7,0,7,278,3
7694,38,Male,Designer,6.75,47,7.38,3,6,4,45,238,2
7695,23,Male,Engineer,2.64,40,8.1,7,9,2,5,25,2
7696,47,Male,Business,8.07,10,4.58,3,9,1,1,37,6
7697,42,Female,Designer,8.22,7,5.32,4,6,1,47,163,5
7698,25,Male,Doctor,3.79,89,7.57,2,7,0,16,89,7
7699,40,Male,Designer,2.84,73,6.44,1,7,5,53,200,1
7700,46,Female,Teacher,3.44,21,8.4,6,5,5,103,173,1
7701,25,Female,Engineer,7.76,21,8.41,5,1,0,29,220,4
7702,28,Female,Designer,2.09,48,8.05,2,7,3,88,47,5
7703,32,Female,Business,9.37,33,8.59,8,5,1,52,189,5
7704,29,Female,Business,4.62,42,8.51,9,4,4,80,187,3
7705,54,Female,Business,7.48,28,8.94,5,8,1,104,143,8
7706,54,Male,Teacher,4.77,110,8.57,5,6,1,18,227,5
7707,49,Female,Engineer,6.69,46,5.21,1,1,0,5,27,6
7708,45,Male,Engineer,7.82,64,8.94,3,4,1,28,224,2
7709,48,Female,Designer,6.92,95,7.91,9,5,1,117,25,9
7710,45,Female,Engineer,6.91,95,7.14,2,2,4,101,124,8
7711,33,Female,Teacher,5.23,71,7.07,4,6,0,88,125,6
7712,19,Female,Business,4.21,21,4.31,5,1,1,26,68,6
7713,54,Female,Student,6.05,35,6.34,5,7,3,53,225,8
7714,41,Male,Designer,8.89,17,4.31,2,4,5,31,109,8
7715,57,Female,Business,3.89,79,7.12,8,5,3,50,287,4
7716,42,Male,Designer,3.62,111,7.11,6,3,0,80,289,6
7717,59,Female,Doctor,1.66,58,4.13,2,9,2,38,254,1
7718,35,Female,Designer,9.38,107,5.3,9,5,1,8,186,8
7719,52,Female,Doctor,1.46,40,5.8,3,1,3,39,248,5
7720,39,Female,Teacher,7.43,18,8.86,3,9,5,73,115,5
7721,57,Male,Teacher,4.38,11,4.61,9,3,3,13,63,9
7722,53,Female,Business,9.99,25,8.4,6,4,0,65,133,9
7723,30,Female,Student,6.4,84,7.15,7,9,2,31,106,6
7724,30,Female,Teacher,6.83,86,5.61,8,4,0,91,164,3
7725,45,Male,Doctor,5.85,7,6.09,4,6,0,106,63,7
7726,21,Female,Student,4.11,78,4.16,7,6,0,24,80,7
7727,56,Male,Teacher,4.26,62,4.11,2,6,3,96,58,7
7728,58,Female,Student,2.38,115,6.38,9,4,5,82,143,9
7729,56,Female,Teacher,5.81,75,7.23,2,7,4,10,106,7
7730,23,Female,Engineer,2.09,46,4.86,2,4,1,52,299,5
7731,31,Male,Business,4.4,12,4.49,3,4,5,115,120,3
7732,57,Male,Business,3.33,100,5.56,1,3,4,41,294,2
7733,51,Male,Doctor,4.03,26,8.42,1,5,1,40,177,6
7734,37,Female,Doctor,2.52,38,4.64,1,5,0,35,55,2
7735,32,Female,Doctor,5.5,32,8.04,1,6,3,60,176,9
7736,23,Female,Teacher,5.15,28,6.21,1,4,0,48,80,9
7737,45,Male,Doctor,4.53,99,4.83,9,2,1,22,251,1
7738,46,Male,Engineer,2.24,95,7.99,5,9,3,88,85,6
7739,42,Female,Engineer,9.07,40,8.25,6,8,4,112,280,8
7740,20,Male,Business,2.99,20,7.11,9,1,0,92,213,7
7741,47,Female,Designer,1.86,81,7.56,2,6,1,54,119,5
7742,40,Female,Designer,3.82,102,4.6,3,5,3,23,38,6
7743,33,Female,Engineer,3.13,82,5.43,2,6,4,90,136,7
7744,51,Male,Engineer,9.16,46,6.74,9,4,5,96,161,8
7745,29,Female,Business,4.99,71,5.96,4,1,5,71,33,3
7746,46,Female,Engineer,1.62,23,5.76,7,1,2,105,219,8
7747,38,Female,Designer,6.79,45,8.55,8,4,3,54,273,7
7748,21,Female,Business,2.08,83,8.63,5,1,3,76,45,6
7749,35,Male,Engineer,3.56,25,7.16,5,1,1,42,136,9
7750,45,Male,Engineer,4.77,81,4.35,2,8,2,111,150,3
7751,31,Female,Engineer,1.23,94,5.68,8,9,1,30,272,5
7752,20,Female,Engineer,1.67,65,6.22,6,2,5,88,82,6
7753,35,Female,Doctor,3.8,26,7.29,2,1,3,24,190,4
7754,59,Female,Doctor,4.4,66,4.29,5,9,4,21,37,6
7755,33,Male,Doctor,2.16,112,6.44,3,7,5,2,159,8
7756,45,Female,Teacher,1.23,91,5.54,6,9,1,44,230,6
7757,35,Female,Student,8.64,106,6.28,7,6,3,9,152,2
7758,30,Male,Teacher,4.43,107,4.26,1,7,3,17,128,4
7759,56,Female,Engineer,5.66,102,8.94,2,4,1,75,102,4
7760,59,Male,Business,7.09,53,4.49,7,4,3,41,288,6
7761,45,Female,Business,7.04,40,5.59,2,5,3,30,194,3
7762,38,Female,Business,4.2,77,8.73,4,1,1,104,209,3
7763,55,Male,Teacher,8.67,13,7.49,5,1,5,38,170,5
7764,37,Male,Engineer,1.81,25,4.28,3,1,5,117,109,4
7765,46,Female,Engineer,7.82,76,5.69,8,6,5,15,184,9
7766,53,Female,Engineer,1.55,61,8.73,2,3,0,30,173,4
7767,24,Female,Business,9.29,78,6.74,5,9,4,108,132,1
7768,46,Male,Doctor,1.67,110,5.27,9,7,5,102,190,2
7769,18,Male,Engineer,2.74,91,7.87,8,2,5,5,142,2
7770,50,Male,Designer,6.37,106,5.43,6,4,0,103,192,3
7771,25,Female,Teacher,2.41,55,8.12,6,6,0,109,243,9
7772,49,Male,Doctor,9.15,22,7.56,6,1,4,69,204,1
7773,19,Female,Business,8.85,25,4.2,8,5,4,98,60,1
7774,31,Male,Engineer,4.29,117,7.73,3,2,5,51,132,5
7775,56,Male,Doctor,2.59,34,8.41,4,6,4,34,97,4
7776,30,Female,Designer,1.78,19,5.05,4,7,5,55,297,7
7777,38,Female,Designer,5.77,6,7.98,7,4,4,55,122,7
7778,38,Female,Business,6.25,19,4.49,8,4,3,8,33,2
7779,53,Male,Business,1.84,9,6.73,1,5,1,52,86,7
7780,40,Male,Engineer,7.08,103,7.2,9,4,3,15,182,9
7781,42,Male,Engineer,1.84,31,5.18,9,6,2,78,269,1
7782,44,Female,Business,3.49,70,7.94,6,7,0,103,35,4
7783,39,Male,Designer,1.5,21,5.66,1,1,2,77,280,3
7784,22,Male,Designer,5.77,80,7.38,6,3,3,58,273,6
7785,26,Male,Student,5.14,47,6.49,2,5,5,26,264,5
7786,53,Female,Student,9.15,13,5.53,6,3,3,74,298,5
7787,53,Male,Engineer,2.12,103,6.05,4,5,1,85,92,8
7788,26,Female,Teacher,3.44,47,6.53,6,8,0,7,63,1
7789,50,Female,Designer,3.62,100,6.11,1,7,0,55,274,6
7790,52,Male,Doctor,6.38,5,6.24,9,8,1,41,69,6
7791,51,Female,Engineer,4.02,31,8.1,6,6,4,41,97,6
7792,23,Female,Doctor,4.58,14,8.69,1,6,1,50,206,6
7793,38,Female,Business,2.04,12,7.35,6,6,2,1,197,4
7794,26,Male,Engineer,9.52,82,6.04,1,6,3,31,291,1
7795,50,Female,Doctor,2.59,71,5.27,5,2,5,5,128,9
7796,23,Male,Doctor,1.37,86,5.53,3,3,0,119,281,9
7797,19,Female,Business,9.41,110,4.87,9,3,1,6,160,6
7798,49,Male,Business,8.0,79,6.03,9,2,4,83,94,3
7799,47,Male,Engineer,6.81,95,4.18,7,2,0,23,133,2
7800,25,Male,Student,6.21,51,6.68,6,3,4,82,251,9
7801,56,Male,Engineer,7.59,75,5.0,3,4,5,50,286,8
7802,44,Female,Doctor,6.45,74,6.91,3,7,5,75,262,2
7803,55,Male,Student,5.68,56,7.8,5,4,3,116,81,6
7804,39,Female,Engineer,2.92,56,5.62,9,3,1,71,120,1
7805,57,Female,Teacher,2.87,67,8.59,8,4,4,36,130,4
7806,59,Female,Designer,7.19,81,5.11,6,4,0,116,79,6
7807,19,Male,Doctor,5.57,60,7.46,8,5,4,36,221,3
7808,42,Male,Student,6.82,19,7.74,3,5,5,61,175,8
7809,32,Male,Teacher,2.71,48,6.76,1,1,4,40,115,4
7810,36,Male,Business,2.27,78,8.46,9,3,2,77,104,6
7811,43,Male,Doctor,7.11,99,5.18,3,9,4,39,280,4
7812,55,Male,Engineer,8.3,11,4.38,7,8,5,78,132,1
7813,30,Female,Engineer,3.63,40,8.47,4,9,4,95,276,3
7814,48,Male,Student,7.65,58,5.93,6,9,3,9,128,8
7815,50,Male,Engineer,8.04,54,4.22,7,1,3,41,262,3
7816,52,Male,Business,2.44,35,8.96,6,8,0,92,203,1
7817,41,Male,Designer,9.68,14,4.84,2,3,5,79,133,2
7818,20,Male,Student,6.03,64,6.82,8,7,1,72,191,1
7819,31,Male,Business,6.42,116,4.78,2,7,1,52,290,2
7820,47,Female,Engineer,3.9,50,8.07,5,9,4,50,58,6
7821,57,Male,Engineer,7.49,47,7.75,1,7,1,100,100,6
7822,46,Female,Doctor,3.94,83,5.23,7,4,1,108,222,3
7823,50,Female,Engineer,6.53,74,4.94,2,1,2,64,118,2
7824,26,Female,Teacher,6.83,70,8.38,3,7,2,5,28,9
7825,42,Female,Business,4.87,34,7.03,8,1,2,31,135,5
7826,58,Male,Designer,2.1,65,4.46,1,7,0,89,69,6
7827,44,Male,Doctor,5.96,60,7.72,8,3,1,75,196,1
7828,43,Male,Student,4.54,94,7.97,7,9,0,62,150,6
7829,33,Male,Teacher,8.64,65,7.05,5,8,1,61,204,3
7830,19,Female,Designer,5.7,5,5.05,7,5,3,103,66,2
7831,21,Male,Doctor,5.58,62,8.81,8,1,1,36,32,9
7832,29,Female,Teacher,4.13,67,8.66,2,4,2,45,257,4
7833,51,Female,Business,2.43,95,4.37,7,6,0,75,82,2
7834,56,Female,Doctor,5.7,59,4.0,6,4,4,102,70,6
7835,49,Male,Doctor,3.51,68,7.21,7,6,1,95,79,3
7836,25,Male,Teacher,3.52,54,4.01,6,6,0,68,245,5
7837,39,Female,Teacher,7.47,36,4.14,3,5,5,107,276,7
7838,25,Male,Designer,6.17,39,8.29,8,5,2,51,229,8
7839,21,Male,Doctor,4.08,40,5.87,2,9,2,61,99,7
7840,34,Male,Business,1.25,69,6.75,5,3,1,119,123,6
7841,20,Female,Doctor,5.32,41,5.62,8,9,2,96,172,4
7842,34,Male,Designer,9.8,33,5.75,2,9,1,84,282,9
7843,28,Male,Doctor,9.45,49,5.27,7,2,5,14,54,3
7844,30,Female,Engineer,7.82,89,6.44,4,7,5,52,132,3
7845,49,Male,Engineer,2.25,81,7.52,8,4,0,4,39,4
7846,40,Male,Doctor,2.47,119,7.18,1,8,2,75,63,9
7847,50,Male,Engineer,3.63,48,6.53,9,7,3,27,109,2
7848,29,Male,Doctor,6.13,42,4.59,5,6,5,38,246,9
7849,47,Female,Business,1.74,10,5.69,1,2,4,86,197,1
7850,40,Female,Student,9.01,51,8.36,5,1,4,36,52,5
7851,54,Female,Designer,8.6,40,7.89,6,8,3,61,171,8
7852,22,Female,Business,3.53,90,7.28,3,5,2,99,117,7
7853,39,Male,Designer,2.57,55,7.42,8,6,5,88,184,9
7854,45,Male,Teacher,5.41,38,6.52,5,7,1,68,184,9
7855,48,Female,Student,2.35,19,5.62,5,5,1,114,153,6
7856,20,Female,Teacher,5.54,20,5.89,5,4,5,36,105,8
7857,35,Female,Doctor,6.72,106,4.22,2,4,0,5,177,4
7858,26,Female,Student,9.58,10,6.61,3,7,5,35,34,8
7859,29,Female,Business,9.33,115,8.26,4,1,4,8,236,9
7860,53,Female,Student,4.97,87,8.7,2,5,2,49,211,8
7861,51,Female,Engineer,5.22,48,7.86,9,8,4,110,125,7
7862,32,Male,Teacher,1.95,67,4.41,3,1,1,26,227,5
7863,56,Male,Designer,4.98,75,6.74,7,1,2,111,178,6
7864,18,Male,Doctor,4.71,20,5.3,2,1,5,117,227,3
7865,25,Female,Engineer,4.53,15,4.59,5,1,2,119,83,2
7866,46,Male,Student,3.38,13,5.83,7,1,2,23,246,1
7867,21,Male,Doctor,2.44,91,8.76,4,3,3,36,114,9
7868,25,Female,Engineer,5.45,41,8.43,2,2,1,21,164,3
7869,41,Male,Teacher,2.28,43,5.98,9,1,2,28,203,3
7870,47,Female,Designer,5.36,76,4.63,2,9,3,40,140,7
7871,22,Male,Teacher,7.63,49,4.56,4,5,4,73,195,6
7872,28,Male,Student,9.88,50,8.03,5,1,3,60,78,8
7873,43,Male,Designer,4.66,22,7.88,8,6,3,107,193,5
7874,53,Female,Doctor,3.09,28,6.23,6,1,1,69,58,3
7875,41,Male,Student,2.54,113,4.79,5,7,5,12,194,6
7876,51,Female,Designer,4.43,40,7.47,2,7,3,56,247,1
7877,42,Female,Designer,3.44,46,7.02,3,4,1,74,119,7
7878,36,Male,Doctor,5.3,104,6.46,2,4,1,65,174,7
7879,35,Male,Designer,3.8,66,7.39,6,9,1,77,280,6
7880,40,Female,Student,2.74,99,6.6,5,2,0,66,295,2
7881,44,Female,Student,3.1,37,5.94,4,6,1,113,175,1
7882,54,Female,Student,6.36,65,4.77,7,5,4,109,193,4
7883,30,Female,Student,8.2,87,5.69,5,5,5,103,216,5
7884,50,Female,Teacher,7.85,35,5.96,6,4,5,44,30,1
7885,39,Female,Doctor,2.96,69,5.35,4,5,5,105,139,6
7886,23,Male,Doctor,5.17,106,8.7,5,9,1,116,222,7
7887,43,Male,Engineer,2.13,85,7.68,3,7,4,100,197,5
7888,30,Male,Designer,5.57,96,4.71,3,9,1,18,121,5
7889,30,Female,Teacher,8.38,114,6.17,3,2,0,99,24,8
7890,30,Male,Teacher,5.07,57,7.11,4,7,1,25,274,1
7891,49,Female,Student,6.55,25,5.59,2,7,3,90,110,7
7892,23,Male,Business,8.5,50,8.17,8,5,1,47,167,5
7893,29,Female,Business,3.45,55,6.56,8,9,5,119,244,6
7894,54,Female,Engineer,9.43,109,7.84,3,5,0,77,53,3
7895,26,Female,Doctor,4.33,41,4.39,4,1,4,82,272,6
7896,29,Male,Student,1.76,107,6.36,7,6,5,95,229,5
7897,42,Female,Business,6.85,87,7.47,7,8,0,43,234,7
7898,36,Male,Business,9.58,28,5.47,1,1,1,97,23,2
7899,54,Male,Business,5.3,97,5.07,4,3,2,96,227,7
7900,53,Female,Teacher,7.9,21,5.77,5,9,3,69,57,7
7901,18,Male,Student,6.37,27,6.27,5,1,4,9,27,2
7902,20,Male,Business,7.57,19,4.17,4,4,0,48,129,1
7903,39,Male,Doctor,7.14,119,5.26,5,7,5,115,203,6
7904,36,Male,Doctor,2.33,117,8.33,7,2,1,75,260,4
7905,53,Female,Engineer,9.79,51,6.19,9,6,0,109,261,4
7906,34,Male,Engineer,2.9,114,8.61,2,2,2,56,283,7
7907,52,Male,Engineer,4.65,22,5.16,3,7,5,82,75,8
7908,39,Male,Teacher,2.62,84,7.47,6,3,3,3,72,5
7909,22,Male,Doctor,3.83,24,5.05,6,1,4,79,76,5
7910,46,Female,Designer,1.41,94,8.58,2,6,1,17,83,7
7911,44,Female,Teacher,7.91,33,5.72,4,8,5,41,59,8
7912,48,Female,Doctor,7.32,29,5.38,6,8,0,19,158,8
7913,39,Male,Student,5.99,90,5.6,7,8,0,44,252,4
7914,43,Female,Teacher,6.68,55,5.44,7,6,0,42,126,2
7915,39,Female,Engineer,7.22,40,7.52,4,8,5,89,185,8
7916,28,Male,Teacher,2.85,10,4.16,4,3,5,70,83,5
7917,46,Male,Designer,5.57,107,7.75,4,3,0,111,205,7
7918,34,Female,Designer,3.47,31,6.79,4,2,2,84,152,8
7919,24,Male,Teacher,1.53,82,7.68,2,3,3,58,40,8
7920,47,Male,Teacher,9.35,104,5.22,1,9,1,90,236,1
7921,43,Female,Teacher,1.44,53,8.35,2,6,0,76,84,4
7922,27,Female,Business,1.53,48,7.59,1,6,2,9,171,9
7923,48,Female,Business,9.26,47,7.99,2,4,3,24,84,5
7924,25,Male,Student,3.53,16,5.32,8,1,0,0,203,7
7925,21,Male,Student,4.67,90,4.03,9,2,4,81,110,2
7926,26,Female,Designer,2.5,47,5.89,2,9,2,107,73,9
7927,39,Male,Business,9.3,48,6.68,5,3,1,46,200,1
7928,22,Female,Business,8.97,42,7.06,4,3,1,116,230,4
7929,51,Female,Doctor,1.33,7,8.13,2,3,1,119,77,3
7930,37,Female,Student,4.78,20,7.68,7,8,5,106,274,4
7931,28,Female,Designer,1.66,119,5.79,4,1,3,8,187,4
7932,55,Male,Engineer,4.17,51,8.02,5,8,1,34,234,1
7933,50,Female,Designer,1.43,38,5.24,3,1,0,107,176,7
7934,42,Male,Student,4.73,32,6.52,1,1,4,99,90,2
7935,40,Female,Designer,5.96,99,7.89,7,3,5,54,43,1
7936,55,Female,Engineer,2.76,29,4.04,6,1,2,35,20,9
7937,42,Male,Teacher,2.43,41,6.6,4,3,4,109,165,3
7938,21,Female,Teacher,9.19,55,7.82,3,2,0,29,219,7
7939,59,Male,Doctor,4.27,52,4.85,9,4,3,53,24,4
7940,31,Male,Designer,1.09,71,5.17,4,3,2,61,256,6
7941,58,Male,Engineer,2.0,102,6.16,1,3,3,26,263,6
7942,41,Male,Designer,8.62,69,5.2,6,1,2,5,44,1
7943,51,Female,Teacher,1.74,60,7.43,3,1,1,77,257,5
7944,18,Female,Engineer,4.69,117,4.78,4,6,3,91,201,2
7945,52,Male,Student,1.73,71,6.03,9,7,3,3,126,7
7946,39,Male,Engineer,3.73,72,4.48,1,9,0,32,118,3
7947,29,Female,Engineer,1.42,97,7.65,8,5,4,85,63,8
7948,58,Female,Designer,4.68,43,8.1,8,7,4,54,194,9
7949,26,Female,Student,5.08,64,6.73,6,8,1,52,88,7
7950,58,Male,Engineer,1.51,41,4.5,3,9,5,33,273,3
7951,43,Female,Engineer,6.43,114,7.66,9,9,1,40,46,3
7952,29,Female,Doctor,4.51,28,8.34,6,1,5,82,108,6
7953,43,Female,Business,5.12,7,8.89,3,5,2,8,26,7
7954,35,Female,Teacher,2.76,91,4.42,9,3,0,69,25,7
7955,36,Male,Student,9.9,64,5.54,2,5,4,104,238,1
7956,39,Female,Business,6.54,102,8.08,9,2,5,75,174,7
7957,30,Male,Designer,8.71,105,4.28,7,3,0,107,220,4
7958,26,Female,Designer,8.31,90,8.1,2,6,5,31,48,9
7959,26,Female,Business,1.87,93,6.02,8,1,2,9,119,1
7960,44,Male,Business,8.91,55,8.14,2,5,2,97,40,5
7961,47,Female,Engineer,9.87,83,7.77,3,8,4,85,230,9
7962,52,Female,Teacher,8.51,14,5.39,2,1,1,11,250,8
7963,57,Male,Business,1.81,17,8.23,6,4,3,14,134,2
7964,30,Female,Teacher,3.56,71,6.26,1,9,1,25,28,7
7965,30,Female,Student,1.38,97,4.95,5,2,3,60,40,3
7966,34,Female,Business,5.67,44,5.01,2,4,5,35,296,3
7967,18,Female,Business,6.64,79,7.82,6,1,0,117,117,2
7968,23,Male,Teacher,7.43,101,5.34,5,5,1,91,283,3
7969,47,Male,Doctor,5.31,87,7.28,1,9,0,69,86,5
7970,36,Female,Student,4.53,32,6.09,7,7,4,57,33,2
7971,20,Male,Designer,2.23,119,8.9,9,4,3,105,250,6
7972,57,Male,Student,8.88,39,5.17,7,9,4,118,57,4
7973,18,Male,Designer,8.51,90,4.26,7,7,1,23,228,5
7974,33,Female,Business,5.25,18,4.49,1,6,3,31,88,9
7975,35,Female,Business,6.22,5,7.97,8,9,2,72,36,2
7976,59,Female,Designer,6.43,22,6.4,3,4,0,29,34,8
7977,24,Female,Engineer,3.01,24,6.61,3,2,4,94,276,9
7978,35,Male,Doctor,2.71,93,5.32,8,1,5,115,47,8
7979,28,Female,Teacher,8.71,108,6.66,3,7,0,4,189,5
7980,18,Male,Teacher,9.7,42,5.28,5,4,4,41,210,3
7981,56,Female,Doctor,1.33,76,4.83,3,3,5,46,49,5
7982,25,Male,Teacher,2.78,87,6.82,8,6,5,22,150,3
7983,48,Female,Teacher,1.24,86,6.28,2,4,3,18,260,8
7984,40,Male,Designer,6.56,118,8.78,4,2,2,114,154,6
7985,32,Female,Designer,8.23,56,5.02,7,7,3,106,275,2
7986,50,Female,Business,1.82,68,7.1,9,6,3,64,133,7
7987,30,Female,Doctor,2.0,62,4.01,9,9,1,27,287,4
7988,19,Male,Engineer,7.19,92,4.81,4,8,5,108,147,9
7989,31,Female,Teacher,3.13,34,7.5,6,6,1,68,280,5
7990,39,Female,Engineer,1.51,77,6.34,7,7,5,50,52,7
7991,43,Male,Engineer,9.01,42,6.5,2,7,3,94,55,3
7992,50,Male,Engineer,8.7,106,4.6,3,3,4,118,233,8
7993,45,Male,Business,9.15,12,8.53,1,4,3,41,150,6
7994,52,Male,Student,8.26,78,5.89,6,5,0,102,143,9
7995,58,Female,Doctor,4.18,109,6.3,2,9,2,86,151,3
7996,21,Male,Teacher,4.84,15,5.53,9,4,4,1,136,7
7997,44,Male,Business,9.9,9,6.06,2,9,0,107,152,3
7998,53,Male,Business,7.95,80,8.53,1,2,5,79,169,9
7999,49,Male,Teacher,7.7,89,8.84,7,3,4,49,111,9
8000,49,Female,Teacher,5.29,52,7.73,1,1,0,54,65,8
8001,45,Female,Designer,2.28,114,5.84,2,9,1,14,44,1
8002,35,Female,Doctor,2.24,9,6.01,2,2,0,110,37,7
8003,40,Female,Student,5.39,93,8.37,7,8,3,93,219,7
8004,38,Female,Teacher,7.74,36,6.29,7,7,3,1,223,3
8005,34,Male,Designer,1.99,10,4.71,9,1,2,12,283,1
8006,38,Male,Doctor,8.65,8,6.55,9,8,2,19,271,1
8007,30,Male,Engineer,4.44,119,6.71,9,6,3,18,273,5
8008,35,Female,Student,8.78,111,5.28,5,7,4,110,191,5
8009,46,Female,Designer,8.8,94,5.71,7,7,5,20,186,5
8010,34,Female,Student,9.76,5,7.83,5,7,2,58,20,1
8011,42,Female,Teacher,9.8,9,5.33,9,3,4,21,192,9
8012,39,Female,Business,3.14,24,7.45,2,4,3,54,246,5
8013,20,Female,Business,3.22,7,7.64,1,4,0,59,282,5
8014,28,Female,Teacher,8.57,11,5.69,8,2,5,41,81,6
8015,46,Female,Engineer,9.49,116,5.41,2,3,2,93,31,4
8016,18,Female,Business,9.38,20,7.45,8,4,1,66,43,5
8017,30,Female,Teacher,1.66,51,5.27,9,4,2,64,43,7
8018,40,Male,Business,8.55,107,7.45,4,9,1,17,188,7
8019,24,Female,Engineer,7.59,50,8.19,1,5,4,104,254,9
8020,26,Male,Business,9.45,68,4.58,8,6,3,31,260,5
8021,27,Male,Doctor,4.78,31,4.94,4,3,0,33,225,2
8022,57,Female,Teacher,7.04,81,4.32,5,3,2,19,211,8
8023,19,Male,Student,4.54,8,7.27,5,4,5,48,82,4
8024,35,Male,Business,9.75,99,5.07,7,7,2,89,29,4
8025,53,Male,Student,3.74,13,8.52,3,7,0,65,77,5
8026,20,Male,Business,4.74,22,4.42,4,1,2,28,74,4
8027,54,Female,Designer,2.83,43,5.26,1,4,3,34,170,4
8028,47,Male,Teacher,7.77,47,7.73,2,5,4,58,22,7
8029,30,Male,Engineer,4.08,45,6.12,8,5,4,97,53,2
8030,47,Female,Teacher,9.43,44,8.39,4,2,0,101,279,8
8031,42,Female,Designer,6.1,94,6.33,2,4,3,25,185,4
8032,49,Female,Designer,5.63,14,6.36,9,4,2,116,177,9
8033,31,Female,Business,9.61,18,7.52,1,9,2,89,126,8
8034,28,Female,Business,3.17,42,8.11,1,4,0,74,143,6
8035,44,Male,Doctor,3.96,57,7.76,9,9,5,95,201,4
8036,32,Female,Doctor,9.04,33,5.27,7,2,1,8,57,9
8037,38,Male,Designer,1.88,38,5.19,3,7,5,76,250,4
8038,58,Male,Student,8.47,59,8.56,9,9,0,111,78,6
8039,19,Female,Student,5.81,12,7.69,9,8,5,7,46,5
8040,43,Male,Student,2.64,70,5.03,3,4,4,68,110,5
8041,41,Male,Designer,7.18,77,4.85,4,4,0,85,161,7
8042,42,Male,Doctor,8.85,44,5.78,7,1,2,77,266,5
8043,29,Female,Business,9.87,89,8.15,3,9,4,113,227,8
8044,35,Male,Student,7.51,62,6.15,3,4,1,23,54,5
8045,53,Female,Designer,1.88,46,7.77,1,2,2,60,223,1
8046,43,Female,Student,7.28,10,7.94,2,1,3,17,218,4
8047,31,Male,Doctor,9.99,58,8.44,6,7,3,29,271,2
8048,39,Male,Doctor,8.51,75,7.23,7,2,2,17,54,4
8049,45,Female,Doctor,8.06,47,5.35,7,8,4,89,184,1
8050,41,Female,Student,3.27,90,4.57,5,9,3,91,36,3
8051,24,Female,Student,3.38,88,7.28,4,4,1,93,114,6
8052,39,Female,Designer,3.61,74,4.68,4,8,2,81,292,9
8053,59,Female,Engineer,9.72,7,4.9,4,1,1,102,165,6
8054,28,Female,Business,2.05,8,7.2,4,8,5,51,165,6
8055,55,Male,Business,9.88,76,4.05,7,7,4,108,292,4
8056,56,Female,Doctor,9.0,50,6.46,5,4,0,11,263,9
8057,53,Female,Doctor,9.94,47,7.8,5,2,3,32,50,9
8058,19,Male,Doctor,4.37,56,5.26,9,2,0,66,232,3
8059,30,Male,Teacher,9.14,16,7.67,5,1,3,20,290,5
8060,40,Female,Business,7.73,42,8.77,1,9,0,44,228,1
8061,47,Male,Engineer,1.94,115,4.94,9,7,4,82,271,1
8062,28,Male,Student,3.75,23,6.05,3,9,4,44,32,2
8063,55,Female,Doctor,8.81,70,6.24,8,4,4,23,125,1
8064,39,Male,Student,9.21,107,7.28,5,4,4,65,124,3
8065,52,Male,Business,7.98,82,5.89,6,1,3,79,291,1
8066,24,Female,Student,5.99,26,7.7,1,6,0,7,83,8
8067,36,Male,Student,7.0,83,7.05,9,9,1,51,235,3
8068,38,Female,Designer,6.19,94,7.73,2,5,1,24,99,8
8069,29,Male,Designer,4.44,73,4.43,7,6,0,63,161,1
8070,25,Female,Designer,7.3,53,7.72,3,2,0,70,116,9
8071,47,Male,Doctor,8.35,65,8.37,1,8,3,29,263,6
8072,25,Female,Student,7.5,43,4.99,6,5,1,112,66,8
8073,57,Female,Engineer,2.34,79,5.98,4,6,4,20,290,7
8074,21,Female,Doctor,8.19,66,6.17,6,7,2,60,109,9
8075,20,Female,Teacher,4.92,90,7.18,9,2,0,119,233,3
8076,38,Female,Business,9.96,73,7.14,9,9,0,95,278,8
8077,53,Male,Designer,4.47,84,6.12,7,1,5,15,254,6
8078,46,Male,Engineer,4.44,25,5.46,6,2,0,109,96,8
8079,24,Male,Designer,2.62,26,5.19,9,2,2,0,163,9
8080,54,Male,Doctor,5.67,26,7.94,2,6,0,87,53,3
8081,34,Male,Engineer,8.36,40,7.65,3,7,4,92,228,5
8082,43,Male,Teacher,7.95,45,8.37,8,6,2,106,295,6
8083,23,Male,Doctor,6.88,52,4.42,1,4,4,84,191,2
8084,47,Female,Student,5.31,109,5.7,1,6,0,18,293,2
8085,43,Male,Business,6.93,31,7.24,1,2,2,84,186,4
8086,29,Female,Designer,3.89,36,5.89,5,5,5,71,91,9
8087,34,Female,Engineer,4.39,99,5.36,4,7,2,8,62,7
8088,33,Male,Doctor,8.8,9,4.82,1,9,2,74,25,2
8089,57,Female,Doctor,7.12,86,5.43,7,8,4,80,214,1
8090,21,Female,Student,7.66,112,7.56,7,2,2,78,65,9
8091,21,Female,Designer,5.47,43,6.14,6,5,0,71,60,3
8092,36,Male,Teacher,5.71,24,5.97,9,6,2,53,104,2
8093,51,Male,Doctor,6.81,8,4.01,8,7,5,50,83,7
8094,55,Female,Designer,1.88,60,5.29,8,2,5,78,280,2
8095,51,Male,Business,9.28,53,4.26,5,6,0,65,239,4
8096,25,Female,Business,6.63,37,4.15,6,5,1,104,43,8
8097,23,Male,Engineer,2.09,30,4.73,4,6,2,99,122,3
8098,32,Female,Student,8.99,19,5.2,2,3,1,91,277,2
8099,37,Male,Engineer,5.15,14,8.33,1,4,1,99,150,4
8100,27,Female,Business,1.62,22,8.69,9,7,2,44,221,6
8101,18,Female,Engineer,4.05,93,8.2,6,3,5,85,36,7
8102,59,Male,Business,7.24,107,4.99,3,1,0,27,185,4
8103,20,Male,Designer,4.4,85,8.07,5,1,0,32,23,2
8104,36,Male,Doctor,5.85,42,8.92,2,7,5,19,118,8
8105,54,Female,Student,9.85,65,5.36,5,8,2,0,226,7
8106,41,Male,Designer,7.74,102,6.09,6,1,3,98,229,8
8107,39,Female,Student,4.98,25,6.75,8,8,1,48,234,3
8108,29,Male,Business,4.5,46,7.83,4,1,2,53,124,5
8109,51,Female,Designer,4.07,68,8.61,1,4,0,37,185,8
8110,42,Male,Student,4.61,36,4.77,4,8,4,108,193,5
8111,35,Female,Designer,8.86,100,5.14,7,4,4,119,77,7
8112,38,Male,Doctor,2.59,109,6.65,9,4,2,41,46,8
8113,18,Female,Engineer,4.1,37,8.81,3,6,0,73,241,7
8114,55,Female,Designer,4.46,54,6.93,8,9,5,61,23,2
8115,45,Male,Doctor,2.75,80,4.5,9,8,3,49,129,3
8116,31,Male,Engineer,9.06,54,8.2,3,7,3,25,189,6
8117,54,Female,Doctor,5.57,95,7.3,2,4,0,69,213,6
8118,57,Female,Business,3.28,63,4.02,3,4,0,89,219,8
8119,37,Male,Doctor,4.79,108,7.18,1,3,2,53,90,3
8120,55,Female,Business,4.9,71,7.87,6,4,2,28,289,8
8121,43,Male,Teacher,9.86,72,8.62,7,6,5,28,224,3
8122,50,Female,Business,3.04,22,8.58,8,6,3,26,149,4
8123,40,Male,Doctor,9.67,104,6.31,7,4,1,7,286,3
8124,46,Female,Doctor,4.95,58,5.67,4,4,1,111,90,5
8125,19,Male,Business,6.45,102,4.44,2,7,2,37,278,5
8126,57,Female,Engineer,4.01,72,8.65,5,7,3,11,128,2
8127,44,Male,Doctor,3.1,110,5.74,8,3,1,85,251,8
8128,22,Female,Student,8.72,115,7.05,7,2,3,0,155,3
8129,30,Female,Engineer,1.12,29,4.5,9,2,3,110,192,9
8130,49,Female,Teacher,8.34,34,4.6,7,2,4,112,90,7
8131,23,Female,Business,9.73,19,7.86,3,9,2,31,206,3
8132,32,Female,Student,1.71,14,4.51,3,4,2,4,297,2
8133,45,Female,Engineer,4.33,81,4.73,4,6,0,40,275,5
8134,33,Female,Business,5.09,42,7.45,9,6,0,39,104,1
8135,49,Female,Doctor,2.44,72,7.58,1,5,1,86,85,2
8136,24,Female,Student,8.93,78,4.31,5,3,1,31,111,7
8137,39,Female,Doctor,1.58,6,6.49,2,6,0,28,174,8
8138,21,Female,Teacher,4.83,59,6.87,7,1,3,50,134,7
8139,33,Male,Doctor,6.62,6,7.78,7,1,5,36,284,1
8140,37,Female,Business,9.53,105,5.4,4,9,1,86,178,5
8141,45,Male,Business,4.79,7,6.53,9,2,1,19,172,1
8142,47,Male,Designer,3.73,71,4.69,3,8,4,8,52,1
8143,46,Female,Business,8.45,117,7.93,4,7,3,114,270,1
8144,47,Male,Teacher,2.53,29,7.21,5,5,4,6,164,8
8145,40,Female,Business,9.0,109,4.04,3,9,2,98,31,8
8146,47,Male,Designer,4.64,78,4.09,4,5,0,81,237,4
8147,49,Male,Student,2.91,35,9.0,3,3,0,58,224,6
8148,30,Male,Designer,9.41,98,8.94,8,6,1,73,107,2
8149,38,Male,Teacher,6.78,43,4.09,9,2,0,77,160,5
8150,43,Female,Teacher,9.73,34,7.84,1,5,1,117,87,4
8151,36,Female,Doctor,9.55,42,4.25,7,5,1,56,251,8
8152,54,Male,Doctor,9.36,65,4.88,1,2,3,107,20,5
8153,25,Male,Engineer,4.84,95,4.79,8,7,1,11,154,9
8154,58,Female,Engineer,6.4,71,6.62,5,4,4,82,39,4
8155,31,Female,Teacher,7.31,85,5.9,7,1,0,101,30,8
8156,40,Female,Student,9.49,32,5.37,8,1,5,71,268,5
8157,22,Male,Business,4.46,105,4.73,9,2,4,66,147,7
8158,47,Female,Teacher,7.84,16,4.97,9,5,0,105,272,7
8159,18,Male,Teacher,3.92,14,8.06,2,9,3,69,235,9
8160,24,Male,Business,7.01,75,6.89,7,1,5,19,20,6
8161,43,Female,Doctor,8.65,59,7.61,4,3,1,89,228,7
8162,37,Male,Engineer,8.97,94,7.53,5,1,0,108,82,1
8163,36,Female,Business,7.12,75,4.22,6,5,0,8,81,2
8164,19,Female,Doctor,6.37,18,6.47,4,4,5,18,204,2
8165,29,Female,Designer,5.4,49,7.82,6,4,0,46,133,5
8166,26,Female,Doctor,9.15,29,6.98,5,8,0,99,70,2
8167,54,Male,Business,6.36,51,7.28,8,1,2,59,242,9
8168,44,Male,Engineer,4.85,80,7.7,4,5,4,21,140,5
8169,32,Female,Doctor,6.67,53,6.41,8,8,4,81,101,5
8170,28,Male,Designer,9.61,19,4.73,2,9,3,45,34,8
8171,25,Female,Designer,3.32,17,5.14,7,4,4,77,291,4
8172,39,Male,Business,2.85,49,6.47,9,2,2,26,186,8
8173,37,Male,Teacher,5.98,113,6.43,5,8,0,65,175,4
8174,36,Male,Student,4.56,12,7.17,8,3,1,67,85,3
8175,57,Male,Student,1.9,25,6.36,9,6,2,118,53,8
8176,44,Male,Business,3.81,30,7.97,6,6,3,111,178,4
8177,24,Female,Doctor,8.59,91,6.48,7,6,5,119,78,8
8178,42,Male,Engineer,2.5,16,5.47,5,3,1,99,81,7
8179,22,Male,Teacher,8.55,13,7.49,5,9,0,7,218,6
8180,27,Female,Teacher,6.91,74,6.14,7,8,0,17,60,4
8181,28,Male,Teacher,4.6,17,6.95,5,9,5,87,262,5
8182,38,Female,Doctor,9.73,64,4.26,8,7,2,62,252,3
8183,34,Male,Student,4.5,28,7.49,6,7,0,60,239,6
8184,42,Female,Business,6.77,35,9.0,7,9,4,22,144,4
8185,20,Female,Engineer,2.35,52,7.41,7,4,2,79,78,7
8186,39,Female,Engineer,6.16,26,6.42,4,8,0,116,153,1
8187,27,Female,Designer,8.4,76,8.75,9,8,0,33,139,7
8188,45,Female,Teacher,8.61,98,8.84,2,7,5,100,75,1
8189,30,Male,Business,6.55,14,4.46,7,9,5,12,25,7
8190,21,Male,Student,4.83,47,5.43,3,6,2,75,297,4
8191,45,Female,Student,8.99,5,6.93,1,3,4,111,208,7
8192,49,Female,Engineer,1.7,88,5.89,7,6,0,69,264,3
8193,57,Male,Teacher,1.76,92,5.42,9,5,5,42,82,1
8194,39,Female,Student,2.09,27,8.38,5,6,2,96,163,4
8195,31,Male,Teacher,8.61,100,4.12,4,1,5,102,118,9
8196,47,Female,Student,8.78,18,8.72,3,2,4,108,58,4
8197,56,Male,Doctor,6.81,67,7.1,2,1,4,8,282,3
8198,24,Female,Student,7.45,112,6.09,8,5,3,118,242,1
8199,31,Male,Business,2.88,40,5.94,8,5,0,29,134,8
8200,19,Female,Doctor,7.0,49,8.16,2,8,3,71,85,4
8201,50,Female,Designer,2.69,78,7.61,8,8,2,89,93,7
8202,35,Male,Designer,6.62,48,4.41,1,7,2,14,293,3
8203,22,Female,Business,2.62,63,4.81,4,9,1,31,269,2
8204,55,Male,Engineer,6.31,105,4.8,4,8,4,50,165,9
8205,34,Male,Teacher,2.36,38,7.61,4,1,3,108,101,4
8206,29,Male,Designer,7.58,118,8.19,4,9,1,118,206,6
8207,37,Female,Business,3.33,49,8.06,6,2,0,50,236,5
8208,24,Female,Student,6.36,45,4.84,2,2,5,84,59,6
8209,56,Male,Business,7.49,33,6.14,6,6,3,61,169,2
8210,58,Female,Business,7.89,13,7.67,8,3,5,95,103,5
8211,33,Male,Student,2.79,55,6.61,7,7,5,16,124,2
8212,42,Female,Student,1.19,90,7.24,6,1,2,44,86,5
8213,31,Male,Student,1.11,43,6.83,2,9,5,4,165,3
8214,49,Male,Teacher,5.26,67,6.88,8,5,5,100,208,8
8215,48,Male,Designer,1.8,71,6.54,9,1,1,97,212,4
8216,46,Female,Student,8.36,22,5.11,8,7,4,63,198,7
8217,22,Male,Teacher,9.91,106,6.88,8,8,2,114,259,8
8218,24,Male,Business,1.08,96,5.73,7,1,5,92,121,2
8219,55,Female,Engineer,6.74,22,7.55,5,9,2,74,230,6
8220,43,Male,Teacher,5.13,23,8.03,6,3,5,95,131,2
8221,58,Male,Designer,9.42,106,4.65,8,6,5,109,184,5
8222,50,Male,Teacher,7.36,29,8.16,2,5,4,106,197,3
8223,42,Female,Engineer,9.37,71,8.65,3,7,3,89,53,6
8224,59,Male,Designer,4.16,85,6.25,3,5,0,48,234,7
8225,19,Female,Teacher,5.26,29,5.07,2,2,4,114,190,5
8226,30,Male,Teacher,4.58,93,5.73,3,1,2,119,76,6
8227,39,Female,Doctor,9.63,13,5.45,3,6,5,108,84,9
8228,58,Female,Doctor,6.5,35,8.23,9,6,3,2,150,9
8229,57,Male,Teacher,9.93,15,4.21,7,5,4,63,143,5
8230,34,Female,Engineer,9.95,78,8.62,4,8,1,23,86,3
8231,29,Male,Designer,8.17,30,4.5,9,1,5,24,104,3
8232,53,Male,Student,5.21,79,4.41,5,1,1,23,264,2
8233,51,Female,Student,6.63,72,4.62,3,3,5,45,115,7
8234,40,Male,Student,8.44,85,7.73,8,5,2,96,241,2
8235,34,Female,Teacher,6.2,45,7.44,3,4,0,3,288,8
8236,18,Male,Teacher,8.74,28,8.94,9,4,0,79,158,4
8237,47,Male,Doctor,7.96,37,5.12,6,1,4,20,62,7
8238,57,Male,Business,6.25,81,4.56,4,2,5,14,279,7
8239,49,Male,Designer,5.83,119,4.97,5,2,5,92,245,9
8240,35,Male,Designer,3.36,104,6.03,8,8,1,52,180,3
8241,19,Female,Designer,2.06,111,5.48,1,3,0,110,111,5
8242,44,Female,Doctor,8.61,15,4.8,9,6,0,63,202,6
8243,59,Male,Teacher,2.73,66,7.88,4,8,0,103,123,9
8244,31,Male,Doctor,2.15,81,5.22,9,9,1,50,273,9
8245,54,Male,Student,6.74,79,8.79,4,9,5,96,244,8
8246,23,Male,Designer,6.28,35,7.28,9,8,0,70,169,5
8247,53,Female,Business,5.26,66,8.09,6,6,1,7,109,5
8248,33,Male,Designer,2.2,84,6.65,4,5,2,96,112,9
8249,55,Female,Engineer,5.94,19,5.47,8,2,3,9,92,6
8250,53,Female,Business,7.61,48,5.56,7,5,4,67,133,6
8251,55,Female,Student,3.69,96,6.44,6,3,0,100,263,4
8252,36,Female,Designer,3.14,100,6.51,1,8,3,80,263,3
8253,58,Male,Business,3.81,32,4.19,8,4,4,80,83,4
8254,32,Female,Teacher,3.9,71,6.71,3,9,5,5,152,2
8255,59,Female,Engineer,4.6,72,6.29,4,6,1,19,96,7
8256,20,Male,Doctor,6.46,88,7.87,4,1,1,110,294,8
8257,40,Female,Engineer,7.29,117,7.67,6,5,0,63,279,1
8258,39,Male,Business,7.04,11,8.89,5,8,5,34,34,2
8259,40,Male,Business,2.57,90,6.0,4,1,2,58,271,4
8260,30,Male,Business,1.19,66,6.67,6,2,2,73,70,4
8261,40,Male,Designer,4.87,90,5.44,3,6,3,72,271,7
8262,26,Female,Engineer,2.79,94,7.98,5,3,1,65,77,2
8263,47,Female,Doctor,7.87,20,4.05,5,8,4,88,43,9
8264,54,Female,Engineer,2.02,101,6.26,1,8,2,38,179,4
8265,58,Male,Teacher,8.51,23,6.73,7,5,4,93,284,3
8266,34,Female,Student,8.48,98,7.4,4,6,2,113,97,5
8267,47,Male,Business,9.94,34,4.79,2,6,5,93,140,3
8268,30,Male,Designer,1.7,93,8.85,3,6,0,4,210,4
8269,28,Male,Business,7.59,107,6.91,8,2,4,30,257,3
8270,52,Female,Engineer,7.84,75,4.92,4,7,4,80,131,9
8271,26,Male,Business,6.78,99,5.49,6,7,0,68,81,1
8272,18,Male,Designer,8.41,82,7.19,6,5,0,69,225,8
8273,50,Female,Student,1.03,99,4.88,2,9,2,119,242,7
8274,27,Male,Engineer,5.62,104,6.98,7,7,4,73,162,6
8275,56,Male,Business,7.12,17,5.5,2,8,2,2,269,2
8276,38,Female,Business,3.98,13,5.19,8,6,0,15,179,8
8277,59,Male,Doctor,3.02,97,8.28,5,9,5,84,294,9
8278,54,Female,Business,1.28,20,4.97,6,3,4,50,95,3
8279,52,Male,Teacher,4.11,18,6.98,2,2,1,6,297,6
8280,33,Female,Student,6.39,78,5.84,8,2,5,118,287,1
8281,33,Male,Student,7.68,91,4.77,3,4,3,31,91,6
8282,31,Male,Designer,8.63,72,5.01,4,7,2,92,52,4
8283,19,Male,Student,7.93,67,5.71,4,3,3,96,36,5
8284,45,Female,Teacher,3.76,68,7.9,5,2,3,63,55,5
8285,27,Male,Teacher,9.41,22,4.62,4,6,4,4,161,5
8286,24,Male,Doctor,7.03,35,6.99,4,9,3,105,218,6
8287,21,Male,Engineer,7.41,65,6.59,4,2,0,112,58,6
8288,45,Male,Engineer,7.77,52,6.82,2,4,0,117,65,9
8289,42,Male,Student,7.5,30,7.77,3,9,2,40,43,7
8290,36,Female,Engineer,9.74,118,6.4,4,2,4,55,242,9
8291,33,Female,Doctor,1.6,86,6.61,5,9,4,87,146,7
8292,28,Female,Designer,9.73,40,7.82,8,5,1,31,289,3
8293,51,Male,Designer,1.54,30,7.38,7,2,5,99,40,1
8294,55,Female,Engineer,5.95,59,6.13,3,7,0,12,286,2
8295,59,Female,Doctor,4.08,33,7.97,4,1,2,36,163,9
8296,32,Female,Engineer,1.14,61,7.67,6,5,1,20,174,2
8297,24,Male,Doctor,8.14,61,4.57,1,5,1,105,248,1
8298,54,Male,Engineer,3.13,77,7.71,9,9,3,113,40,9
8299,26,Female,Engineer,4.91,37,8.92,6,5,4,75,94,7
8300,34,Female,Designer,6.46,5,6.8,7,8,1,57,61,5
8301,32,Male,Engineer,5.27,97,6.45,1,5,2,59,34,3
8302,26,Female,Teacher,8.81,91,7.89,8,4,3,53,189,2
8303,19,Male,Teacher,1.82,102,8.52,1,5,4,88,212,6
8304,18,Male,Doctor,4.4,95,4.05,8,4,1,51,180,7
8305,33,Female,Business,6.67,18,4.8,2,7,3,91,248,8
8306,19,Male,Teacher,2.29,38,5.45,6,5,4,70,266,8
8307,40,Female,Business,9.25,111,5.32,2,1,3,92,294,5
8308,57,Female,Doctor,7.35,107,5.12,4,7,0,64,51,1
8309,36,Female,Engineer,7.48,116,5.29,4,4,2,80,58,1
8310,44,Male,Student,8.86,98,4.31,3,1,0,10,286,9
8311,32,Female,Teacher,6.15,88,8.97,7,5,3,91,80,2
8312,21,Female,Student,8.64,36,8.63,2,8,1,96,242,7
8313,38,Female,Teacher,9.11,5,8.29,1,6,3,115,157,7
8314,44,Male,Student,7.41,15,6.29,8,9,1,46,139,6
8315,38,Male,Teacher,6.05,99,6.01,8,1,4,37,291,4
8316,26,Female,Engineer,6.61,38,4.56,9,7,0,7,288,4
8317,43,Male,Designer,4.99,119,7.54,1,5,5,31,62,2
8318,38,Male,Designer,8.46,18,8.63,1,6,0,112,75,7
8319,41,Female,Teacher,6.69,87,7.58,2,7,0,16,287,9
8320,53,Male,Student,3.3,62,6.07,5,2,3,61,161,8
8321,21,Male,Business,9.15,7,8.91,6,3,0,92,228,5
8322,36,Male,Doctor,8.64,76,5.1,3,5,0,84,192,6
8323,39,Female,Engineer,1.76,32,8.87,3,5,4,61,112,5
8324,30,Female,Doctor,8.8,114,6.9,8,7,2,57,135,9
8325,49,Female,Teacher,8.78,55,8.3,1,8,2,39,127,9
8326,41,Female,Business,3.64,53,7.73,7,5,0,114,43,8
8327,43,Female,Teacher,6.01,76,4.79,3,3,3,48,75,7
8328,35,Female,Doctor,9.95,95,7.19,8,7,5,87,120,7
8329,58,Female,Teacher,6.45,52,8.45,3,4,3,14,86,9
8330,19,Male,Student,4.62,6,6.14,3,8,0,85,215,3
8331,44,Female,Teacher,6.64,27,6.03,4,6,1,93,92,7
8332,49,Female,Doctor,7.56,87,5.36,9,2,2,88,272,4
8333,45,Male,Doctor,9.9,113,9.0,6,1,5,101,40,8
8334,53,Male,Engineer,9.61,112,4.11,6,7,4,103,66,5
8335,29,Female,Student,1.8,113,5.65,6,4,4,93,179,3
8336,57,Female,Engineer,9.86,118,5.09,9,5,1,1,262,8
8337,26,Female,Engineer,8.81,34,7.28,8,1,2,18,96,7
8338,52,Male,Teacher,4.02,80,5.97,6,4,4,22,220,6
8339,35,Female,Teacher,9.14,94,6.07,7,6,2,95,89,1
8340,35,Male,Doctor,4.85,67,4.03,4,2,4,57,236,5
8341,46,Male,Designer,1.4,99,8.43,9,9,0,84,188,2
8342,20,Male,Business,2.94,62,7.36,5,9,0,74,90,3
8343,30,Male,Engineer,6.32,22,4.51,8,8,4,24,288,8
8344,23,Male,Engineer,7.26,36,6.04,5,4,5,26,40,2
8345,21,Male,Teacher,4.5,18,5.52,1,5,5,99,37,2
8346,35,Male,Student,8.44,63,5.0,3,8,5,42,115,4
8347,50,Male,Engineer,8.11,42,4.43,5,5,3,94,179,6
8348,33,Female,Business,6.74,65,8.78,2,5,5,106,271,9
8349,46,Female,Doctor,9.73,57,4.6,9,7,2,31,163,2
8350,26,Male,Designer,4.15,114,5.99,7,7,3,62,221,3
8351,19,Male,Doctor,3.44,11,6.2,6,9,5,41,275,2
8352,52,Female,Designer,6.08,76,6.21,2,3,5,43,238,4
8353,52,Female,Doctor,4.19,15,5.12,7,2,3,8,249,6
8354,24,Female,Teacher,9.45,69,5.68,6,9,2,37,25,7
8355,50,Male,Business,7.63,35,5.14,5,2,3,16,80,3
8356,21,Male,Business,6.75,50,6.52,5,8,1,65,136,9
8357,52,Female,Student,7.93,108,5.62,6,2,3,0,192,8
8358,29,Female,Student,7.19,58,7.18,2,4,0,41,25,3
8359,22,Female,Student,7.55,111,7.3,5,9,2,90,112,1
8360,36,Male,Doctor,9.14,49,7.78,9,9,2,74,98,5
8361,45,Male,Teacher,8.78,48,6.67,8,3,3,72,273,4
8362,31,Male,Engineer,8.89,76,4.7,7,5,4,84,169,9
8363,38,Male,Doctor,8.3,104,4.94,5,1,5,50,163,8
8364,18,Female,Student,4.53,58,6.38,1,7,1,47,100,9
8365,48,Male,Student,8.29,31,4.89,4,6,2,28,216,5
8366,52,Male,Teacher,2.27,106,7.41,1,7,4,11,162,1
8367,59,Male,Doctor,4.6,33,7.38,8,8,4,30,283,7
8368,32,Female,Teacher,3.02,117,6.89,5,8,2,60,72,6
8369,40,Male,Teacher,4.5,90,6.15,5,5,5,15,198,2
8370,48,Female,Business,9.24,48,6.27,6,4,0,87,280,4
8371,28,Male,Engineer,7.31,66,6.05,1,3,4,42,269,6
8372,42,Male,Engineer,6.64,9,5.28,3,3,0,42,162,1
8373,49,Female,Designer,7.49,96,5.7,2,6,1,54,121,9
8374,27,Female,Teacher,2.14,81,7.3,2,7,5,12,245,6
8375,31,Female,Doctor,1.98,38,8.35,7,7,1,69,54,9
8376,20,Female,Doctor,4.43,113,5.89,2,1,0,34,72,5
8377,21,Male,Designer,3.08,71,6.62,8,6,0,40,99,2
8378,34,Female,Designer,4.22,5,8.77,3,3,4,75,143,9
8379,36,Male,Designer,8.85,56,7.54,2,6,5,106,172,2
8380,27,Male,Designer,1.37,93,4.15,6,5,4,38,223,5
8381,59,Male,Designer,5.32,45,4.89,2,7,2,82,285,1
8382,38,Female,Doctor,3.54,28,8.02,1,7,0,113,196,6
8383,20,Female,Designer,1.01,99,4.22,4,6,2,71,134,2
8384,26,Male,Teacher,6.41,100,6.2,8,1,5,64,33,1
8385,43,Male,Student,9.43,80,4.65,4,1,3,100,251,3
8386,44,Female,Doctor,9.52,24,6.63,6,7,3,28,247,1
8387,46,Male,Engineer,3.16,28,4.8,9,7,0,80,194,6
8388,36,Female,Designer,7.44,43,6.13,4,4,2,52,145,4
8389,28,Female,Doctor,1.95,41,7.36,9,1,4,2,176,5
8390,49,Male,Business,8.5,86,6.71,2,3,2,111,262,5
8391,46,Male,Engineer,6.47,114,5.3,8,6,0,69,201,8
8392,46,Male,Doctor,5.83,56,7.57,1,2,3,113,61,9
8393,41,Female,Student,3.58,101,4.26,8,8,2,114,287,9
8394,50,Male,Engineer,5.02,93,6.77,3,4,5,69,203,7
8395,49,Female,Doctor,2.14,84,5.14,9,9,1,37,207,6
8396,34,Female,Doctor,5.19,58,6.69,6,9,1,37,35,9
8397,23,Female,Designer,7.17,9,6.11,2,5,5,39,225,7
8398,20,Male,Business,2.27,108,4.31,8,3,1,117,258,3
8399,20,Female,Student,2.28,23,5.38,1,4,1,97,66,1
8400,25,Male,Designer,1.17,6,8.59,3,2,5,108,136,8
8401,56,Female,Student,9.33,5,6.86,7,5,2,50,66,5
8402,44,Male,Business,2.47,101,4.48,8,7,4,6,156,5
8403,26,Female,Doctor,9.69,91,7.77,9,8,0,88,164,6
8404,55,Female,Student,3.1,21,7.35,4,4,1,116,298,5
8405,23,Female,Business,3.13,42,6.73,5,7,2,76,275,9
8406,29,Female,Teacher,8.38,30,7.65,1,3,4,107,135,3
8407,21,Female,Student,6.67,59,7.58,1,3,0,85,93,1
8408,29,Female,Student,4.79,59,4.15,9,5,0,82,196,2
8409,53,Female,Engineer,4.25,63,6.5,7,6,4,66,163,9
8410,46,Male,Engineer,1.79,89,5.77,1,4,5,20,267,7
8411,54,Female,Designer,5.19,58,8.55,7,4,2,96,210,7
8412,23,Female,Teacher,2.72,78,5.07,1,1,4,60,150,2
8413,54,Female,Engineer,3.75,31,4.26,1,9,4,116,204,4
8414,40,Male,Engineer,3.99,97,5.67,1,4,1,39,26,3
8415,22,Male,Student,9.05,112,4.72,3,4,0,47,40,1
8416,20,Female,Student,8.38,42,8.61,3,7,4,4,111,1
8417,58,Female,Teacher,8.46,5,8.51,6,8,0,53,62,9
8418,54,Female,Teacher,3.37,110,8.03,3,5,0,103,75,8
8419,40,Male,Doctor,6.41,109,8.55,5,5,0,66,71,9
8420,27,Male,Designer,4.6,22,4.28,6,8,1,0,135,4
8421,41,Female,Designer,3.56,53,8.03,4,7,4,68,209,9
8422,54,Female,Doctor,1.8,102,4.16,6,2,1,87,156,6
8423,59,Female,Teacher,5.84,39,6.16,8,1,1,112,220,9
8424,45,Female,Student,2.89,112,5.37,6,1,2,106,93,4
8425,57,Female,Teacher,8.53,13,4.08,8,6,1,109,128,6
8426,39,Female,Teacher,7.56,84,6.06,9,6,0,42,195,3
8427,53,Female,Teacher,6.74,86,5.84,2,6,1,118,24,1
8428,28,Female,Student,3.21,93,4.76,6,1,4,3,67,3
8429,38,Female,Student,4.56,69,5.67,5,9,4,67,108,7
8430,32,Male,Business,8.07,29,8.89,8,1,4,82,174,8
8431,34,Male,Teacher,9.65,38,4.86,5,6,3,37,257,7
8432,33,Female,Business,9.57,56,5.35,3,7,4,74,100,8
8433,19,Female,Doctor,6.44,109,5.55,4,1,3,109,189,7
8434,56,Female,Student,9.66,54,5.88,1,5,2,72,210,3
8435,30,Female,Engineer,8.6,35,6.36,3,4,5,119,274,3
8436,24,Male,Business,1.6,59,8.1,9,8,1,89,287,8
8437,44,Female,Engineer,3.03,61,5.04,2,7,1,97,94,7
8438,46,Female,Engineer,1.23,34,7.4,5,7,2,112,107,1
8439,19,Male,Student,5.31,58,5.19,6,6,1,30,297,8
8440,55,Male,Doctor,2.3,112,6.29,1,8,1,102,185,5
8441,40,Male,Teacher,4.96,9,5.76,3,2,2,81,263,3
8442,36,Male,Engineer,5.07,52,8.95,9,5,3,43,172,8
8443,21,Male,Student,1.8,52,7.47,8,4,5,52,179,7
8444,24,Male,Doctor,8.83,85,6.49,1,6,4,3,44,7
8445,25,Male,Engineer,2.17,12,6.72,1,5,5,31,75,9
8446,19,Female,Designer,3.1,28,5.46,7,7,2,99,265,5
8447,47,Male,Engineer,5.27,33,5.77,3,8,2,31,247,2
8448,29,Female,Business,5.89,80,7.0,3,5,3,115,274,7
8449,55,Female,Business,1.49,99,8.05,3,6,5,11,159,5
8450,21,Female,Engineer,3.56,59,6.98,6,1,3,70,246,5
8451,53,Male,Business,4.51,54,5.35,8,9,0,22,52,3
8452,56,Female,Student,6.6,105,8.57,9,5,0,71,299,7
8453,51,Female,Engineer,5.84,67,5.24,7,7,3,114,111,4
8454,36,Female,Teacher,8.5,35,5.67,8,5,2,75,263,6
8455,23,Male,Teacher,2.1,38,7.35,6,5,5,81,75,7
8456,52,Male,Engineer,5.84,91,6.44,4,3,3,71,258,1
8457,21,Male,Business,4.26,83,5.77,7,1,4,26,247,5
8458,48,Female,Designer,3.74,50,5.85,9,5,5,46,280,1
8459,44,Female,Teacher,6.21,56,5.94,9,5,0,56,48,5
8460,57,Female,Engineer,6.46,101,5.56,5,8,2,22,285,9
8461,31,Male,Teacher,9.57,66,4.07,7,1,4,116,33,9
8462,25,Female,Student,9.67,25,4.6,8,5,0,46,49,5
8463,46,Male,Designer,5.44,29,8.04,6,9,2,65,235,5
8464,21,Male,Teacher,1.96,72,4.05,9,4,1,19,298,1
8465,42,Female,Engineer,8.53,106,5.67,2,9,2,64,152,5
8466,49,Female,Teacher,5.41,28,8.32,8,1,3,43,149,4
8467,45,Male,Engineer,5.55,60,7.35,7,1,4,68,92,7
8468,51,Male,Designer,3.96,64,7.41,3,4,4,1,35,9
8469,57,Female,Business,2.8,53,8.59,3,8,3,82,101,2
8470,43,Female,Teacher,5.99,31,4.1,1,9,1,37,78,5
8471,55,Female,Designer,4.94,85,6.45,2,5,3,94,218,9
8472,50,Male,Student,1.42,112,5.77,2,8,5,119,233,8
8473,32,Female,Business,9.61,66,4.6,3,2,2,1,290,7
8474,59,Male,Teacher,2.75,112,5.56,1,1,2,67,209,4
8475,35,Male,Business,2.43,88,6.86,4,2,5,75,28,5
8476,51,Female,Doctor,2.36,86,8.24,4,3,3,57,49,5
8477,34,Male,Teacher,7.76,40,8.86,4,9,4,49,123,5
8478,51,Female,Student,5.2,102,6.26,9,2,1,83,176,7
8479,27,Male,Engineer,8.56,48,5.8,5,8,5,2,235,8
8480,35,Male,Designer,5.11,24,7.52,4,4,2,68,153,3
8481,20,Male,Designer,7.51,118,7.21,2,7,0,114,60,4
8482,56,Male,Business,5.58,102,5.46,7,4,0,31,294,6
8483,43,Female,Teacher,6.06,27,7.74,1,3,2,111,194,8
8484,40,Female,Business,7.04,91,7.45,9,8,1,42,244,9
8485,33,Female,Doctor,5.97,116,6.43,6,4,3,17,185,1
8486,29,Male,Business,3.27,20,4.24,5,3,5,117,83,5
8487,22,Female,Teacher,8.79,90,5.5,2,6,1,63,56,1
8488,20,Male,Business,9.62,77,6.88,5,8,0,79,210,1
8489,43,Male,Designer,4.3,81,8.79,4,5,2,113,199,3
8490,52,Male,Engineer,9.52,62,7.05,6,1,5,89,78,7
8491,27,Male,Business,6.6,112,8.26,1,2,1,28,70,3
8492,27,Male,Designer,9.24,92,7.7,1,1,3,95,204,8
8493,29,Male,Teacher,5.29,19,4.59,2,2,1,5,88,7
8494,57,Male,Student,5.8,35,4.81,2,7,5,31,218,2
8495,30,Male,Doctor,4.0,85,8.74,8,3,3,52,290,2
8496,58,Male,Doctor,8.72,108,8.35,1,1,0,86,200,9
8497,43,Male,Teacher,4.86,52,4.46,2,3,2,2,47,9
8498,31,Male,Business,6.45,57,4.35,4,7,4,2,196,4
8499,46,Female,Engineer,5.83,89,7.55,4,4,2,43,281,5
8500,34,Female,Student,6.21,75,5.14,9,2,0,100,223,9
8501,23,Female,Teacher,1.28,86,8.56,6,9,3,118,197,2
8502,28,Male,Designer,6.32,106,8.04,3,5,4,89,143,7
8503,42,Male,Designer,9.28,98,4.13,4,6,5,4,174,7
8504,40,Female,Student,3.08,49,5.26,5,3,1,0,222,4
8505,34,Female,Teacher,1.42,28,4.84,7,3,2,113,46,2
8506,53,Female,Student,9.68,5,6.54,9,4,1,34,143,9
8507,19,Male,Business,5.05,76,5.79,1,1,4,6,109,2
8508,34,Male,Teacher,8.41,96,7.52,5,5,3,87,119,4
8509,23,Male,Teacher,9.81,18,8.53,9,6,2,8,69,4
8510,49,Male,Teacher,6.86,119,4.15,2,4,2,118,215,2
8511,37,Male,Designer,9.35,6,4.8,9,1,0,52,63,8
8512,40,Female,Designer,5.72,53,6.97,6,3,1,53,194,1
8513,59,Male,Student,2.52,65,7.37,8,9,3,40,47,9
8514,38,Male,Doctor,8.3,38,8.08,7,3,3,37,64,2
8515,33,Male,Business,4.45,15,6.68,7,1,5,9,145,9
8516,39,Male,Student,8.76,67,6.3,3,5,2,113,254,7
8517,36,Female,Business,3.73,5,7.67,9,3,4,28,281,3
8518,25,Female,Teacher,9.61,6,4.32,4,1,3,80,62,3
8519,39,Female,Engineer,5.66,99,8.91,2,1,1,93,265,5
8520,23,Female,Designer,8.92,75,8.91,1,9,5,86,182,4
8521,58,Female,Doctor,8.58,70,6.56,6,9,0,39,23,1
8522,46,Male,Student,9.07,55,8.14,2,4,4,34,272,8
8523,58,Male,Doctor,5.34,29,4.96,7,4,1,109,265,5
8524,30,Female,Designer,6.56,63,4.58,5,9,1,69,118,1
8525,29,Male,Engineer,3.23,77,7.03,2,5,4,47,190,9
8526,54,Male,Teacher,5.12,6,4.43,2,1,0,8,70,3
8527,30,Female,Doctor,9.29,19,6.37,3,8,4,78,221,5
8528,56,Female,Engineer,6.9,65,6.45,2,7,2,33,101,1
8529,56,Male,Student,9.78,49,6.05,7,9,0,69,109,3
8530,33,Male,Doctor,6.42,42,7.04,6,6,0,52,148,2
8531,39,Female,Engineer,3.39,119,7.09,4,9,0,84,181,3
8532,45,Male,Business,1.56,113,8.83,2,6,2,19,249,7
8533,37,Female,Designer,4.43,54,8.1,6,7,2,59,228,8
8534,54,Female,Business,7.61,108,6.06,5,4,0,1,84,4
8535,37,Male,Business,3.79,34,5.42,3,9,1,64,34,3
8536,56,Male,Teacher,9.52,19,8.17,7,7,3,18,167,8
8537,49,Female,Business,9.2,72,6.1,5,1,2,5,58,8
8538,27,Female,Business,3.87,23,5.09,2,3,3,52,224,7
8539,31,Female,Engineer,4.61,119,8.93,8,6,2,3,252,4
8540,53,Female,Engineer,7.69,57,8.12,9,7,0,11,197,8
8541,46,Female,Engineer,7.4,113,5.15,1,3,5,45,94,1
8542,48,Male,Engineer,4.53,74,8.9,1,9,0,4,202,1
8543,46,Female,Doctor,8.75,75,6.62,9,5,4,60,57,8
8544,29,Female,Business,7.42,92,8.83,5,1,5,56,123,3
8545,46,Female,Student,3.92,29,6.51,4,9,2,72,273,3
8546,37,Female,Business,9.46,52,5.38,6,5,3,5,252,8
8547,27,Male,Business,4.28,72,7.17,4,3,4,53,159,9
8548,54,Male,Business,3.84,7,6.36,6,1,4,56,258,7
8549,54,Male,Doctor,7.6,49,6.11,7,8,3,11,21,1
8550,43,Male,Student,1.48,118,8.79,5,8,5,74,147,7
8551,55,Male,Doctor,8.73,75,5.21,5,5,0,41,36,8
8552,52,Male,Teacher,7.61,40,7.18,3,3,0,9,106,6
8553,20,Female,Teacher,4.22,85,7.81,2,7,0,24,65,1
8554,49,Male,Designer,2.76,109,5.65,9,1,2,101,226,6
8555,47,Female,Engineer,6.12,29,6.35,9,9,0,62,226,9
8556,29,Male,Business,6.74,87,8.73,6,2,3,108,235,8
8557,23,Male,Engineer,6.29,32,4.89,9,1,2,42,259,8
8558,54,Female,Student,6.4,68,5.93,8,7,2,106,255,3
8559,30,Male,Engineer,1.38,90,4.88,6,1,4,25,150,4
8560,45,Male,Business,4.87,118,7.89,4,2,0,109,159,1
8561,21,Female,Business,8.78,118,5.36,2,2,2,32,146,4
8562,43,Female,Engineer,9.26,16,7.56,1,7,1,24,237,7
8563,59,Male,Student,2.19,38,7.54,4,8,4,85,136,6
8564,24,Female,Student,3.91,90,6.95,9,2,1,91,248,1
8565,29,Female,Student,4.37,111,6.5,1,1,0,27,252,8
8566,43,Male,Designer,4.33,39,7.74,5,8,4,48,130,5
8567,25,Female,Business,3.04,44,8.32,1,3,5,82,272,9
8568,31,Female,Engineer,7.41,63,6.34,3,2,1,116,191,1
8569,48,Female,Designer,2.47,116,7.1,1,8,3,89,183,7
8570,26,Male,Doctor,4.94,39,8.29,3,8,2,31,271,6
8571,50,Female,Designer,4.3,39,8.37,4,2,4,77,125,2
8572,43,Female,Teacher,1.42,30,6.7,4,3,1,52,53,7
8573,32,Female,Doctor,1.53,46,8.6,7,7,4,85,159,6
8574,51,Male,Designer,1.06,104,8.11,4,4,3,66,181,4
8575,59,Male,Designer,5.07,76,7.27,1,7,0,53,68,2
8576,51,Male,Designer,7.94,86,8.18,8,7,5,52,31,4
8577,48,Female,Doctor,7.75,92,6.44,1,7,0,107,165,2
8578,48,Female,Engineer,1.61,111,5.73,1,4,2,22,225,2
8579,55,Male,Student,2.55,54,5.25,7,5,5,24,217,7
8580,43,Female,Teacher,5.06,18,4.81,4,4,4,1,298,5
8581,19,Male,Teacher,5.93,27,7.46,8,5,0,14,119,4
8582,50,Female,Business,4.62,92,8.81,9,5,5,86,143,7
8583,32,Female,Business,7.14,68,5.54,8,8,1,0,239,3
8584,54,Female,Business,7.72,113,5.6,9,1,0,41,203,4
8585,36,Female,Student,8.95,42,4.78,2,8,2,10,191,1
8586,54,Female,Designer,6.93,119,5.76,4,6,1,52,116,6
8587,22,Male,Business,7.46,22,4.01,2,9,3,61,228,3
8588,48,Female,Business,1.85,40,4.1,9,8,1,99,157,8
8589,59,Female,Doctor,9.56,10,7.04,9,7,4,15,290,1
8590,28,Female,Business,7.79,109,8.78,6,1,0,11,263,3
8591,32,Female,Teacher,6.72,15,5.15,9,3,2,67,106,8
8592,40,Female,Doctor,7.7,23,8.23,1,9,1,24,86,4
8593,52,Male,Engineer,1.82,27,7.89,9,8,1,74,238,8
8594,50,Female,Business,6.74,53,6.24,2,2,3,17,156,7
8595,53,Male,Business,2.68,76,8.66,8,6,2,96,25,3
8596,38,Female,Business,8.35,91,8.17,2,5,0,118,157,1
8597,32,Male,Student,6.76,28,4.44,7,4,1,22,21,7
8598,45,Male,Business,6.8,34,5.87,7,1,0,37,36,8
8599,27,Female,Engineer,3.75,101,5.49,5,1,4,33,156,7
8600,19,Female,Teacher,5.74,119,4.78,8,6,4,100,71,8
8601,44,Male,Designer,5.17,27,6.66,8,2,3,70,119,8
8602,52,Female,Student,4.93,64,5.78,7,2,2,65,117,1
8603,32,Male,Engineer,2.18,44,7.96,8,9,1,2,142,3
8604,56,Female,Designer,7.3,63,6.24,3,7,0,8,52,3
8605,40,Female,Student,1.71,89,4.33,7,3,0,8,59,6
8606,33,Female,Engineer,1.88,116,8.14,8,8,5,54,208,5
8607,55,Female,Student,1.87,20,4.68,9,3,3,93,255,8
8608,40,Female,Teacher,2.95,10,6.61,3,9,4,76,35,2
8609,21,Male,Business,1.91,24,5.25,6,3,2,63,52,8
8610,38,Male,Student,5.34,99,5.63,2,1,2,23,205,8
8611,18,Female,Designer,4.9,15,4.32,7,6,3,51,265,1
8612,42,Male,Engineer,9.83,47,5.01,6,6,3,17,221,3
8613,48,Male,Teacher,7.26,81,5.46,3,8,4,73,125,2
8614,52,Male,Business,6.82,94,8.99,7,1,4,56,208,8
8615,45,Female,Student,1.05,115,5.01,5,3,0,28,150,6
8616,18,Female,Designer,9.76,118,4.22,5,9,2,33,155,3
8617,42,Female,Teacher,1.18,28,6.16,8,4,0,91,216,4
8618,26,Female,Doctor,1.42,26,7.13,4,1,2,61,154,6
8619,19,Male,Engineer,5.59,38,6.6,8,2,4,3,236,8
8620,35,Male,Student,3.46,47,7.72,3,8,2,69,126,8
8621,30,Male,Designer,7.2,31,4.68,3,5,5,42,81,3
8622,32,Female,Engineer,9.4,54,7.3,6,9,2,68,181,7
8623,30,Male,Business,8.21,75,8.61,9,9,2,45,186,1
8624,59,Male,Business,7.13,49,6.68,9,1,5,64,257,5
8625,31,Female,Designer,4.58,70,6.37,1,9,4,106,172,7
8626,37,Male,Engineer,7.94,33,4.73,6,8,2,87,202,4
8627,51,Female,Business,9.65,67,6.72,9,1,2,18,27,7
8628,35,Female,Doctor,4.78,19,4.88,3,6,5,79,267,9
8629,43,Female,Student,2.1,21,4.27,9,1,1,54,77,7
8630,20,Male,Engineer,9.71,16,5.43,9,3,5,53,175,9
8631,24,Male,Business,9.38,12,7.47,8,7,0,119,288,5
8632,36,Female,Business,1.79,39,7.63,7,2,4,78,288,7
8633,54,Male,Student,8.24,91,9.0,2,7,1,39,71,8
8634,32,Male,Engineer,9.37,87,8.95,1,8,3,91,67,9
8635,27,Female,Doctor,2.84,92,5.48,1,4,2,113,278,4
8636,25,Female,Business,4.9,113,8.96,1,6,1,52,235,6
8637,59,Female,Designer,3.61,57,6.9,1,2,0,49,253,8
8638,36,Female,Engineer,6.51,9,8.77,7,6,1,14,166,4
8639,20,Female,Designer,4.58,88,8.64,9,9,5,42,242,9
8640,29,Male,Designer,5.36,85,7.35,8,2,0,72,107,9
8641,39,Male,Doctor,9.78,112,4.75,6,3,5,115,161,5
8642,41,Male,Designer,5.32,56,7.27,5,4,5,43,67,4
8643,20,Male,Student,5.05,30,8.96,1,6,3,35,200,8
8644,20,Female,Designer,7.64,92,5.56,1,5,1,97,37,9
8645,33,Female,Teacher,7.63,110,8.33,3,9,0,20,205,7
8646,49,Female,Engineer,3.2,89,5.25,5,4,1,60,37,6
8647,54,Female,Engineer,9.94,105,8.95,2,2,3,118,224,5
8648,23,Male,Teacher,5.06,91,5.76,8,4,1,93,210,3
8649,48,Male,Designer,4.97,115,8.28,7,6,0,47,56,2
8650,25,Female,Doctor,1.44,14,4.98,1,3,3,37,280,3
8651,45,Female,Designer,1.55,18,4.3,2,4,5,8,230,4
8652,56,Female,Student,9.95,72,4.05,8,3,2,86,239,2
8653,33,Male,Student,8.08,23,6.76,8,8,0,43,99,8
8654,44,Female,Student,9.67,85,7.64,3,1,2,18,164,1
8655,44,Female,Doctor,7.98,84,7.82,6,5,4,13,152,1
8656,29,Male,Student,1.28,94,7.66,1,3,4,17,262,2
8657,55,Female,Doctor,5.84,45,8.8,2,7,5,50,139,7
8658,22,Female,Designer,6.41,113,8.07,6,3,2,99,290,4
8659,46,Male,Student,2.31,102,5.52,2,5,3,38,148,7
8660,21,Female,Doctor,9.17,33,7.0,3,3,4,81,291,1
8661,58,Female,Business,3.95,90,6.89,7,5,2,40,134,5
8662,24,Male,Engineer,8.44,66,7.63,7,6,0,78,140,3
8663,37,Male,Teacher,1.84,112,4.94,1,5,1,80,62,9
8664,55,Male,Teacher,5.3,64,7.07,3,4,1,66,226,5
8665,46,Male,Engineer,8.31,106,4.57,7,7,0,13,266,2
8666,59,Male,Business,9.87,74,8.65,7,2,1,47,52,9
8667,49,Female,Engineer,7.77,85,7.64,7,5,1,118,27,3
8668,43,Female,Teacher,2.6,76,5.9,6,6,1,21,134,7
8669,44,Male,Designer,3.14,63,7.13,6,6,0,10,246,4
8670,58,Female,Teacher,7.36,18,6.17,6,8,4,48,244,3
8671,51,Female,Business,4.92,118,5.35,9,7,1,37,109,1
8672,25,Female,Teacher,7.76,30,7.79,1,5,4,28,67,6
8673,39,Female,Designer,3.49,98,8.4,6,3,1,74,228,9
8674,20,Male,Engineer,2.61,71,4.67,5,3,4,27,102,9
8675,44,Female,Engineer,6.8,98,5.49,5,6,0,116,265,3
8676,43,Female,Teacher,6.59,111,5.21,4,6,4,78,258,4
8677,49,Female,Student,3.05,5,5.82,8,2,1,26,224,7
8678,43,Male,Engineer,3.24,44,4.38,3,2,5,11,140,5
8679,22,Male,Doctor,5.83,52,6.18,8,3,3,17,91,3
8680,58,Female,Business,3.51,42,7.93,8,8,2,69,292,2
8681,49,Male,Student,2.75,21,4.17,3,8,4,109,44,7
8682,39,Female,Teacher,8.42,28,7.99,1,4,5,38,228,2
8683,25,Male,Student,3.76,105,7.35,1,8,0,83,249,8
8684,43,Male,Engineer,4.69,110,6.92,7,8,4,43,296,1
8685,37,Male,Business,6.12,117,4.59,9,2,4,30,20,1
8686,37,Female,Student,9.68,99,6.8,6,9,4,85,297,8
8687,42,Male,Engineer,7.7,25,4.96,5,2,1,11,120,9
8688,40,Female,Doctor,7.26,29,4.34,4,1,4,55,143,1
8689,53,Female,Designer,1.06,87,7.34,8,3,4,49,172,8
8690,24,Female,Engineer,5.59,47,6.88,5,8,0,21,34,2
8691,39,Male,Doctor,5.28,66,5.52,5,2,4,41,186,7
8692,27,Female,Engineer,3.75,30,4.25,8,7,4,6,155,5
8693,44,Female,Teacher,3.17,68,6.8,9,1,1,53,37,1
8694,48,Male,Business,5.06,85,4.62,2,6,5,41,186,9
8695,55,Female,Teacher,1.15,112,8.38,2,4,1,72,39,8
8696,20,Female,Engineer,6.08,79,5.93,9,8,2,106,178,3
8697,48,Male,Business,4.77,82,4.89,6,9,4,81,35,9
8698,59,Male,Engineer,6.25,98,8.76,2,3,5,35,31,6
8699,23,Female,Business,8.88,34,4.68,5,2,2,103,132,2
8700,46,Female,Teacher,2.9,96,4.09,6,5,2,109,240,3
8701,44,Male,Teacher,8.26,56,7.45,3,2,3,52,292,7
8702,34,Male,Student,2.48,113,6.38,4,5,3,50,58,6
8703,27,Male,Doctor,6.62,30,5.79,8,2,2,51,194,2
8704,54,Male,Designer,3.9,87,5.71,4,6,4,45,156,7
8705,54,Female,Designer,4.28,94,5.65,8,1,1,58,221,3
8706,42,Female,Student,3.07,67,7.79,9,6,3,50,125,7
8707,41,Male,Engineer,2.87,86,5.94,9,2,0,75,110,9
8708,33,Female,Student,2.45,99,4.6,7,9,4,106,143,8
8709,27,Male,Doctor,8.01,30,5.26,8,2,2,82,49,3
8710,57,Female,Business,9.0,16,5.33,3,6,2,21,62,2
8711,33,Female,Student,2.59,78,7.91,4,8,1,81,60,6
8712,43,Male,Teacher,5.03,48,5.41,8,8,4,111,150,5
8713,59,Female,Student,2.05,15,8.14,9,3,1,90,206,8
8714,35,Male,Teacher,9.81,101,8.13,5,3,1,25,296,5
8715,54,Female,Teacher,6.77,93,6.3,3,2,5,71,284,8
8716,20,Male,Designer,5.58,47,4.09,3,1,1,21,177,4
8717,19,Male,Engineer,8.66,78,6.11,3,6,3,78,178,2
8718,36,Female,Engineer,5.37,16,4.7,8,1,4,63,271,6
8719,39,Male,Business,6.79,53,8.98,6,2,1,96,277,1
8720,43,Male,Student,2.87,34,6.26,7,1,3,83,162,5
8721,54,Male,Teacher,4.41,62,8.68,5,9,3,96,159,2
8722,58,Male,Doctor,6.86,102,7.07,6,8,1,47,203,4
8723,31,Female,Engineer,3.31,79,6.0,2,1,2,116,232,5
8724,22,Male,Doctor,1.75,26,6.75,2,8,0,4,285,2
8725,38,Female,Student,1.63,27,6.83,5,6,5,70,57,7
8726,30,Female,Engineer,6.78,62,7.57,9,4,0,45,44,4
8727,30,Male,Teacher,8.68,56,9.0,4,6,2,54,180,9
8728,57,Female,Engineer,7.62,56,7.09,2,2,0,64,270,7
8729,52,Female,Teacher,2.0,21,7.78,8,7,0,110,159,2
8730,47,Female,Student,5.09,9,6.67,6,5,0,66,150,5
8731,58,Female,Engineer,6.36,49,4.05,2,1,4,67,179,7
8732,39,Female,Engineer,5.62,56,8.53,4,4,4,31,226,7
8733,35,Female,Designer,9.49,80,8.99,5,3,0,99,108,8
8734,28,Female,Doctor,3.46,47,8.2,6,8,2,4,243,4
8735,27,Male,Doctor,3.95,80,6.14,5,5,2,2,187,4
8736,54,Male,Designer,2.33,10,8.01,1,2,3,27,218,9
8737,43,Female,Teacher,1.39,63,4.92,2,1,2,43,50,5
8738,39,Male,Business,5.92,113,4.15,5,2,0,58,26,3
8739,56,Male,Business,8.21,52,8.59,1,9,2,6,231,9
8740,45,Female,Engineer,4.59,44,8.47,6,9,2,63,121,9
8741,44,Male,Engineer,7.18,49,4.45,7,6,2,6,181,1
8742,46,Male,Engineer,5.36,9,6.72,9,2,0,109,137,2
8743,20,Male,Designer,8.38,90,4.93,2,1,1,22,176,2
8744,24,Female,Teacher,9.1,103,7.55,8,6,3,6,208,1
8745,20,Female,Designer,5.36,64,8.75,7,7,2,85,70,8
8746,36,Female,Student,4.78,111,6.32,7,6,2,52,258,3
8747,48,Male,Engineer,5.88,52,4.74,1,1,2,112,213,1
8748,22,Male,Engineer,6.52,8,8.73,8,5,3,33,80,5
8749,23,Male,Teacher,4.03,8,7.84,4,6,2,29,123,6
8750,54,Female,Engineer,9.28,43,7.14,2,1,5,102,288,2
8751,45,Female,Doctor,8.09,117,4.08,3,6,4,43,77,6
8752,53,Female,Designer,6.82,87,8.15,8,8,3,92,248,6
8753,33,Female,Doctor,2.71,17,4.81,4,7,0,73,222,9
8754,28,Male,Engineer,2.74,109,7.64,7,1,0,63,158,1
8755,38,Male,Teacher,9.58,102,5.54,1,7,3,109,59,8
8756,39,Female,Teacher,2.56,104,8.67,2,9,1,75,101,5
8757,45,Female,Business,7.98,101,5.45,8,8,2,26,263,1
8758,37,Male,Doctor,5.73,101,7.36,6,7,0,68,46,6
8759,58,Male,Student,4.15,27,6.96,7,6,1,51,99,4
8760,53,Female,Teacher,1.26,97,7.3,7,6,5,44,119,9
8761,41,Male,Engineer,1.27,113,7.21,5,7,3,105,170,3
8762,53,Male,Teacher,7.43,41,4.79,2,9,5,110,187,3
8763,40,Male,Teacher,1.43,8,8.9,3,5,4,4,176,8
8764,36,Female,Doctor,2.52,39,7.5,2,3,0,98,294,9
8765,55,Female,Teacher,3.43,93,4.79,9,3,0,10,43,4
8766,57,Female,Student,6.93,62,5.75,1,8,2,58,106,5
8767,23,Male,Doctor,5.17,25,4.77,9,4,2,107,258,6
8768,31,Male,Student,8.85,55,8.3,4,9,2,106,244,6
8769,31,Female,Student,8.6,13,7.35,6,3,0,51,106,8
8770,47,Female,Engineer,2.65,48,6.11,8,8,0,6,228,4
8771,30,Female,Teacher,1.48,5,6.28,9,7,5,105,94,2
8772,36,Female,Teacher,5.56,62,7.47,4,7,2,59,258,6
8773,47,Female,Engineer,3.66,20,8.22,2,3,3,77,146,4
8774,22,Male,Student,1.79,9,6.55,3,7,2,53,146,4
8775,37,Female,Student,4.89,77,4.45,6,1,1,80,278,3
8776,19,Female,Designer,7.89,100,6.23,6,1,4,6,170,2
8777,21,Male,Designer,7.59,37,7.91,4,5,2,35,44,5
8778,52,Female,Teacher,5.25,113,6.16,3,1,4,51,171,8
8779,27,Male,Teacher,9.38,106,5.33,1,1,2,15,255,5
8780,26,Male,Engineer,5.9,45,8.6,2,8,2,72,121,8
8781,56,Female,Doctor,1.17,51,6.7,1,7,5,38,34,8
8782,37,Male,Teacher,4.41,95,6.51,6,9,1,45,90,3
8783,43,Male,Doctor,1.72,25,4.32,2,6,0,112,20,6
8784,57,Female,Business,2.1,12,4.98,7,2,3,94,271,2
8785,55,Male,Designer,6.75,49,8.52,9,2,4,94,220,3
8786,42,Male,Doctor,6.9,112,4.93,8,6,5,92,240,7
8787,25,Male,Business,3.91,43,8.33,2,4,2,43,197,9
8788,33,Female,Designer,9.47,77,6.73,4,5,5,55,84,9
8789,19,Male,Designer,7.07,96,6.89,5,2,5,67,66,7
8790,26,Male,Business,8.55,91,6.21,8,9,1,31,251,4
8791,41,Female,Business,8.39,93,5.77,3,3,4,20,240,5
8792,33,Female,Business,1.64,54,5.26,6,2,5,23,81,9
8793,24,Male,Doctor,8.74,109,7.78,3,5,2,106,249,5
8794,33,Female,Designer,7.13,84,4.1,3,5,0,2,109,5
8795,42,Female,Engineer,9.55,116,5.39,1,4,4,11,143,1
8796,35,Male,Doctor,9.37,7,5.0,6,7,0,54,124,9
8797,47,Female,Student,6.6,76,5.2,2,2,1,60,212,7
8798,58,Male,Designer,5.17,36,6.5,1,8,0,82,84,3
8799,21,Female,Engineer,3.28,32,7.12,4,8,3,92,227,6
8800,23,Male,Engineer,2.93,85,5.81,2,3,4,25,173,2
8801,53,Female,Student,8.51,30,4.84,4,5,0,55,30,8
8802,37,Male,Doctor,4.22,53,8.2,2,4,4,46,223,3
8803,18,Female,Business,1.68,114,7.47,4,8,0,107,265,5
8804,34,Male,Doctor,7.54,90,5.12,1,5,2,111,107,5
8805,39,Female,Teacher,1.07,83,8.24,6,4,2,27,254,8
8806,32,Female,Teacher,6.48,17,6.14,9,5,2,5,279,1
8807,44,Female,Student,8.2,31,7.68,1,8,2,22,75,4
8808,40,Female,Student,9.13,112,5.66,4,9,3,3,119,5
8809,39,Male,Teacher,4.99,114,6.69,3,5,0,96,196,4
8810,47,Female,Designer,7.74,10,5.03,5,4,3,31,23,8
8811,18,Male,Teacher,3.97,30,5.99,2,5,1,47,292,3
8812,48,Male,Engineer,6.07,116,7.97,6,3,4,111,83,8
8813,58,Female,Designer,1.87,84,6.65,2,3,2,4,134,6
8814,31,Male,Designer,4.45,109,5.87,7,3,2,96,75,6
8815,39,Female,Engineer,7.87,19,6.41,4,7,2,16,196,9
8816,27,Male,Engineer,9.26,103,6.13,5,8,5,10,196,1
8817,50,Female,Teacher,3.45,55,7.63,1,6,1,18,255,5
8818,28,Female,Engineer,7.59,9,8.64,2,6,5,95,182,2
8819,18,Male,Student,1.09,67,6.37,8,7,2,81,252,8
8820,58,Female,Designer,8.45,12,6.28,9,7,1,18,97,2
8821,26,Male,Business,7.17,83,5.1,4,3,2,81,155,3
8822,32,Female,Business,4.28,108,5.07,8,5,4,22,54,6
8823,22,Male,Engineer,3.49,70,6.55,2,7,3,97,171,1
8824,18,Female,Teacher,6.33,24,6.58,7,3,1,22,161,2
8825,42,Female,Teacher,5.92,68,4.78,3,5,0,87,182,8
8826,33,Female,Doctor,9.91,44,5.21,7,4,1,70,273,5
8827,50,Female,Designer,3.26,109,7.91,4,9,2,106,186,8
8828,58,Female,Business,7.89,42,7.07,4,9,2,83,235,5
8829,18,Male,Teacher,8.87,105,6.38,7,5,5,106,276,7
8830,57,Female,Doctor,1.73,94,8.6,6,6,3,61,127,1
8831,23,Female,Engineer,3.42,99,5.18,9,8,0,49,267,9
8832,51,Male,Designer,6.39,81,8.09,4,3,4,94,187,3
8833,47,Female,Engineer,6.86,38,6.42,4,5,5,110,219,3
8834,57,Male,Student,3.71,75,5.29,7,2,1,2,48,6
8835,54,Male,Student,1.91,26,8.27,5,9,1,99,154,1
8836,24,Male,Doctor,2.33,30,5.76,1,1,2,7,208,9
8837,44,Male,Designer,7.68,43,6.68,1,8,0,21,116,5
8838,26,Male,Engineer,7.14,105,4.89,8,7,5,30,183,3
8839,32,Male,Business,9.31,46,4.72,4,7,1,54,278,3
8840,50,Female,Teacher,1.15,109,4.14,2,3,0,103,40,7
8841,35,Female,Doctor,7.44,37,6.31,5,6,0,99,94,6
8842,41,Male,Business,5.39,24,6.79,8,1,4,20,228,4
8843,21,Female,Designer,3.55,70,5.58,9,4,3,75,20,1
8844,45,Male,Student,7.62,33,6.53,1,8,0,95,259,9
8845,33,Male,Doctor,5.31,115,4.3,6,1,2,19,295,6
8846,20,Male,Engineer,6.17,26,4.03,5,7,2,104,144,2
8847,50,Female,Engineer,9.21,93,6.16,1,3,0,83,226,1
8848,38,Female,Engineer,8.6,11,5.52,3,7,0,97,281,9
8849,46,Male,Student,5.48,48,6.27,6,9,1,89,66,1
8850,18,Female,Teacher,7.57,15,7.14,6,4,5,32,234,2
8851,40,Male,Designer,5.27,87,7.53,9,9,5,40,130,7
8852,18,Male,Doctor,5.89,57,6.84,2,2,4,45,53,9
8853,36,Male,Teacher,3.42,61,7.55,4,7,4,31,162,9
8854,40,Male,Business,6.28,31,5.1,7,2,5,31,41,9
8855,29,Female,Teacher,9.66,13,6.06,3,4,5,93,295,9
8856,18,Male,Student,4.23,15,4.79,1,5,0,77,80,8
8857,42,Female,Business,7.69,27,6.76,4,6,0,13,217,9
8858,52,Female,Engineer,5.21,114,4.0,9,8,5,101,143,3
8859,57,Female,Designer,5.12,44,7.15,1,5,4,116,142,6
8860,30,Male,Doctor,6.08,95,7.52,7,4,1,90,107,4
8861,58,Male,Doctor,3.41,11,4.04,6,3,5,77,162,9
8862,26,Male,Designer,2.74,83,5.17,7,8,1,1,286,1
8863,43,Male,Business,4.35,68,5.92,6,5,3,87,129,2
8864,29,Male,Doctor,7.23,70,7.2,2,7,5,59,176,3
8865,46,Male,Designer,4.97,10,8.16,8,9,3,94,73,8
8866,29,Female,Business,5.2,86,5.99,2,7,3,95,198,1
8867,34,Male,Designer,4.98,53,5.19,7,4,3,37,273,9
8868,49,Male,Designer,6.45,24,5.1,4,4,1,77,226,5
8869,58,Female,Teacher,3.32,42,6.71,3,4,1,78,291,9
8870,24,Female,Business,8.95,82,7.65,5,9,0,63,69,8
8871,34,Female,Designer,3.64,10,5.83,5,9,2,30,32,3
8872,58,Male,Designer,5.98,53,4.8,7,5,3,36,89,6
8873,37,Male,Doctor,7.64,107,5.01,3,8,4,35,40,6
8874,46,Female,Engineer,9.75,36,6.82,5,3,3,31,111,9
8875,50,Male,Student,7.36,116,6.64,5,5,3,90,143,8
8876,24,Male,Business,2.57,64,8.17,7,1,2,81,294,7
8877,26,Male,Student,2.99,18,7.03,7,6,3,6,218,7
8878,39,Male,Doctor,7.92,15,6.31,6,2,0,112,246,5
8879,41,Female,Doctor,7.35,45,7.6,7,6,2,0,56,3
8880,56,Female,Student,8.97,21,5.39,3,6,1,75,167,6
8881,57,Male,Business,1.88,14,5.13,9,3,2,101,284,3
8882,50,Male,Designer,5.13,75,8.67,5,7,1,22,116,8
8883,45,Male,Teacher,7.23,80,4.9,2,1,5,48,275,9
8884,25,Male,Business,3.74,98,8.78,5,3,0,79,173,6
8885,29,Male,Student,8.74,18,6.08,3,1,1,24,156,1
8886,44,Male,Designer,5.89,7,5.68,1,1,1,24,107,2
8887,18,Male,Business,3.51,80,5.58,3,6,1,26,103,6
8888,37,Female,Designer,9.06,94,5.94,2,9,4,2,292,1
8889,57,Female,Student,3.16,22,8.17,3,6,5,38,232,6
8890,41,Male,Business,7.41,62,7.02,2,9,5,98,90,9
8891,41,Female,Doctor,7.82,28,5.48,5,4,0,27,107,8
8892,32,Male,Engineer,4.32,37,5.08,9,4,2,83,78,7
8893,59,Female,Business,4.13,25,5.6,2,2,1,96,126,8
8894,58,Male,Teacher,2.05,49,4.49,7,2,5,105,93,7
8895,51,Male,Doctor,4.57,119,8.42,9,1,3,88,114,4
8896,28,Male,Doctor,2.62,31,8.32,9,3,2,24,163,6
8897,31,Female,Designer,6.74,104,7.71,1,8,4,104,119,7
8898,25,Female,Teacher,3.27,103,8.92,9,8,3,74,149,7
8899,45,Female,Doctor,4.02,116,6.89,1,7,4,94,266,4
8900,53,Female,Business,1.46,78,5.56,1,9,5,15,225,4
8901,51,Female,Doctor,8.48,111,5.46,4,6,5,40,122,1
8902,56,Female,Business,1.8,68,8.64,5,4,3,68,84,8
8903,29,Female,Teacher,3.04,13,7.49,7,7,1,26,94,8
8904,41,Female,Teacher,3.85,101,8.25,7,7,2,8,245,1
8905,21,Male,Teacher,8.52,87,6.92,9,3,4,33,209,8
8906,45,Female,Engineer,1.39,56,7.26,9,4,1,115,288,1
8907,24,Female,Business,5.24,78,7.97,9,6,0,37,283,5
8908,37,Female,Business,1.5,40,8.91,9,5,4,89,226,3
8909,55,Male,Teacher,1.4,98,6.51,9,4,5,8,26,9
8910,57,Male,Teacher,6.15,33,5.97,6,7,4,36,45,4
8911,47,Female,Doctor,4.99,80,7.1,7,7,1,34,186,1
8912,51,Male,Engineer,2.83,92,5.57,6,3,5,77,225,8
8913,25,Male,Student,5.58,62,4.53,5,5,5,24,55,7
8914,57,Male,Designer,4.11,99,7.14,3,6,3,53,287,7
8915,39,Male,Designer,1.6,42,5.53,1,4,5,8,30,1
8916,21,Female,Engineer,3.66,118,5.77,5,8,1,86,144,3
8917,29,Female,Student,1.65,81,4.46,1,1,5,64,256,7
8918,33,Female,Student,2.48,92,6.44,2,4,2,36,208,5
8919,59,Female,Business,9.92,67,8.06,9,1,3,118,34,6
8920,51,Female,Doctor,6.88,53,8.75,1,4,2,111,130,2
8921,25,Female,Designer,5.52,29,4.93,7,8,5,46,213,7
8922,23,Female,Teacher,4.95,73,6.35,3,2,2,65,93,7
8923,42,Female,Designer,7.93,93,8.07,6,8,2,18,248,2
8924,44,Female,Student,6.13,91,7.1,3,4,1,51,194,3
8925,35,Female,Student,8.37,74,4.32,6,4,1,71,62,6
8926,25,Male,Engineer,4.45,46,5.88,2,2,5,55,170,5
8927,32,Female,Designer,3.37,45,5.1,4,2,5,12,210,9
8928,21,Male,Business,9.19,19,4.79,1,4,3,87,46,5
8929,49,Male,Student,8.58,16,5.93,7,9,1,58,255,7
8930,48,Male,Student,5.72,11,4.12,2,5,5,101,84,7
8931,39,Female,Student,4.92,112,8.76,9,6,2,82,186,3
8932,29,Male,Doctor,9.43,98,7.13,7,9,2,27,265,5
8933,39,Female,Engineer,6.08,10,7.51,5,7,0,13,107,6
8934,18,Male,Student,5.45,105,6.82,1,8,1,44,284,7
8935,38,Male,Teacher,9.6,40,7.25,4,8,5,7,257,4
8936,45,Female,Engineer,5.51,29,7.22,7,1,2,75,222,7
8937,56,Male,Doctor,1.46,63,5.37,4,2,3,98,39,1
8938,57,Female,Teacher,8.35,25,7.64,8,4,1,28,284,9
8939,35,Male,Teacher,1.37,83,6.8,5,4,3,7,133,1
8940,48,Male,Engineer,6.52,36,4.66,9,4,5,88,67,5
8941,28,Male,Student,4.95,52,6.11,9,4,5,68,151,4
8942,51,Male,Business,9.55,51,6.27,8,3,3,43,94,3
8943,57,Female,Engineer,3.92,11,8.19,1,9,1,50,31,7
8944,55,Female,Student,8.27,19,4.08,2,5,5,88,264,2
8945,34,Male,Engineer,8.7,21,5.96,1,9,0,95,293,3
8946,43,Male,Teacher,8.17,29,8.84,2,8,2,17,130,6
8947,52,Male,Engineer,5.59,84,6.84,2,1,0,60,22,6
8948,30,Male,Engineer,8.89,96,7.79,9,6,3,30,202,5
8949,40,Female,Student,7.61,12,7.95,3,4,0,102,27,4
8950,38,Male,Student,5.25,10,8.57,8,5,4,42,232,1
8951,18,Female,Student,5.09,80,6.51,6,3,2,45,74,6
8952,45,Male,Doctor,6.1,91,5.12,1,5,1,31,210,6
8953,49,Female,Teacher,9.12,20,6.73,8,3,3,11,97,1
8954,22,Male,Business,2.77,49,6.51,6,6,5,56,272,9
8955,49,Female,Designer,6.92,58,4.75,7,2,3,59,137,5
8956,47,Male,Teacher,4.17,24,6.93,7,8,1,91,145,9
8957,49,Female,Business,1.45,78,8.57,3,7,4,53,127,3
8958,26,Male,Student,2.75,98,6.29,1,2,2,92,56,7
8959,48,Female,Business,3.15,97,7.37,4,8,2,50,246,5
8960,39,Female,Student,2.63,38,6.44,6,4,1,84,217,1
8961,46,Female,Business,1.96,103,6.62,2,5,1,119,46,9
8962,31,Male,Student,7.81,99,5.68,9,1,3,14,273,5
8963,20,Female,Engineer,2.08,51,4.4,9,8,3,77,288,7
8964,47,Female,Student,1.82,105,8.99,4,4,5,95,71,6
8965,54,Female,Student,1.39,67,5.87,1,2,5,59,173,1
8966,30,Female,Business,4.51,113,4.85,1,2,5,78,189,7
8967,26,Male,Doctor,3.47,47,7.66,7,8,2,97,86,6
8968,27,Female,Designer,7.59,117,7.17,7,5,1,76,45,7
8969,58,Female,Student,2.3,59,8.85,5,7,0,5,99,4
8970,53,Female,Teacher,5.34,109,4.26,4,1,2,43,33,3
8971,33,Male,Teacher,3.81,11,7.7,6,5,4,24,44,8
8972,40,Male,Business,7.41,8,8.0,6,8,3,57,283,3
8973,58,Male,Engineer,7.33,101,6.28,2,9,2,18,109,1
8974,26,Male,Designer,2.76,100,4.56,7,9,5,11,73,5
8975,30,Male,Designer,6.69,76,4.4,2,2,0,84,97,7
8976,21,Female,Business,8.95,45,8.19,2,1,3,70,158,5
8977,27,Male,Teacher,9.32,19,6.82,7,4,5,56,117,1
8978,49,Female,Doctor,2.81,19,4.89,1,4,5,10,99,4
8979,21,Female,Doctor,5.17,83,4.89,9,2,3,113,127,1
8980,37,Male,Teacher,6.04,50,4.16,6,2,4,38,160,8
8981,18,Male,Business,8.46,58,8.36,1,5,0,76,41,9
8982,58,Female,Teacher,7.68,17,8.51,7,7,5,92,52,3
8983,50,Male,Student,9.38,38,8.13,4,4,0,43,177,9
8984,57,Male,Business,1.99,40,5.88,9,5,4,25,188,6
8985,26,Female,Designer,2.01,99,4.35,6,5,5,44,172,4
8986,46,Female,Doctor,6.05,95,7.6,9,9,5,26,220,5
8987,26,Female,Engineer,7.61,55,6.99,3,8,1,10,74,5
8988,18,Female,Doctor,6.72,62,4.3,9,6,3,34,61,5
8989,34,Male,Engineer,5.52,5,5.26,1,1,3,23,102,7
8990,35,Male,Doctor,6.71,62,4.78,1,8,1,58,34,2
8991,31,Female,Student,3.23,16,8.09,5,7,4,20,70,8
8992,43,Male,Business,2.86,110,7.73,1,8,5,76,293,4
8993,20,Male,Student,2.64,38,4.82,5,5,3,5,125,6
8994,38,Male,Doctor,2.67,117,5.86,7,5,2,51,49,4
8995,58,Male,Doctor,5.52,31,8.44,2,9,0,60,185,2
8996,35,Male,Business,7.4,45,8.63,3,8,3,2,88,1
8997,42,Male,Engineer,7.4,85,6.43,4,5,3,83,41,8
8998,29,Female,Student,8.53,96,8.39,4,4,2,12,74,8
8999,48,Male,Engineer,3.19,14,6.51,3,8,5,2,249,9
9000,25,Female,Designer,6.14,77,8.22,2,9,2,98,112,6
9001,36,Female,Teacher,3.25,110,8.39,8,9,2,8,55,8
9002,40,Male,Student,7.82,26,4.09,6,4,2,39,123,9
9003,55,Male,Engineer,2.01,114,8.28,4,4,2,68,281,8
9004,44,Male,Doctor,8.1,39,7.3,6,9,4,113,295,5
9005,40,Male,Engineer,1.4,14,4.39,6,8,2,113,233,1
9006,21,Male,Student,1.37,85,7.55,5,9,0,60,143,1
9007,39,Female,Student,3.44,38,6.74,4,8,2,48,54,7
9008,53,Female,Engineer,5.77,39,4.08,7,8,2,62,263,2
9009,31,Male,Engineer,7.82,104,6.57,4,1,0,10,221,1
9010,51,Male,Doctor,8.25,22,4.53,4,8,0,30,290,2
9011,51,Male,Business,4.93,75,7.13,4,4,2,57,50,2
9012,25,Male,Doctor,3.05,96,4.31,2,2,4,22,180,7
9013,41,Female,Doctor,4.58,72,4.55,6,4,1,93,298,7
9014,19,Female,Designer,9.94,105,4.73,6,5,2,40,113,4
9015,57,Male,Student,4.96,22,7.06,5,1,2,42,151,5
9016,42,Male,Teacher,4.72,42,7.26,2,3,5,109,34,5
9017,59,Male,Designer,5.01,15,8.65,4,8,0,64,288,5
9018,24,Male,Teacher,2.26,48,4.65,6,8,5,77,204,6
9019,49,Female,Doctor,6.89,104,7.89,1,9,3,80,83,5
9020,53,Male,Doctor,8.24,32,4.69,4,3,2,79,296,5
9021,48,Female,Designer,2.98,100,7.01,3,9,0,98,279,3
9022,52,Female,Engineer,9.67,37,5.74,7,9,3,116,136,5
9023,25,Female,Engineer,1.32,111,6.65,6,5,1,11,156,6
9024,35,Female,Student,7.6,114,6.15,8,4,3,17,233,9
9025,20,Female,Doctor,9.28,26,4.1,8,8,5,25,277,7
9026,50,Male,Designer,3.59,11,8.43,9,5,1,15,233,3
9027,45,Male,Student,6.82,44,4.92,2,5,4,84,183,9
9028,50,Female,Teacher,2.35,61,4.47,8,2,4,114,299,8
9029,35,Female,Doctor,2.99,15,4.89,4,1,3,40,272,3
9030,35,Female,Doctor,7.81,32,6.14,5,6,1,53,101,5
9031,48,Male,Student,6.33,99,4.86,7,2,4,17,86,3
9032,48,Female,Doctor,3.13,45,4.51,6,8,1,42,150,6
9033,29,Female,Engineer,9.98,11,7.53,3,9,5,115,261,3
9034,49,Female,Designer,9.83,89,6.97,5,5,0,7,30,6
9035,35,Male,Teacher,2.3,62,6.35,8,1,1,82,141,5
9036,29,Female,Business,4.91,35,6.13,9,4,0,18,89,7
9037,35,Male,Teacher,2.15,97,7.03,2,4,5,21,269,6
9038,35,Female,Teacher,9.5,82,8.31,8,7,4,5,124,3
9039,56,Female,Student,8.72,13,8.28,8,4,2,37,238,9
9040,36,Male,Business,2.16,78,6.36,9,8,4,39,23,8
9041,22,Male,Engineer,2.54,79,5.81,6,8,5,80,229,1
9042,55,Female,Student,1.97,77,5.07,1,6,5,79,234,3
9043,31,Male,Teacher,4.48,94,8.16,8,2,5,29,75,8
9044,48,Female,Designer,1.49,110,4.27,1,7,2,41,254,1
9045,55,Male,Teacher,5.16,61,6.24,2,9,0,36,94,9
9046,53,Female,Engineer,3.45,81,7.79,5,3,2,110,71,7
9047,18,Male,Designer,7.57,74,6.64,9,9,0,92,134,6
9048,28,Male,Designer,8.09,62,8.35,9,1,5,84,240,3
9049,21,Female,Engineer,2.59,73,4.77,2,9,4,37,215,5
9050,48,Female,Engineer,8.1,109,6.53,6,9,1,91,218,3
9051,33,Female,Doctor,6.74,106,7.59,4,9,1,10,214,1
9052,44,Male,Doctor,1.74,23,4.45,9,3,2,98,256,9
9053,26,Female,Doctor,9.62,60,7.82,8,6,0,93,147,8
9054,18,Male,Doctor,8.82,82,8.52,5,2,0,100,134,7
9055,50,Female,Engineer,5.96,44,6.6,8,2,2,89,58,1
9056,30,Female,Student,1.92,117,7.21,3,5,5,59,256,6
9057,51,Male,Student,4.62,12,6.58,1,6,3,17,214,5
9058,38,Female,Teacher,6.07,95,4.36,6,5,3,84,275,1
9059,45,Male,Business,4.38,43,4.9,8,7,5,32,154,2
9060,44,Male,Business,3.64,78,4.1,7,2,4,35,154,3
9061,42,Male,Business,9.79,65,4.24,7,1,3,66,170,5
9062,47,Male,Business,2.28,5,5.86,5,4,3,95,289,9
9063,49,Male,Teacher,4.19,92,5.47,8,5,1,109,46,8
9064,18,Male,Doctor,2.44,115,4.46,7,8,0,102,43,6
9065,24,Male,Doctor,3.55,21,7.19,1,4,5,16,230,8
9066,46,Male,Student,2.22,50,4.51,9,5,5,103,186,7
9067,51,Male,Designer,9.39,10,8.96,3,3,3,35,25,3
9068,29,Male,Business,4.86,51,6.79,1,4,3,23,67,8
9069,45,Female,Teacher,3.34,74,6.67,8,6,2,7,214,2
9070,26,Female,Teacher,6.85,7,6.23,5,9,2,53,97,8
9071,52,Male,Designer,1.75,82,7.4,8,3,1,114,141,3
9072,57,Male,Teacher,1.61,58,8.17,5,1,4,102,270,4
9073,32,Male,Engineer,5.66,41,4.73,5,8,2,16,96,5
9074,47,Female,Engineer,4.57,38,6.91,5,9,0,87,41,8
9075,44,Female,Engineer,3.81,16,5.86,6,9,1,80,120,4
9076,49,Male,Designer,1.44,105,8.85,7,9,1,13,136,3
9077,31,Female,Designer,5.07,94,7.51,1,1,2,88,175,5
9078,38,Male,Student,8.27,56,4.96,7,6,1,86,153,1
9079,38,Female,Doctor,9.27,75,8.08,5,7,2,69,240,7
9080,26,Male,Engineer,9.59,62,5.12,1,1,2,59,27,7
9081,27,Male,Teacher,7.33,103,6.33,3,5,3,34,192,6
9082,45,Female,Designer,1.36,60,7.87,9,6,1,25,146,1
9083,45,Male,Student,1.77,12,6.45,2,2,3,38,124,4
9084,50,Female,Teacher,2.96,44,4.46,1,1,4,35,163,7
9085,58,Female,Teacher,1.19,54,4.62,9,7,5,9,156,6
9086,35,Male,Teacher,4.81,78,7.63,4,3,4,73,172,8
9087,32,Male,Engineer,3.67,84,6.49,9,4,0,98,255,9
9088,33,Male,Engineer,4.53,49,5.04,4,5,2,44,24,4
9089,36,Female,Student,9.64,105,4.32,9,7,1,55,97,6
9090,25,Male,Engineer,5.85,96,7.27,6,6,0,72,187,1
9091,47,Male,Engineer,4.57,54,7.4,1,7,3,39,284,3
9092,27,Male,Designer,5.56,104,8.06,2,9,5,85,229,1
9093,24,Female,Doctor,2.26,8,5.36,8,6,3,1,185,9
9094,57,Male,Designer,8.65,8,8.19,8,3,3,29,191,8
9095,48,Male,Teacher,8.42,115,8.9,3,4,1,22,111,5
9096,56,Female,Teacher,5.42,71,6.96,3,3,0,112,162,9
9097,52,Male,Designer,6.93,118,8.53,7,1,2,105,229,1
9098,37,Female,Designer,4.35,65,4.81,9,1,4,67,250,1
9099,56,Female,Teacher,8.08,49,7.35,1,8,1,93,272,4
9100,37,Male,Student,7.86,114,7.23,5,7,4,107,172,2
9101,39,Female,Designer,6.58,45,7.06,7,2,1,2,188,7
9102,25,Female,Engineer,2.42,55,8.92,7,1,5,92,276,9
9103,56,Male,Teacher,3.51,54,8.8,3,2,4,40,95,6
9104,21,Male,Engineer,4.47,15,7.7,9,2,0,57,276,3
9105,24,Male,Student,8.74,112,5.01,3,2,3,3,270,2
9106,20,Male,Teacher,6.67,69,8.86,9,9,4,111,45,5
9107,40,Male,Engineer,7.77,49,6.84,7,4,4,101,128,5
9108,36,Female,Doctor,7.26,110,5.52,1,1,2,105,162,7
9109,44,Female,Student,7.0,73,7.62,5,8,4,27,172,5
9110,50,Female,Teacher,3.52,114,4.71,9,6,4,86,64,4
9111,29,Female,Teacher,9.09,86,8.49,2,9,3,95,285,1
9112,35,Male,Doctor,3.24,10,8.3,4,8,2,45,200,6
9113,37,Male,Doctor,1.83,13,5.0,2,4,1,53,115,2
9114,55,Male,Student,4.84,43,4.02,4,9,1,36,20,2
9115,35,Male,Designer,9.61,52,8.71,9,4,0,80,262,2
9116,24,Male,Doctor,2.77,73,8.61,6,8,3,35,51,8
9117,23,Male,Teacher,4.44,15,5.45,8,5,2,86,184,4
9118,52,Male,Engineer,6.98,94,6.47,5,5,0,59,110,7
9119,23,Female,Doctor,4.22,95,8.96,4,7,4,69,226,1
9120,47,Female,Business,3.42,54,6.81,2,8,3,45,27,3
9121,41,Female,Student,6.6,50,7.66,6,7,1,93,33,9
9122,43,Male,Engineer,1.73,95,7.88,7,6,3,62,77,6
9123,23,Female,Engineer,9.97,113,8.73,4,4,0,8,84,5
9124,58,Male,Engineer,4.01,20,7.79,2,3,5,65,46,9
9125,51,Female,Doctor,2.67,75,8.13,8,3,2,82,61,1
9126,29,Female,Student,1.6,13,5.48,7,4,4,70,140,9
9127,47,Female,Designer,9.76,15,6.3,1,5,4,39,79,5
9128,37,Female,Doctor,3.35,53,5.58,2,5,0,10,171,4
9129,59,Male,Engineer,9.35,25,5.4,5,8,0,4,228,4
9130,47,Male,Designer,9.17,67,7.1,3,2,4,44,190,1
9131,28,Male,Teacher,1.05,5,4.7,4,8,2,19,66,4
9132,32,Female,Doctor,3.69,79,4.16,2,4,1,4,104,7
9133,33,Male,Designer,6.32,42,6.31,8,3,0,44,259,2
9134,34,Female,Student,4.64,91,7.0,3,3,4,119,63,3
9135,42,Female,Engineer,7.72,61,7.24,6,5,5,4,183,2
9136,34,Male,Teacher,6.71,63,4.73,9,7,1,45,132,6
9137,28,Male,Engineer,4.76,34,8.78,4,7,2,18,57,7
9138,26,Female,Student,7.29,74,5.7,7,3,2,91,127,6
9139,52,Male,Designer,5.45,74,7.88,9,3,5,30,143,2
9140,18,Female,Business,3.98,82,8.27,6,2,2,37,177,3
9141,18,Female,Designer,5.36,94,8.33,2,9,1,53,222,7
9142,38,Female,Student,1.26,113,5.94,9,4,0,84,101,4
9143,41,Male,Designer,5.8,112,7.84,8,2,0,87,262,3
9144,55,Male,Teacher,7.56,47,6.25,3,9,2,103,226,9
9145,58,Female,Student,9.66,47,6.31,5,6,0,68,21,5
9146,53,Male,Designer,3.34,49,5.19,5,9,4,45,172,7
9147,19,Female,Business,1.4,24,7.78,8,7,2,67,192,5
9148,25,Male,Business,7.48,56,8.79,3,4,3,63,249,7
9149,57,Male,Business,4.91,112,7.26,8,5,3,107,215,9
9150,35,Male,Teacher,1.76,118,4.2,2,4,4,12,219,2
9151,35,Female,Designer,6.63,109,5.44,7,7,3,45,25,9
9152,18,Female,Doctor,3.84,45,5.34,2,8,1,79,104,3
9153,49,Male,Business,7.25,76,4.97,1,4,2,104,108,5
9154,32,Male,Designer,8.02,100,8.17,6,6,3,99,170,9
9155,39,Male,Engineer,5.55,100,8.56,8,1,1,65,269,7
9156,19,Male,Doctor,3.36,79,7.92,3,2,0,23,210,1
9157,29,Female,Engineer,2.99,72,8.19,7,5,4,19,247,3
9158,53,Male,Student,6.84,18,5.52,8,1,3,45,214,3
9159,19,Female,Teacher,8.97,112,6.69,8,1,0,69,181,1
9160,41,Female,Business,2.7,53,6.9,2,4,4,22,158,3
9161,27,Male,Teacher,1.05,26,5.32,8,3,5,29,72,2
9162,28,Female,Doctor,9.41,24,6.6,2,3,2,82,83,9
9163,32,Female,Engineer,2.21,109,6.54,2,8,1,46,277,7
9164,25,Male,Designer,9.68,119,6.15,7,6,2,21,143,2
9165,39,Female,Student,7.53,57,5.44,7,9,3,91,63,6
9166,38,Female,Student,7.31,33,5.77,5,3,0,105,81,1
9167,30,Female,Engineer,1.13,36,7.49,5,2,3,72,296,3
9168,55,Female,Teacher,1.21,49,6.91,5,8,4,26,39,7
9169,49,Male,Designer,1.25,15,6.45,6,8,4,34,168,5
9170,40,Male,Teacher,2.03,93,8.13,6,4,5,79,143,3
9171,58,Male,Student,8.51,85,6.21,8,8,3,14,50,6
9172,26,Female,Designer,9.08,11,8.94,4,7,2,112,216,1
9173,23,Female,Engineer,4.12,68,6.2,9,3,4,79,124,3
9174,45,Male,Engineer,3.05,96,6.39,1,9,2,52,299,6
9175,19,Female,Student,4.36,97,7.65,5,6,3,40,196,2
9176,18,Male,Teacher,3.97,27,4.91,4,2,4,68,211,3
9177,54,Female,Teacher,3.77,50,7.14,3,7,1,28,88,3
9178,51,Female,Doctor,7.3,7,5.56,9,4,1,22,88,1
9179,45,Male,Designer,4.86,6,5.05,3,5,3,108,50,3
9180,33,Male,Business,8.01,76,5.83,4,6,4,6,173,2
9181,46,Female,Teacher,8.67,54,7.67,9,7,4,91,140,3
9182,31,Male,Designer,1.75,38,8.21,5,4,1,75,30,8
9183,28,Female,Business,6.16,20,4.11,6,9,3,36,237,4
9184,53,Male,Designer,8.7,65,8.23,8,3,4,34,56,7
9185,50,Male,Doctor,4.62,16,6.28,3,1,1,0,31,2
9186,36,Male,Business,6.36,96,8.41,2,9,3,17,74,7
9187,20,Female,Doctor,2.74,89,6.51,6,9,5,3,113,7
9188,39,Female,Student,3.79,62,6.34,3,9,3,31,218,3
9189,32,Female,Engineer,1.36,106,6.03,2,1,2,28,126,1
9190,52,Female,Business,1.58,31,6.63,3,4,4,60,298,3
9191,36,Female,Engineer,6.59,63,5.79,2,5,1,94,229,5
9192,32,Male,Engineer,4.8,56,5.75,4,6,0,23,162,2
9193,28,Male,Teacher,8.65,71,7.95,8,7,5,34,273,7
9194,49,Male,Doctor,7.46,18,4.33,4,2,3,51,50,3
9195,42,Female,Teacher,6.0,75,4.25,5,9,5,90,294,9
9196,57,Male,Business,2.46,103,8.46,7,9,1,77,125,4
9197,35,Male,Business,5.57,55,7.15,3,2,4,3,254,2
9198,32,Female,Doctor,5.2,20,6.18,6,8,4,83,117,8
9199,55,Female,Engineer,6.11,13,6.91,9,3,0,46,261,2
9200,34,Male,Designer,2.4,7,8.0,2,7,5,6,60,7
9201,18,Female,Teacher,2.55,14,5.98,9,1,3,24,67,7
9202,47,Male,Student,5.41,36,6.87,3,4,0,26,143,5
9203,32,Female,Teacher,4.19,109,5.66,6,3,3,116,137,2
9204,27,Male,Business,2.87,95,8.8,3,7,3,69,251,4
9205,44,Female,Student,3.2,74,6.71,9,4,2,3,242,1
9206,22,Male,Engineer,8.87,59,5.83,3,7,3,80,137,9
9207,42,Female,Student,5.69,102,8.46,1,5,5,2,260,6
9208,29,Female,Teacher,1.75,60,7.81,9,2,1,1,252,3
9209,57,Male,Student,2.94,107,6.35,8,6,1,32,229,3
9210,59,Male,Doctor,6.28,74,4.36,8,1,5,100,270,3
9211,30,Female,Doctor,7.9,48,8.88,5,1,4,86,226,1
9212,51,Male,Business,3.6,40,7.04,2,5,5,84,94,5
9213,38,Male,Teacher,2.85,88,7.25,4,4,5,53,148,3
9214,21,Male,Business,7.54,46,4.48,6,1,5,39,31,8
9215,31,Male,Doctor,9.75,86,5.66,4,7,1,74,127,9
9216,45,Female,Teacher,2.67,57,5.66,2,7,5,28,75,8
9217,48,Male,Business,6.62,100,6.15,1,1,1,27,129,6
9218,40,Female,Business,8.94,47,5.66,6,2,1,82,123,2
9219,29,Male,Designer,5.15,90,8.16,2,3,0,111,254,2
9220,33,Female,Student,9.98,103,8.17,1,6,5,1,38,9
9221,48,Male,Engineer,2.26,15,7.74,5,5,5,57,125,5
9222,51,Male,Teacher,4.7,85,6.86,3,9,0,112,67,5
9223,21,Male,Student,2.2,24,4.46,6,1,3,116,175,3
9224,57,Female,Business,8.25,33,6.46,1,8,2,84,55,4
9225,44,Female,Business,1.72,10,7.79,1,6,2,116,76,3
9226,39,Male,Engineer,9.21,20,4.58,6,5,0,30,296,3
9227,43,Male,Engineer,6.56,114,7.76,2,8,4,110,233,7
9228,42,Male,Engineer,4.27,108,8.23,6,3,3,55,90,9
9229,32,Male,Doctor,1.41,81,7.73,8,5,1,110,233,5
9230,50,Male,Doctor,1.32,42,7.0,3,3,0,6,112,7
9231,55,Female,Designer,8.99,62,4.01,8,5,1,24,129,4
9232,45,Male,Doctor,8.38,80,4.34,8,3,3,62,235,9
9233,18,Male,Business,4.24,114,5.28,1,6,1,42,80,3
9234,26,Female,Designer,3.17,17,6.56,7,8,5,26,101,7
9235,38,Male,Student,8.45,70,5.38,1,4,5,40,158,6
9236,50,Male,Teacher,4.32,95,6.01,7,7,3,112,243,6
9237,56,Female,Business,4.07,20,6.75,1,9,4,64,113,2
9238,58,Male,Teacher,3.27,63,8.91,8,8,5,45,60,3
9239,31,Female,Teacher,4.12,39,5.63,3,7,0,71,66,1
9240,51,Female,Engineer,8.99,42,7.4,6,1,0,89,60,4
9241,20,Male,Designer,9.29,117,8.28,9,4,4,97,274,7
9242,19,Male,Teacher,9.8,22,4.48,2,2,3,48,292,1
9243,27,Female,Doctor,7.96,61,8.87,7,3,0,92,299,7
9244,36,Female,Business,3.88,44,5.18,4,8,5,72,194,3
9245,49,Male,Designer,3.13,71,7.05,8,6,0,1,128,9
9246,45,Female,Doctor,1.68,58,4.63,6,5,5,1,264,4
9247,49,Female,Designer,1.62,6,4.31,3,9,2,81,184,7
9248,24,Male,Business,2.2,17,6.7,8,8,0,33,70,8
9249,25,Female,Student,3.6,113,6.6,4,9,0,10,195,6
9250,18,Female,Designer,2.67,92,5.93,4,1,4,44,71,7
9251,31,Male,Engineer,6.22,58,6.81,2,2,3,8,260,6
9252,57,Female,Teacher,3.06,112,4.76,6,7,3,5,44,7
9253,23,Male,Teacher,1.24,112,7.97,4,7,3,5,284,1
9254,34,Female,Teacher,7.91,18,8.2,5,1,1,117,146,9
9255,34,Female,Engineer,8.73,102,4.47,9,5,4,49,285,3
9256,57,Male,Engineer,2.95,88,4.04,6,4,3,115,45,7
9257,31,Female,Teacher,6.7,71,5.27,3,6,5,115,72,8
9258,38,Male,Teacher,5.81,29,7.18,9,5,0,108,212,4
9259,50,Male,Student,8.44,38,5.9,5,8,4,89,270,5
9260,32,Male,Designer,4.03,84,4.11,1,1,2,70,159,7
9261,21,Female,Student,1.09,37,8.96,6,3,5,34,208,2
9262,54,Female,Doctor,6.62,34,5.44,2,7,3,99,30,5
9263,46,Female,Student,8.04,86,5.82,3,8,3,28,162,6
9264,58,Female,Engineer,1.22,84,6.25,7,8,0,72,41,8
9265,43,Male,Student,4.94,72,7.84,1,9,4,50,205,5
9266,24,Female,Doctor,6.58,108,5.14,5,9,2,108,187,9
9267,22,Male,Doctor,2.27,114,8.69,4,6,2,69,41,6
9268,27,Male,Teacher,7.6,58,8.81,8,7,3,84,209,2
9269,23,Female,Doctor,6.9,25,8.47,5,6,2,85,215,5
9270,46,Male,Student,9.85,56,4.37,8,6,0,101,265,9
9271,46,Female,Doctor,9.26,101,8.65,4,3,4,32,192,6
9272,53,Female,Business,3.27,116,8.93,8,5,2,97,284,4
9273,39,Male,Doctor,9.77,19,8.6,6,6,0,109,143,7
9274,41,Female,Business,8.42,35,6.67,3,7,5,119,128,6
9275,40,Male,Teacher,4.94,19,7.45,7,1,5,35,74,5
9276,47,Female,Doctor,1.41,46,5.99,8,7,2,116,133,1
9277,39,Male,Teacher,2.47,6,8.65,1,3,5,73,62,8
9278,20,Female,Engineer,1.37,33,8.18,2,2,5,26,71,7
9279,52,Female,Student,3.12,41,6.74,2,6,3,26,295,8
9280,54,Male,Business,7.82,115,8.88,2,7,4,70,198,8
9281,47,Female,Teacher,8.89,57,5.1,8,8,2,105,283,5
9282,31,Female,Student,9.37,48,4.59,4,5,0,80,106,6
9283,23,Male,Teacher,8.44,57,7.37,9,9,2,107,267,3
9284,33,Female,Teacher,3.54,108,8.87,4,4,2,21,33,1
9285,25,Male,Engineer,7.01,16,6.7,1,4,3,59,126,6
9286,18,Male,Doctor,4.97,57,8.67,6,1,4,66,275,4
9287,35,Male,Business,6.65,37,6.42,2,8,2,19,274,4
9288,45,Female,Student,8.45,54,5.33,3,6,3,64,213,6
9289,22,Female,Engineer,5.7,113,7.63,5,8,4,9,265,9
9290,57,Male,Teacher,5.4,76,4.3,4,9,5,47,283,2
9291,41,Female,Teacher,6.27,115,4.94,9,9,0,66,101,5
9292,19,Male,Business,3.82,110,7.0,4,7,4,6,211,2
9293,21,Male,Student,2.6,52,5.63,4,3,0,43,125,3
9294,21,Female,Business,3.51,75,5.42,9,5,0,79,57,4
9295,53,Female,Teacher,3.81,108,6.8,5,9,1,112,68,6
9296,36,Male,Student,8.21,109,6.57,3,4,2,61,201,7
9297,24,Female,Designer,8.72,53,6.76,1,9,0,83,108,1
9298,21,Male,Designer,7.81,98,8.76,4,5,5,102,291,6
9299,18,Male,Teacher,1.75,35,6.32,5,6,3,36,191,5
9300,19,Female,Designer,8.77,79,5.34,7,9,5,52,88,1
9301,32,Female,Engineer,1.11,6,6.75,4,8,2,70,103,5
9302,39,Male,Engineer,7.05,91,4.19,2,2,1,6,190,7
9303,43,Female,Student,9.05,23,8.21,4,4,3,83,92,6
9304,44,Female,Student,7.24,32,5.75,4,9,3,17,129,8
9305,52,Female,Engineer,9.63,57,8.51,3,2,5,59,287,5
9306,46,Female,Student,7.97,37,5.74,5,4,0,80,272,5
9307,26,Male,Engineer,3.36,9,8.83,5,9,0,66,86,2
9308,26,Male,Business,1.5,103,8.64,7,2,0,52,146,9
9309,35,Female,Business,4.78,54,8.85,5,9,5,96,125,4
9310,40,Female,Engineer,6.94,93,5.89,2,5,4,33,229,6
9311,34,Female,Doctor,1.88,78,7.65,2,1,3,106,221,3
9312,54,Female,Doctor,1.97,29,7.08,3,7,1,42,298,5
9313,27,Male,Business,9.26,68,7.64,2,1,5,82,191,7
9314,28,Female,Business,2.65,47,6.22,9,1,0,112,179,2
9315,48,Female,Business,6.74,60,8.66,1,2,0,71,78,2
9316,44,Male,Designer,4.74,115,6.61,7,2,0,39,143,5
9317,27,Male,Engineer,2.15,15,5.31,4,4,5,106,186,1
9318,30,Male,Business,3.99,56,6.32,8,5,4,66,120,1
9319,21,Male,Student,7.44,65,6.68,6,5,5,86,132,3
9320,50,Female,Engineer,6.61,101,6.66,8,3,2,54,266,3
9321,19,Male,Teacher,2.9,50,7.54,9,8,1,104,145,1
9322,33,Female,Engineer,4.89,50,5.21,9,7,1,24,52,6
9323,29,Female,Teacher,6.15,57,6.04,3,6,3,63,36,1
9324,43,Female,Designer,5.66,81,8.48,9,5,5,25,256,2
9325,49,Female,Business,1.48,9,4.9,6,6,1,8,56,9
9326,20,Male,Doctor,1.27,32,6.44,3,7,5,92,223,7
9327,58,Male,Business,6.37,75,8.76,7,3,5,68,29,2
9328,56,Male,Engineer,3.91,114,4.49,7,9,5,55,74,6
9329,56,Female,Student,5.91,85,7.16,6,7,3,119,25,8
9330,37,Male,Engineer,3.31,20,6.61,7,7,5,20,39,3
9331,47,Female,Business,9.11,41,8.08,9,7,4,38,293,3
9332,45,Male,Engineer,4.22,5,7.41,8,2,1,104,159,8
9333,49,Female,Student,8.66,25,4.21,8,1,1,14,198,3
9334,57,Male,Doctor,2.95,106,5.81,4,8,0,10,35,8
9335,30,Male,Student,5.16,10,8.79,3,6,2,34,224,3
9336,55,Male,Doctor,6.9,68,4.89,3,2,4,115,24,1
9337,29,Female,Student,2.73,88,6.7,1,3,4,89,258,1
9338,56,Female,Engineer,4.74,109,6.56,6,6,5,104,219,9
9339,34,Female,Doctor,6.6,47,6.02,2,5,4,9,237,6
9340,51,Female,Student,9.32,50,5.85,1,1,5,17,28,3
9341,59,Female,Doctor,6.16,93,8.59,8,8,2,48,150,4
9342,25,Female,Student,8.98,82,8.81,3,6,4,11,146,4
9343,50,Male,Business,2.93,119,6.48,8,9,1,11,65,3
9344,58,Female,Business,2.68,97,7.88,7,3,1,19,175,8
9345,52,Male,Designer,9.49,86,4.13,9,2,4,84,88,7
9346,26,Male,Designer,7.87,45,4.1,5,1,4,48,55,8
9347,56,Male,Designer,8.68,72,8.92,3,6,5,13,185,2
9348,23,Female,Teacher,1.27,63,7.88,4,4,5,101,148,5
9349,28,Female,Designer,6.61,15,6.85,5,2,2,115,192,4
9350,51,Male,Designer,7.28,74,5.35,7,8,3,9,76,1
9351,44,Female,Designer,2.04,91,8.26,1,8,2,17,223,3
9352,35,Female,Teacher,4.61,63,6.85,4,9,4,72,87,8
9353,33,Male,Engineer,1.19,42,5.36,8,6,0,18,52,1
9354,20,Male,Student,5.13,69,8.48,9,5,0,27,286,7
9355,44,Male,Doctor,9.43,79,5.29,2,2,4,86,205,8
9356,38,Female,Engineer,5.22,65,8.05,4,4,5,101,79,1
9357,58,Female,Student,7.89,108,8.8,3,5,2,30,108,1
9358,55,Male,Business,4.03,91,8.11,1,2,4,106,58,2
9359,36,Female,Teacher,6.8,75,8.49,5,4,5,20,21,2
9360,25,Male,Doctor,6.9,109,8.2,6,4,1,45,187,8
9361,21,Female,Doctor,7.85,9,5.86,8,8,5,113,131,9
9362,40,Male,Teacher,3.35,79,5.64,2,2,3,20,67,4
9363,48,Male,Business,8.22,10,5.15,5,6,5,29,237,5
9364,19,Female,Doctor,7.48,84,6.05,2,8,5,26,196,9
9365,41,Male,Business,3.02,45,8.53,8,5,2,110,143,8
9366,57,Female,Designer,4.93,30,4.16,3,7,4,1,189,9
9367,56,Male,Teacher,6.46,82,6.47,9,8,2,12,269,1
9368,34,Male,Doctor,8.43,43,6.38,5,7,3,45,261,1
9369,31,Female,Engineer,7.92,104,7.66,8,8,5,2,55,1
9370,31,Male,Student,5.35,55,8.63,1,1,2,39,267,4
9371,47,Female,Student,3.81,44,6.41,9,6,2,106,73,4
9372,26,Male,Designer,5.17,30,7.53,1,4,0,50,149,3
9373,34,Female,Designer,8.92,43,7.88,3,8,4,23,117,6
9374,31,Female,Student,9.05,93,7.01,7,1,5,95,265,1
9375,28,Female,Business,1.96,101,5.39,6,4,2,90,79,7
9376,21,Male,Designer,8.57,76,5.86,2,1,5,84,62,8
9377,59,Female,Designer,8.61,108,4.78,8,8,1,1,39,3
9378,53,Female,Designer,1.29,69,8.2,9,8,3,40,238,2
9379,57,Female,Designer,7.22,115,5.52,1,7,2,28,299,1
9380,23,Male,Engineer,8.33,12,7.69,2,2,4,13,132,3
9381,52,Female,Doctor,6.1,45,4.96,6,1,5,57,177,2
9382,41,Female,Designer,7.82,8,5.61,9,1,4,3,69,6
9383,30,Female,Teacher,1.02,88,8.11,1,3,0,30,226,7
9384,54,Female,Doctor,3.64,52,6.79,5,8,2,6,225,9
9385,33,Female,Doctor,5.24,61,8.86,5,8,5,93,61,4
9386,34,Female,Teacher,6.49,111,4.33,5,2,5,79,99,5
9387,23,Female,Teacher,1.5,115,5.1,7,8,2,76,254,6
9388,31,Male,Engineer,8.99,67,5.66,2,8,5,111,180,5
9389,32,Male,Teacher,3.78,33,6.84,8,7,2,2,181,9
9390,59,Male,Teacher,6.46,24,8.94,9,7,0,51,79,3
9391,41,Female,Engineer,1.95,14,4.51,6,1,5,108,155,2
9392,44,Male,Teacher,3.29,9,4.76,8,7,3,88,173,6
9393,38,Male,Business,6.01,21,8.0,7,4,3,105,182,9
9394,44,Male,Student,5.37,46,7.77,9,4,2,96,67,6
9395,59,Male,Doctor,2.76,56,6.49,2,1,5,25,264,2
9396,55,Male,Business,9.55,43,7.35,3,4,5,96,98,2
9397,55,Male,Teacher,7.75,95,7.9,8,2,3,84,249,9
9398,42,Female,Doctor,9.28,92,5.45,9,4,2,118,291,1
9399,57,Male,Doctor,5.57,61,6.76,6,6,4,83,90,6
9400,59,Male,Designer,9.37,29,6.1,3,1,0,19,161,3
9401,21,Male,Doctor,8.34,70,6.99,8,1,5,31,255,7
9402,22,Female,Student,6.0,98,7.23,5,3,1,58,158,1
9403,23,Female,Teacher,8.19,14,4.9,9,4,3,85,135,7
9404,35,Female,Student,2.42,68,5.28,5,9,0,5,177,6
9405,41,Male,Business,1.54,17,6.12,7,1,0,105,169,9
9406,59,Male,Designer,1.84,30,4.86,5,7,5,111,281,4
9407,48,Female,Engineer,2.95,97,4.32,5,7,4,66,138,1
9408,51,Female,Business,6.92,55,6.74,1,4,1,97,28,7
9409,33,Male,Teacher,9.38,95,5.86,6,1,3,12,69,1
9410,26,Male,Business,9.37,59,5.64,3,4,2,69,110,9
9411,25,Male,Designer,5.4,32,7.32,8,9,1,88,117,1
9412,52,Male,Doctor,6.51,73,7.43,5,6,0,18,189,5
9413,18,Male,Engineer,1.13,90,7.43,5,6,4,95,218,3
9414,25,Female,Teacher,2.05,86,8.08,6,1,2,70,117,1
9415,46,Female,Business,2.96,43,4.9,9,9,0,49,165,7
9416,38,Female,Teacher,6.38,13,6.12,8,7,1,114,59,1
9417,50,Male,Designer,1.77,19,8.12,5,5,4,110,244,4
9418,29,Female,Doctor,7.66,33,8.09,3,9,0,112,234,4
9419,53,Male,Designer,8.64,38,6.54,9,8,1,23,291,4
9420,57,Female,Designer,1.06,90,4.2,1,6,5,31,296,3
9421,43,Male,Business,5.39,11,4.07,3,4,1,70,198,8
9422,45,Female,Business,7.48,102,7.3,5,1,0,1,23,9
9423,48,Female,Designer,8.95,79,6.26,7,8,0,98,246,2
9424,23,Male,Engineer,9.32,108,4.83,9,1,2,119,40,5
9425,21,Male,Teacher,3.59,30,6.19,3,4,4,11,264,8
9426,50,Male,Business,5.47,51,4.56,5,4,4,62,178,5
9427,50,Male,Designer,9.26,22,4.15,8,7,5,73,204,4
9428,48,Female,Engineer,6.41,78,4.63,2,3,5,111,194,3
9429,24,Male,Business,2.05,113,5.75,8,8,3,30,219,2
9430,35,Female,Student,2.03,24,6.03,7,1,4,37,86,9
9431,19,Female,Student,8.33,74,4.22,8,3,3,31,130,2
9432,55,Male,Doctor,5.48,20,5.56,3,9,0,64,118,3
9433,19,Male,Engineer,1.4,73,7.86,8,9,3,119,147,6
9434,26,Female,Engineer,1.94,83,4.12,3,7,4,15,221,5
9435,19,Female,Student,5.48,25,8.0,4,4,5,90,118,8
9436,56,Male,Designer,9.59,80,5.83,4,9,0,73,242,6
9437,45,Male,Teacher,6.7,89,4.87,3,3,4,76,148,9
9438,45,Female,Engineer,7.32,49,8.37,5,8,3,79,266,2
9439,50,Male,Doctor,5.06,10,8.62,5,1,2,78,130,4
9440,57,Male,Business,3.8,5,6.85,3,9,4,17,126,1
9441,21,Female,Engineer,2.71,49,7.33,6,6,1,66,184,2
9442,55,Male,Teacher,4.95,7,5.37,1,9,3,70,127,6
9443,57,Male,Designer,6.49,36,7.5,2,6,3,4,269,5
9444,58,Male,Designer,3.27,50,7.82,5,8,0,97,116,4
9445,50,Female,Teacher,7.89,25,6.41,9,4,4,28,172,1
9446,23,Female,Doctor,9.56,99,5.6,7,8,1,75,298,2
9447,24,Male,Engineer,1.39,117,4.34,1,6,0,35,201,2
9448,30,Male,Designer,4.42,52,6.26,6,4,1,85,41,6
9449,24,Male,Teacher,6.13,116,5.75,5,9,1,6,42,9
9450,30,Female,Student,5.5,54,5.65,5,9,3,105,142,7
9451,19,Female,Doctor,6.27,32,7.39,9,8,0,6,125,9
9452,37,Female,Student,8.05,30,4.77,7,5,5,54,87,9
9453,36,Female,Business,9.82,77,8.61,1,6,2,6,255,3
9454,53,Female,Business,6.47,62,5.8,5,3,0,42,62,7
9455,54,Male,Teacher,6.14,69,6.53,7,4,1,108,225,4
9456,35,Male,Doctor,3.97,111,5.38,3,3,3,73,46,5
9457,22,Male,Doctor,4.03,96,5.31,2,6,0,60,60,8
9458,36,Female,Student,2.58,47,5.04,5,5,1,54,144,8
9459,52,Female,Engineer,2.25,80,8.89,1,5,0,107,40,5
9460,50,Male,Student,1.97,104,6.86,7,6,3,105,180,6
9461,37,Female,Business,4.71,96,4.06,6,1,1,100,23,8
9462,30,Female,Engineer,9.89,57,7.69,5,5,4,51,127,7
9463,25,Male,Teacher,4.36,47,5.34,1,4,0,55,238,4
9464,48,Female,Business,3.71,107,6.27,7,9,0,48,291,8
9465,30,Female,Doctor,1.48,34,5.73,8,5,3,60,257,5
9466,45,Male,Engineer,6.42,112,8.44,9,2,0,108,30,6
9467,57,Male,Student,6.62,31,4.59,9,5,1,100,136,7
9468,22,Male,Business,1.46,67,6.66,5,3,0,92,293,6
9469,55,Male,Business,6.12,103,7.19,4,9,4,39,121,1
9470,49,Male,Student,4.82,62,7.5,4,5,3,87,242,5
9471,35,Female,Designer,8.64,116,4.01,8,5,0,2,210,6
9472,37,Male,Designer,4.16,37,7.52,4,6,3,79,127,8
9473,55,Male,Engineer,9.42,27,4.88,8,1,4,47,141,3
9474,43,Female,Teacher,4.31,24,6.19,8,9,3,97,185,8
9475,34,Male,Student,4.62,116,7.96,3,4,0,5,68,4
9476,33,Female,Teacher,2.65,74,8.15,9,3,4,114,47,3
9477,30,Female,Engineer,2.2,119,4.98,1,5,5,80,281,8
9478,42,Male,Engineer,7.45,24,8.33,7,6,2,58,154,7
9479,48,Female,Business,3.32,44,7.71,7,6,3,70,91,4
9480,20,Male,Student,2.02,62,7.64,4,9,3,29,210,5
9481,39,Female,Designer,6.69,71,4.41,9,5,4,116,149,6
9482,30,Female,Business,9.25,6,5.38,8,4,0,113,48,5
9483,31,Female,Business,4.85,54,6.79,7,7,1,111,79,1
9484,21,Male,Doctor,7.51,108,6.93,1,5,4,115,131,8
9485,43,Male,Engineer,5.9,74,7.67,7,1,0,77,185,5
9486,31,Female,Student,4.96,53,6.09,1,4,4,33,29,5
9487,37,Female,Designer,9.72,100,8.04,3,7,5,74,277,5
9488,52,Female,Teacher,9.19,63,7.38,3,9,5,57,30,2
9489,42,Male,Designer,9.15,90,6.98,4,8,5,96,295,1
9490,24,Female,Teacher,1.59,95,7.64,5,3,5,80,251,8
9491,25,Male,Teacher,6.38,19,7.59,3,1,4,23,55,3
9492,30,Male,Engineer,7.39,75,7.51,1,2,2,119,140,8
9493,49,Female,Teacher,9.22,61,8.88,3,8,3,41,268,4
9494,42,Male,Teacher,8.37,54,5.66,2,9,4,59,156,3
9495,34,Male,Doctor,5.55,49,6.02,4,8,1,39,134,2
9496,54,Female,Business,3.52,50,4.58,5,4,4,73,271,7
9497,38,Female,Teacher,2.09,56,6.83,2,8,0,22,90,8
9498,22,Male,Teacher,7.37,107,7.09,2,7,3,33,107,9
9499,26,Male,Doctor,9.31,24,6.74,6,6,3,101,90,4
9500,37,Female,Engineer,6.67,118,6.72,6,8,1,43,139,8
9501,25,Male,Engineer,8.72,46,8.85,8,5,1,54,123,7
9502,45,Male,Student,8.41,75,5.88,8,8,0,66,171,8
9503,59,Male,Student,6.47,84,4.61,8,4,5,111,77,8
9504,29,Female,Engineer,5.34,12,6.93,9,5,1,114,270,7
9505,34,Female,Engineer,2.31,39,4.0,5,8,0,73,32,1
9506,40,Female,Business,2.64,94,7.05,1,7,1,105,152,9
9507,33,Male,Teacher,3.57,42,7.01,1,6,5,58,175,5
9508,40,Male,Teacher,7.88,24,7.63,5,9,4,103,169,6
9509,20,Female,Designer,5.66,106,6.58,9,6,1,16,169,4
9510,30,Male,Designer,1.22,114,5.78,2,5,5,34,126,7
9511,41,Female,Doctor,2.87,71,4.09,7,1,1,58,296,3
9512,20,Male,Student,9.11,14,8.06,3,5,1,36,136,5
9513,31,Female,Business,8.7,16,7.95,8,3,5,12,91,6
9514,38,Male,Designer,9.94,62,5.31,6,7,5,116,225,9
9515,24,Male,Doctor,8.19,65,5.72,8,9,2,78,281,6
9516,37,Male,Designer,8.27,49,6.36,5,4,4,73,79,8
9517,31,Female,Designer,8.04,29,4.06,3,5,0,0,262,5
9518,18,Female,Doctor,7.18,20,7.18,4,2,1,10,146,4
9519,39,Female,Teacher,5.03,100,7.91,4,6,3,11,29,3
9520,54,Male,Student,8.75,87,4.81,3,2,4,107,255,4
9521,30,Female,Designer,6.37,16,4.69,5,6,0,7,116,2
9522,50,Female,Teacher,6.0,93,8.98,9,3,5,73,292,4
9523,47,Male,Teacher,6.97,52,7.82,1,7,1,88,35,4
9524,52,Female,Business,2.24,53,7.17,4,1,4,111,146,2
9525,47,Female,Engineer,8.05,97,4.01,9,4,4,59,252,9
9526,38,Male,Teacher,2.51,109,5.09,5,4,3,76,101,2
9527,34,Male,Teacher,9.71,71,6.34,4,4,3,98,69,4
9528,18,Female,Engineer,2.24,79,4.58,2,4,1,33,167,5
9529,42,Male,Designer,8.41,31,7.78,8,7,3,12,176,2
9530,36,Female,Engineer,5.02,50,8.49,2,7,3,67,146,2
9531,19,Male,Engineer,3.6,110,7.13,4,6,4,118,176,5
9532,37,Male,Engineer,4.62,106,6.93,4,8,5,26,269,3
9533,26,Female,Doctor,2.44,46,7.35,1,9,3,30,237,1
9534,47,Male,Designer,4.27,116,4.41,5,2,0,73,239,8
9535,57,Male,Doctor,1.48,77,6.72,9,8,3,41,26,2
9536,24,Female,Teacher,5.77,25,4.31,9,5,2,63,265,9
9537,35,Male,Designer,1.61,61,6.09,2,4,4,18,139,2
9538,48,Female,Business,7.16,18,8.67,9,2,3,100,173,9
9539,26,Female,Business,7.05,16,4.86,9,9,3,20,58,1
9540,46,Female,Engineer,8.2,42,7.42,2,9,5,76,136,7
9541,55,Female,Business,5.07,112,6.6,6,9,1,5,148,1
9542,30,Female,Teacher,3.92,30,8.34,7,6,1,61,67,3
9543,22,Female,Business,7.56,59,5.98,5,3,5,112,211,7
9544,59,Female,Designer,8.41,49,6.05,4,2,4,117,96,3
9545,30,Male,Teacher,4.67,100,8.16,4,2,3,89,31,3
9546,28,Female,Business,2.87,114,4.66,4,3,0,62,39,1
9547,28,Male,Engineer,9.57,108,7.11,6,3,5,75,111,5
9548,29,Male,Teacher,3.53,32,7.48,6,2,5,59,273,3
9549,39,Female,Business,7.11,50,6.74,9,7,1,9,226,3
9550,19,Male,Teacher,5.27,70,8.21,4,1,3,6,57,3
9551,33,Male,Teacher,3.24,18,8.12,9,6,1,57,191,1
9552,51,Male,Teacher,3.81,56,4.79,3,4,0,102,108,4
9553,43,Female,Student,9.97,94,4.19,3,9,2,67,129,1
9554,33,Male,Designer,6.88,73,4.82,6,1,0,112,269,7
9555,25,Female,Student,5.08,104,4.28,2,5,5,39,137,6
9556,41,Male,Doctor,2.61,29,4.9,5,5,0,23,246,3
9557,40,Male,Engineer,2.4,24,6.16,4,1,2,71,217,7
9558,55,Female,Business,7.72,111,5.58,6,2,4,63,232,6
9559,33,Female,Student,6.83,98,5.55,2,1,5,54,75,6
9560,34,Male,Designer,8.62,53,8.11,1,7,3,84,38,4
9561,29,Female,Business,1.3,87,4.76,4,3,4,95,165,7
9562,42,Male,Teacher,4.87,108,4.71,3,5,3,77,253,8
9563,20,Male,Doctor,3.17,95,7.06,2,9,0,95,80,2
9564,38,Male,Designer,6.98,112,6.6,7,7,2,0,143,2
9565,18,Male,Doctor,5.48,21,5.26,7,1,0,6,295,3
9566,34,Male,Student,6.59,116,8.85,8,8,2,35,30,8
9567,30,Female,Designer,1.52,93,6.99,4,7,2,83,213,5
9568,33,Female,Student,4.7,39,8.89,5,4,2,18,171,7
9569,24,Male,Designer,4.49,98,6.73,9,4,1,101,239,3
9570,31,Female,Engineer,4.01,31,5.66,4,5,3,88,288,9
9571,20,Male,Engineer,9.06,17,8.47,3,7,0,63,29,2
9572,29,Female,Designer,1.47,117,4.71,6,2,5,107,246,5
9573,19,Male,Teacher,9.5,83,6.83,5,4,0,93,140,6
9574,37,Male,Doctor,9.07,113,7.54,9,9,0,3,284,5
9575,25,Female,Teacher,1.99,102,5.41,1,4,2,1,148,7
9576,38,Female,Teacher,7.79,98,6.81,8,8,3,102,94,1
9577,19,Male,Business,5.15,103,4.45,3,2,5,35,216,5
9578,45,Male,Teacher,7.78,70,4.96,9,8,4,26,171,4
9579,46,Female,Engineer,7.49,15,4.32,3,5,2,12,207,6
9580,19,Male,Student,5.35,66,7.19,1,3,5,21,23,2
9581,22,Female,Engineer,6.64,100,6.01,4,3,2,103,203,6
9582,20,Female,Teacher,1.26,75,7.16,2,5,0,52,113,9
9583,39,Female,Engineer,3.12,18,4.26,9,9,5,96,145,9
9584,23,Male,Doctor,3.38,102,6.47,3,7,1,45,111,5
9585,31,Female,Engineer,9.05,43,5.29,6,3,2,71,257,4
9586,41,Male,Designer,5.64,64,8.55,3,6,0,69,268,7
9587,46,Male,Designer,6.6,74,6.43,5,2,5,31,245,3
9588,20,Male,Student,7.45,101,5.98,2,6,3,26,213,9
9589,55,Male,Business,9.1,24,7.28,5,7,3,33,275,2
9590,18,Female,Designer,2.94,13,4.76,5,3,1,70,26,2
9591,42,Female,Business,7.07,86,7.16,5,1,0,13,103,7
9592,39,Female,Student,9.6,12,7.54,3,9,4,44,164,4
9593,21,Female,Designer,8.46,12,8.76,8,9,4,116,129,3
9594,37,Male,Teacher,1.3,102,7.88,1,8,2,65,231,8
9595,36,Male,Teacher,4.72,80,4.09,9,8,3,23,43,6
9596,55,Male,Engineer,2.91,98,7.55,2,2,3,77,273,5
9597,19,Male,Business,8.93,115,8.8,4,5,2,36,88,2
9598,32,Male,Designer,2.0,96,7.89,9,2,1,36,71,8
9599,36,Female,Business,7.77,44,6.27,1,1,0,14,54,6
9600,26,Male,Engineer,9.68,43,7.34,2,5,0,74,141,6
9601,40,Male,Engineer,4.26,5,4.19,1,1,3,59,107,9
9602,33,Female,Doctor,4.85,77,7.55,9,8,4,109,252,6
9603,49,Male,Designer,6.54,95,8.31,9,3,1,108,215,2
9604,32,Male,Teacher,9.02,92,6.95,4,2,5,117,247,6
9605,51,Male,Student,1.97,107,5.22,8,6,5,22,278,3
9606,24,Female,Engineer,6.42,51,4.75,5,5,3,88,266,2
9607,47,Female,Doctor,1.44,110,5.3,5,5,4,58,27,9
9608,29,Male,Teacher,8.34,48,5.2,5,5,3,42,145,4
9609,55,Female,Student,2.98,9,8.52,6,4,1,37,25,9
9610,52,Female,Designer,1.39,12,8.66,2,9,5,67,172,6
9611,59,Male,Teacher,2.09,56,6.71,8,4,4,66,246,8
9612,23,Female,Student,9.14,100,6.99,6,1,2,2,164,6
9613,50,Male,Designer,3.35,15,5.85,5,7,3,53,213,1
9614,33,Male,Business,5.62,68,8.53,3,4,0,100,110,5
9615,18,Male,Business,5.03,52,8.17,3,2,5,51,217,6
9616,44,Female,Designer,4.32,81,5.52,2,7,5,28,92,3
9617,57,Male,Business,7.85,27,8.65,6,5,5,115,273,2
9618,27,Female,Business,2.72,42,4.5,4,9,5,48,277,8
9619,27,Male,Designer,1.36,42,8.99,9,9,2,6,112,2
9620,47,Female,Business,1.92,112,4.07,8,5,2,17,222,6
9621,20,Male,Business,1.87,11,6.82,3,7,2,37,181,1
9622,20,Female,Business,3.02,107,5.2,1,4,4,9,204,4
9623,24,Female,Doctor,4.1,18,5.49,3,1,4,54,41,7
9624,30,Female,Engineer,2.25,20,5.11,7,2,1,17,277,8
9625,46,Male,Designer,4.64,76,6.63,6,5,2,75,201,2
9626,47,Male,Teacher,6.12,21,7.34,8,7,4,19,104,6
9627,48,Male,Business,6.07,84,4.57,2,3,4,6,37,6
9628,37,Male,Student,9.01,30,4.91,9,8,4,104,187,1
9629,42,Female,Business,5.21,43,7.23,6,2,3,91,110,6
9630,59,Female,Doctor,8.46,97,8.94,8,9,2,87,128,3
9631,30,Female,Teacher,6.01,119,6.69,9,9,5,29,85,1
9632,45,Female,Teacher,7.18,36,7.79,3,9,0,96,20,1
9633,29,Male,Engineer,2.12,102,7.78,3,7,5,6,292,2
9634,30,Male,Doctor,7.31,63,5.87,7,5,3,90,130,9
9635,20,Male,Engineer,7.51,59,8.23,9,4,1,110,189,5
9636,49,Female,Doctor,9.03,83,7.62,5,5,0,62,204,6
9637,52,Female,Engineer,1.9,85,8.61,5,3,2,78,294,2
9638,56,Female,Business,5.81,10,7.02,4,3,1,47,134,9
9639,46,Female,Business,5.1,59,8.08,1,1,5,22,57,8
9640,47,Female,Engineer,7.69,82,6.56,9,4,3,57,26,2
9641,35,Male,Business,3.36,5,6.2,9,9,5,56,121,4
9642,47,Male,Doctor,7.47,70,8.88,6,2,0,102,129,9
9643,28,Male,Business,7.65,21,8.04,7,1,4,46,151,2
9644,19,Male,Business,8.12,101,5.32,8,6,2,87,29,2
9645,52,Female,Doctor,4.24,35,8.46,7,5,3,71,75,9
9646,53,Male,Business,4.31,23,8.75,2,7,1,11,138,9
9647,43,Female,Designer,4.78,61,8.94,5,4,2,53,152,2
9648,39,Male,Doctor,3.46,30,6.56,4,2,2,34,73,8
9649,41,Male,Doctor,2.17,17,5.98,4,2,1,81,276,8
9650,47,Male,Engineer,4.91,117,4.78,2,2,5,87,277,7
9651,20,Female,Designer,8.34,61,8.09,2,5,0,5,183,6
9652,37,Female,Teacher,2.89,19,7.28,1,9,4,5,83,3
9653,55,Male,Student,1.01,61,6.59,8,1,5,117,117,6
9654,32,Female,Engineer,4.74,118,8.79,9,3,4,25,206,4
9655,24,Male,Designer,8.72,87,4.43,2,8,0,62,234,6
9656,37,Female,Engineer,3.9,24,6.85,5,3,4,4,298,9
9657,32,Male,Doctor,8.74,103,7.28,1,6,5,84,234,7
9658,34,Female,Business,8.62,20,8.68,4,4,1,119,235,8
9659,39,Female,Engineer,6.82,115,7.19,2,2,4,25,42,8
9660,37,Female,Student,6.2,45,6.48,2,3,1,27,131,4
9661,28,Female,Doctor,6.89,87,4.2,3,2,0,53,40,5
9662,46,Male,Student,2.53,114,8.56,3,5,3,102,255,4
9663,43,Male,Student,4.5,6,4.42,5,7,3,11,210,8
9664,44,Male,Student,1.88,97,8.79,5,4,2,3,118,7
9665,40,Male,Doctor,1.9,97,8.33,1,7,4,118,77,4
9666,48,Female,Engineer,2.59,86,6.0,9,4,5,74,138,3
9667,25,Female,Business,2.55,16,7.05,9,6,5,19,283,6
9668,52,Female,Student,3.72,87,5.77,3,6,2,44,154,2
9669,41,Male,Teacher,9.76,30,6.84,6,6,5,24,80,8
9670,49,Female,Designer,3.65,11,6.64,5,6,3,65,118,3
9671,27,Male,Student,5.56,17,6.96,4,8,4,59,196,9
9672,52,Male,Business,6.46,64,5.0,5,4,2,50,245,8
9673,20,Female,Designer,8.04,58,5.25,1,6,0,61,258,1
9674,41,Female,Teacher,5.62,84,5.31,2,2,0,45,258,2
9675,54,Female,Business,5.24,82,6.42,2,8,4,33,287,3
9676,57,Male,Business,7.18,110,7.63,3,4,2,29,47,5
9677,53,Male,Engineer,1.94,98,6.97,7,3,0,45,206,8
9678,55,Male,Designer,6.96,35,6.58,2,8,0,14,282,7
9679,31,Female,Teacher,9.69,103,5.55,3,4,4,28,216,5
9680,24,Female,Business,3.06,42,5.04,8,2,3,102,205,1
9681,51,Female,Designer,4.04,48,7.6,4,2,1,35,168,4
9682,50,Male,Designer,6.79,69,6.96,2,4,2,116,35,5
9683,38,Female,Student,1.91,73,4.1,3,7,3,40,172,2
9684,52,Male,Business,2.11,68,7.02,7,2,3,17,170,3
9685,58,Female,Doctor,5.13,17,4.97,3,5,1,50,130,7
9686,48,Female,Designer,8.39,71,8.83,6,5,0,72,285,5
9687,47,Male,Student,9.54,61,5.45,2,5,3,62,211,3
9688,40,Female,Teacher,9.27,19,6.35,9,6,3,37,200,5
9689,32,Male,Business,7.63,82,7.29,7,9,1,11,89,1
9690,30,Male,Business,8.75,57,5.7,3,1,2,21,156,3
9691,35,Female,Teacher,8.71,52,6.46,6,5,0,81,163,4
9692,31,Male,Student,3.63,92,6.26,3,6,0,14,243,3
9693,32,Male,Engineer,1.03,75,6.72,8,6,0,33,199,3
9694,47,Female,Student,9.51,16,8.04,5,1,3,27,94,1
9695,41,Male,Doctor,7.24,57,7.66,2,8,2,112,222,5
9696,48,Male,Doctor,6.67,54,4.85,1,7,1,97,162,6
9697,19,Male,Student,5.72,62,5.69,8,5,0,62,189,9
9698,48,Male,Engineer,8.15,33,4.1,5,9,1,44,111,9
9699,41,Female,Engineer,5.0,51,6.19,7,4,5,84,44,2
9700,29,Male,Engineer,6.96,35,6.4,1,2,4,100,132,3
9701,18,Male,Designer,1.45,51,8.09,8,3,4,28,286,6
9702,22,Male,Student,6.46,57,6.72,3,1,5,58,92,5
9703,25,Male,Teacher,3.04,101,5.38,6,4,3,23,162,4
9704,52,Male,Student,5.11,107,5.63,6,6,4,103,189,5
9705,45,Male,Doctor,1.39,42,5.71,4,3,0,77,177,4
9706,51,Male,Engineer,4.86,6,6.62,7,7,3,64,98,5
9707,36,Male,Teacher,3.26,99,8.6,4,4,4,60,73,1
9708,54,Male,Student,8.26,24,7.96,7,2,3,47,152,2
9709,46,Male,Teacher,5.59,24,5.49,5,6,5,8,156,7
9710,48,Female,Doctor,5.02,93,4.31,9,7,0,52,197,5
9711,44,Female,Engineer,8.82,88,6.45,1,5,1,84,287,7
9712,22,Male,Engineer,3.44,95,7.1,7,3,1,106,42,1
9713,57,Male,Doctor,8.51,41,6.06,7,1,2,65,233,3
9714,31,Male,Teacher,1.05,7,4.33,6,3,1,6,203,9
9715,54,Male,Doctor,3.33,24,4.65,5,8,4,25,67,4
9716,35,Male,Doctor,5.99,93,7.3,6,2,5,96,186,1
9717,56,Female,Doctor,4.98,59,7.16,4,3,1,57,243,9
9718,48,Female,Doctor,5.24,55,8.6,2,2,2,33,52,9
9719,29,Female,Business,2.92,51,6.12,3,5,5,85,216,3
9720,40,Male,Designer,6.7,71,8.72,5,8,5,117,298,2
9721,27,Female,Business,8.43,82,5.85,5,8,0,17,155,6
9722,37,Female,Business,1.66,92,6.82,5,6,5,25,66,2
9723,23,Male,Business,1.34,94,5.95,4,4,1,10,69,7
9724,58,Male,Business,2.77,66,5.26,9,9,1,103,146,7
9725,30,Female,Designer,4.35,51,5.58,3,7,1,9,136,3
9726,30,Male,Designer,1.19,109,6.75,6,4,0,75,170,6
9727,41,Female,Doctor,6.28,18,6.95,8,1,3,77,104,6
9728,52,Male,Business,3.31,45,8.13,3,7,5,47,113,7
9729,35,Male,Engineer,1.79,8,6.29,2,6,3,92,48,5
9730,30,Male,Teacher,4.78,47,6.39,1,8,0,83,264,2
9731,30,Female,Designer,1.25,75,4.52,9,9,5,103,76,6
9732,32,Male,Doctor,3.98,63,4.18,5,1,5,92,76,1
9733,50,Male,Doctor,3.07,113,5.32,4,5,4,77,147,7
9734,43,Female,Student,2.74,51,7.65,4,9,5,77,144,2
9735,51,Male,Business,7.03,41,7.8,3,1,2,40,282,4
9736,53,Male,Doctor,9.37,90,4.06,7,7,2,49,241,3
9737,42,Female,Teacher,1.33,14,6.58,1,3,0,78,40,6
9738,39,Male,Student,2.39,86,6.27,5,8,3,74,261,9
9739,53,Female,Doctor,2.29,89,6.09,3,6,2,107,195,6
9740,23,Female,Student,3.62,65,4.38,1,2,2,22,250,3
9741,48,Female,Student,4.16,57,4.54,8,5,2,112,270,1
9742,38,Male,Student,7.13,116,6.62,4,9,1,85,183,9
9743,24,Female,Business,5.5,38,8.05,9,4,2,63,175,5
9744,41,Female,Designer,2.96,62,4.41,9,4,2,38,89,4
9745,46,Male,Engineer,6.77,23,6.96,6,9,1,95,63,7
9746,59,Female,Student,8.7,59,5.19,9,3,5,118,198,7
9747,58,Female,Designer,1.26,35,4.56,4,4,3,113,20,4
9748,47,Male,Designer,3.82,61,7.99,6,7,1,95,92,6
9749,51,Male,Designer,9.42,15,6.6,8,2,2,47,273,9
9750,26,Male,Student,2.26,56,4.6,5,3,3,69,124,4
9751,57,Female,Doctor,5.75,57,4.76,8,9,4,103,43,2
9752,29,Female,Doctor,6.89,97,7.85,7,9,0,113,252,1
9753,22,Female,Doctor,7.97,71,4.59,2,2,2,44,173,3
9754,34,Female,Student,7.43,69,8.91,2,2,0,89,151,5
9755,38,Male,Business,5.19,99,6.36,4,4,1,6,102,6
9756,33,Female,Designer,1.8,80,7.4,5,8,5,78,150,9
9757,57,Female,Doctor,5.41,96,5.88,3,1,3,114,107,2
9758,31,Male,Business,8.57,45,8.96,8,8,3,38,163,3
9759,48,Female,Doctor,9.59,87,6.8,1,9,3,74,47,5
9760,56,Female,Student,2.44,49,6.62,3,3,4,110,154,4
9761,58,Female,Teacher,8.09,102,5.78,4,3,0,68,198,9
9762,44,Male,Student,3.65,71,8.55,6,9,0,6,283,3
9763,43,Male,Student,6.9,65,8.75,4,4,5,113,138,6
9764,33,Male,Doctor,6.7,13,7.5,4,8,2,58,233,5
9765,33,Female,Teacher,4.48,6,7.26,8,3,2,12,243,1
9766,25,Female,Designer,8.52,46,7.93,1,2,3,108,112,6
9767,19,Male,Business,6.98,42,5.24,7,9,4,19,94,9
9768,32,Male,Engineer,9.35,60,6.5,7,7,1,64,254,8
9769,47,Female,Engineer,9.41,32,7.91,2,7,2,48,154,5
9770,26,Female,Business,5.53,41,6.48,7,5,4,87,158,5
9771,47,Male,Teacher,3.28,61,7.69,1,5,3,73,231,2
9772,45,Male,Teacher,1.93,104,6.27,1,1,4,7,130,2
9773,50,Female,Business,8.62,37,5.55,4,8,4,103,282,8
9774,18,Male,Student,9.4,86,4.84,3,2,5,57,219,8
9775,56,Male,Business,4.47,114,4.99,1,4,3,2,228,7
9776,25,Male,Business,4.59,87,5.62,9,9,0,37,118,8
9777,46,Male,Designer,7.43,44,4.49,9,1,3,97,73,9
9778,44,Female,Doctor,7.89,61,8.83,7,3,4,99,168,7
9779,58,Female,Designer,5.32,7,7.56,8,2,3,115,79,8
9780,55,Female,Business,8.91,102,4.51,9,8,4,98,28,4
9781,34,Male,Doctor,8.57,37,6.19,4,6,0,49,82,9
9782,54,Male,Business,6.59,64,6.61,6,6,0,76,262,7
9783,24,Male,Designer,7.03,88,6.3,9,3,3,18,184,8
9784,37,Female,Doctor,5.24,61,4.52,5,4,1,80,29,2
9785,24,Female,Teacher,7.35,34,4.86,5,4,3,21,45,8
9786,37,Female,Student,6.05,57,7.91,3,4,5,51,181,9
9787,53,Female,Designer,1.16,56,7.41,4,7,2,38,194,6
9788,48,Female,Teacher,1.57,42,8.9,1,8,0,83,254,4
9789,50,Female,Teacher,5.5,118,8.99,4,6,2,54,92,3
9790,55,Female,Student,5.08,98,7.41,1,9,5,9,275,3
9791,20,Female,Business,7.31,31,6.97,8,1,1,53,167,4
9792,59,Male,Doctor,2.34,84,7.1,1,4,1,115,235,8
9793,27,Male,Student,5.43,52,6.59,5,4,5,79,259,6
9794,24,Male,Doctor,8.44,49,8.97,3,6,5,47,265,2
9795,49,Male,Business,2.81,79,6.9,6,2,1,83,134,9
9796,23,Male,Engineer,1.36,38,5.59,2,7,4,107,58,2
9797,33,Female,Doctor,4.67,28,8.9,8,9,0,64,254,2
9798,59,Male,Student,9.58,19,6.75,3,2,4,0,286,6
9799,31,Female,Teacher,7.12,59,5.34,4,4,3,118,67,1
9800,40,Female,Business,7.17,9,5.91,6,5,3,11,72,5
9801,55,Male,Teacher,4.82,7,6.01,4,4,4,11,120,2
9802,46,Female,Engineer,7.09,12,4.05,9,5,0,56,273,7
9803,36,Female,Business,5.27,29,4.27,9,6,2,79,110,8
9804,29,Male,Engineer,4.54,62,7.55,9,3,0,23,299,1
9805,40,Female,Engineer,1.7,115,6.63,2,4,4,84,164,6
9806,51,Male,Teacher,2.91,93,4.72,2,1,2,11,116,2
9807,50,Male,Engineer,1.42,77,7.7,1,2,5,93,118,9
9808,27,Female,Doctor,2.81,32,6.32,7,7,3,9,215,1
9809,53,Female,Designer,9.4,86,8.98,8,4,2,48,106,6
9810,55,Male,Teacher,6.56,69,6.35,9,7,3,9,203,8
9811,25,Female,Doctor,5.55,57,7.94,6,8,2,22,109,2
9812,48,Female,Designer,9.02,108,8.51,5,7,5,91,236,7
9813,37,Male,Designer,8.73,47,6.5,1,7,5,69,102,3
9814,55,Male,Engineer,6.22,75,4.39,6,1,1,95,202,7
9815,22,Male,Teacher,5.36,56,5.88,5,9,1,98,297,4
9816,54,Male,Designer,8.82,83,6.85,1,1,4,75,134,4
9817,18,Male,Student,3.41,94,4.28,5,8,5,58,144,1
9818,28,Male,Doctor,2.18,90,7.91,3,1,1,5,26,6
9819,21,Female,Engineer,3.34,87,5.83,3,4,0,74,29,8
9820,48,Female,Engineer,8.23,31,7.05,8,6,5,106,201,4
9821,50,Male,Designer,3.18,94,8.75,9,5,1,82,182,8
9822,37,Female,Business,5.95,27,4.62,7,1,4,107,97,4
9823,20,Female,Designer,2.31,28,8.59,3,8,4,8,90,1
9824,27,Female,Student,6.6,32,7.31,3,8,4,31,57,3
9825,21,Female,Teacher,9.01,20,4.86,4,5,0,65,250,1
9826,34,Male,Designer,4.23,70,5.64,6,2,2,100,123,8
9827,58,Male,Student,6.22,53,8.8,2,7,1,54,287,8
9828,22,Female,Doctor,3.07,44,7.24,2,9,4,37,267,3
9829,27,Male,Engineer,4.33,111,7.08,3,4,0,19,292,3
9830,44,Male,Teacher,5.66,38,4.93,5,6,5,99,185,8
9831,44,Female,Engineer,8.13,20,7.13,5,1,3,68,20,1
9832,33,Male,Business,2.42,98,8.94,4,6,2,31,105,4
9833,19,Male,Teacher,9.65,73,5.44,8,2,5,117,114,7
9834,40,Male,Business,7.13,34,6.24,6,1,0,62,139,1
9835,21,Male,Business,7.03,77,8.76,2,9,3,35,184,3
9836,23,Male,Teacher,5.6,83,5.1,8,3,3,81,273,6
9837,29,Female,Teacher,2.68,85,6.58,8,5,3,2,287,7
9838,58,Female,Designer,6.41,97,7.26,7,1,5,44,73,7
9839,49,Male,Business,1.17,42,8.63,2,4,3,108,108,1
9840,29,Female,Business,5.11,20,8.21,5,5,1,48,279,1
9841,55,Male,Teacher,6.64,96,7.41,7,4,2,33,149,4
9842,24,Male,Business,3.24,49,4.88,9,1,4,67,253,8
9843,37,Male,Engineer,8.22,108,6.56,8,9,3,65,231,4
9844,57,Female,Business,3.84,58,8.62,5,5,3,26,178,1
9845,44,Female,Student,2.77,16,8.12,5,3,2,98,250,9
9846,19,Male,Student,9.49,14,8.3,9,9,3,25,88,6
9847,51,Male,Designer,1.9,21,5.97,1,3,1,1,244,9
9848,25,Male,Business,2.55,36,5.81,6,8,0,83,228,5
9849,49,Male,Student,4.33,13,5.33,2,4,0,40,26,6
9850,45,Female,Business,9.38,95,8.18,2,5,0,96,152,1
9851,24,Female,Student,7.83,97,6.11,3,1,4,83,230,5
9852,43,Female,Teacher,3.09,88,7.81,7,4,2,39,44,5
9853,27,Male,Doctor,9.15,17,5.13,5,3,4,117,223,2
9854,52,Female,Student,6.25,48,4.05,8,2,1,21,50,7
9855,39,Male,Engineer,2.85,119,5.82,7,2,0,71,145,1
9856,21,Female,Business,2.59,105,5.76,5,2,4,105,30,2
9857,31,Male,Doctor,4.92,43,5.99,7,9,2,24,36,9
9858,33,Female,Designer,2.75,19,6.73,4,9,0,105,289,1
9859,49,Male,Engineer,3.93,89,4.25,9,4,4,119,91,6
9860,34,Female,Doctor,9.47,49,4.6,9,5,3,102,245,2
9861,40,Male,Doctor,4.69,24,7.76,1,1,2,69,127,6
9862,24,Male,Teacher,9.32,96,7.94,7,7,5,39,239,8
9863,37,Male,Doctor,6.21,71,4.19,3,9,4,30,197,1
9864,42,Male,Doctor,8.2,79,7.18,2,9,2,73,212,7
9865,28,Female,Engineer,2.99,117,4.98,8,8,1,84,220,8
9866,24,Male,Designer,6.13,106,7.52,3,7,3,79,177,4
9867,42,Female,Business,2.57,41,5.61,1,4,3,0,264,2
9868,53,Male,Engineer,7.25,9,6.81,6,7,2,112,68,9
9869,38,Male,Teacher,1.5,100,6.77,6,8,3,59,84,4
9870,30,Female,Engineer,2.75,13,4.27,1,5,3,59,41,7
9871,47,Female,Engineer,4.73,51,5.35,5,9,5,80,284,1
9872,24,Female,Doctor,9.39,15,4.67,7,9,3,44,221,3
9873,35,Female,Engineer,9.9,87,7.98,1,1,5,60,286,3
9874,31,Male,Teacher,6.29,115,8.46,7,9,5,28,101,8
9875,23,Female,Student,7.28,7,8.53,1,4,0,82,128,6
9876,25,Female,Teacher,5.81,115,8.51,2,5,3,71,129,9
9877,19,Female,Doctor,5.66,116,8.98,3,1,2,52,185,5
9878,58,Male,Doctor,4.58,68,8.57,5,7,5,30,264,3
9879,54,Female,Student,9.7,81,8.8,7,4,3,25,23,2
9880,57,Male,Engineer,3.44,89,4.91,6,1,5,97,104,5
9881,25,Male,Student,3.55,68,5.55,8,2,1,72,36,6
9882,47,Male,Teacher,2.45,96,7.08,3,6,1,118,288,7
9883,31,Male,Student,1.23,35,6.33,5,1,2,105,60,1
9884,34,Female,Teacher,3.54,30,8.47,9,7,1,54,291,7
9885,28,Male,Business,5.31,6,8.41,3,5,5,45,61,2
9886,55,Female,Business,2.92,97,4.72,6,6,4,30,239,5
9887,35,Male,Engineer,5.8,51,6.69,6,4,3,3,151,2
9888,56,Female,Engineer,4.36,79,5.07,3,7,2,66,270,9
9889,42,Female,Doctor,9.2,49,5.91,5,4,0,86,245,8
9890,27,Female,Student,6.98,44,6.96,1,8,0,118,127,5
9891,34,Male,Designer,9.91,89,6.27,6,6,3,42,35,9
9892,19,Male,Engineer,4.74,100,8.57,8,2,5,23,221,5
9893,18,Female,Doctor,8.64,7,5.91,8,1,1,36,196,3
9894,35,Male,Doctor,8.69,53,6.6,9,9,0,36,183,6
9895,53,Male,Engineer,4.18,82,7.87,6,4,3,35,28,3
9896,33,Female,Engineer,2.93,39,6.46,6,9,1,59,140,2
9897,28,Female,Teacher,4.36,102,5.82,8,2,2,14,144,1
9898,51,Female,Teacher,6.68,76,7.17,2,1,5,35,104,5
9899,51,Male,Teacher,5.72,81,6.93,6,4,5,118,208,9
9900,46,Male,Business,9.43,106,7.47,7,4,3,85,110,8
9901,58,Female,Engineer,8.11,118,5.38,5,5,0,4,228,7
9902,24,Male,Doctor,1.51,83,8.89,3,2,3,61,290,4
9903,44,Male,Doctor,2.52,51,8.73,8,5,2,85,60,8
9904,59,Female,Designer,1.16,36,7.68,3,1,4,99,185,7
9905,58,Male,Engineer,9.72,66,5.16,5,8,0,77,169,6
9906,21,Male,Designer,1.02,30,5.22,4,6,0,47,120,3
9907,38,Female,Designer,1.52,84,8.94,8,4,2,61,99,8
9908,41,Male,Student,6.18,62,6.89,2,3,0,37,282,2
9909,48,Male,Designer,8.25,22,5.56,2,4,2,24,294,9
9910,25,Male,Engineer,9.28,110,4.39,1,9,5,62,184,9
9911,47,Female,Business,2.1,46,8.66,2,3,4,22,84,4
9912,25,Male,Designer,6.25,56,4.83,7,9,2,77,235,5
9913,43,Male,Business,1.24,79,6.63,3,1,4,91,115,4
9914,45,Male,Engineer,3.17,19,6.42,4,9,2,1,292,6
9915,39,Female,Student,8.52,45,5.06,4,7,5,77,139,7
9916,41,Male,Designer,5.98,10,6.16,6,2,5,39,158,7
9917,37,Male,Student,9.06,112,5.93,1,7,2,112,258,5
9918,53,Female,Designer,9.68,107,8.9,9,7,4,76,74,7
9919,24,Female,Designer,8.33,106,5.21,1,9,5,74,284,2
9920,41,Female,Designer,6.1,113,6.44,8,4,3,84,294,3
9921,32,Male,Student,2.09,56,7.97,4,8,5,108,212,2
9922,24,Male,Doctor,4.36,107,4.7,9,4,3,30,262,2
9923,57,Female,Designer,1.42,33,7.03,5,2,3,116,112,3
9924,32,Female,Designer,4.9,31,8.64,5,7,2,5,273,6
9925,19,Female,Business,2.17,103,4.16,9,9,1,101,36,3
9926,23,Female,Student,8.68,16,5.41,3,9,0,36,162,5
9927,54,Female,Student,1.7,57,5.09,1,2,2,105,196,7
9928,57,Male,Engineer,4.74,105,7.4,2,4,0,73,230,5
9929,44,Female,Designer,8.81,79,5.15,6,1,5,79,179,6
9930,59,Male,Teacher,6.69,101,8.19,6,1,3,42,99,2
9931,23,Male,Student,7.96,34,7.94,8,9,3,51,82,7
9932,37,Female,Designer,3.21,48,4.15,4,2,0,2,167,5
9933,44,Male,Business,5.21,66,5.57,5,2,0,18,82,4
9934,59,Female,Doctor,4.1,95,4.0,5,7,2,116,189,8
9935,28,Male,Student,6.03,61,6.39,9,1,0,105,100,7
9936,57,Female,Student,2.33,104,5.54,7,6,3,82,281,3
9937,51,Male,Teacher,7.11,118,5.63,2,8,1,33,251,4
9938,28,Female,Teacher,3.42,63,7.21,9,5,3,41,221,1
9939,50,Female,Engineer,7.81,18,7.47,3,9,2,53,87,4
9940,53,Female,Doctor,9.51,31,4.13,9,8,1,19,123,9
9941,41,Male,Teacher,9.97,105,7.55,3,7,1,69,78,6
9942,31,Male,Doctor,4.61,77,6.85,1,3,4,55,272,6
9943,22,Male,Business,8.41,13,4.67,1,1,1,110,131,2
9944,36,Male,Teacher,7.48,106,4.65,2,4,1,42,173,6
9945,41,Male,Teacher,3.31,10,6.17,3,9,5,93,239,8
9946,53,Female,Designer,6.65,39,7.41,7,1,4,4,259,9
9947,36,Male,Engineer,2.95,35,8.27,8,4,2,104,74,4
9948,38,Male,Business,3.69,30,5.24,6,9,5,85,163,7
9949,52,Female,Designer,3.68,105,7.07,4,7,2,111,62,6
9950,31,Female,Business,9.68,104,4.37,8,6,5,110,70,9
9951,25,Male,Engineer,2.43,115,4.51,4,7,3,103,283,9
9952,24,Male,Designer,7.45,94,4.85,4,3,1,79,79,9
9953,54,Female,Engineer,2.97,69,7.15,7,4,2,94,119,1
9954,37,Male,Designer,1.18,57,5.67,4,7,1,61,135,1
9955,54,Male,Business,7.64,105,7.58,3,2,2,105,264,1
9956,18,Male,Student,2.79,49,6.5,8,3,3,100,231,9
9957,31,Male,Doctor,1.22,85,8.32,6,5,2,117,224,4
9958,18,Female,Designer,8.17,50,7.55,1,2,1,33,273,5
9959,27,Male,Teacher,7.58,36,4.69,8,7,3,15,158,8
9960,32,Male,Doctor,8.91,8,7.84,8,9,3,45,255,8
9961,34,Female,Teacher,5.29,16,7.93,3,8,5,94,189,2
9962,46,Female,Engineer,7.69,14,4.51,3,7,2,68,70,7
9963,22,Female,Business,4.86,117,7.42,2,2,2,2,188,8
9964,37,Female,Student,4.41,115,8.25,4,2,2,103,64,4
9965,41,Female,Engineer,4.66,102,5.43,2,9,4,54,45,6
9966,59,Female,Doctor,5.15,66,8.57,7,6,4,92,46,6
9967,41,Male,Engineer,2.12,49,7.88,8,2,1,66,121,7
9968,59,Female,Designer,8.86,65,6.47,7,5,1,114,103,2
9969,38,Female,Student,9.4,14,4.88,8,3,1,25,214,7
9970,47,Female,Engineer,7.36,66,4.81,5,1,5,17,262,7
9971,39,Male,Doctor,7.88,19,4.4,6,8,1,39,268,4
9972,23,Female,Designer,5.06,8,7.81,4,4,1,12,64,1
9973,54,Female,Student,8.75,97,8.71,9,2,5,62,79,3
9974,31,Female,Student,3.34,54,8.85,1,2,3,68,112,1
9975,56,Female,Business,8.85,92,7.57,2,6,0,14,259,6
9976,46,Female,Doctor,8.25,43,4.18,2,1,3,62,238,5
9977,33,Male,Student,1.67,105,4.1,9,3,3,98,252,2
9978,19,Male,Teacher,7.68,19,7.53,9,5,2,31,237,4
9979,46,Male,Business,4.21,19,5.45,9,6,0,31,261,6
9980,25,Male,Doctor,6.88,66,6.29,3,7,0,73,191,3
9981,59,Male,Business,2.25,84,7.92,6,8,4,96,186,9
9982,21,Male,Teacher,4.27,55,8.82,1,5,3,16,51,9
9983,18,Female,Business,9.95,81,5.26,9,5,3,92,272,7
9984,37,Male,Teacher,2.98,115,6.19,3,5,5,19,78,4
9985,32,Male,Student,7.23,24,7.87,2,1,1,93,285,4
9986,57,Female,Designer,8.35,114,6.29,8,2,4,106,244,3
9987,43,Male,Business,7.54,109,6.82,6,1,0,8,144,9
9988,45,Female,Student,5.16,91,5.88,4,3,2,78,72,6
9989,18,Female,Engineer,1.63,78,8.81,1,6,5,99,31,6
9990,47,Female,Student,3.86,81,8.09,7,7,0,93,267,6
9991,51,Female,Teacher,8.72,87,8.98,6,9,3,45,91,7
9992,53,Male,Engineer,6.52,33,8.86,6,9,0,60,243,9
9993,46,Female,Designer,5.08,22,8.27,6,1,0,95,72,4
9994,39,Male,Engineer,9.07,60,8.07,2,9,0,113,197,1
9995,30,Female,Doctor,6.81,12,5.89,4,2,3,40,72,2
9996,22,Male,Business,9.87,25,6.79,1,4,5,16,98,7
9997,59,Male,Engineer,1.37,64,7.57,2,6,0,14,147,1
9998,24,Male,Teacher,5.47,87,6.97,2,7,3,85,116,6
9999,21,Female,Student,2.79,77,5.91,8,6,2,12,154,8
10000,37,Female,Designer,8.76,118,8.77,9,6,3,33,144,5
10001,22,Female,Student,9.24,18,4.92,2,2,1,50,245,3
10002,23,Male,Business,2.52,62,5.39,2,2,1,18,179,8
10003,19,Female,Designer,9.15,19,6.13,6,2,3,81,93,4
10004,21,Male,Engineer,2.15,79,7.13,1,7,2,91,213,7
10005,30,Female,Teacher,1.53,114,7.21,8,5,3,118,245,5
10006,46,Female,Business,6.24,102,5.46,8,2,2,29,124,6
10007,53,Male,Teacher,5.75,100,7.43,1,6,4,104,92,1
10008,25,Male,Engineer,5.62,103,8.29,2,8,2,23,215,5
10009,27,Female,Teacher,7.26,71,8.95,8,4,0,14,249,5
10010,32,Female,Doctor,8.74,7,4.3,9,1,4,23,23,1
10011,55,Male,Designer,4.14,14,4.07,2,1,5,35,153,9
10012,31,Female,Doctor,8.67,37,8.46,1,3,5,85,60,4
10013,32,Male,Business,8.26,14,4.74,9,6,5,108,194,9
10014,22,Female,Student,7.82,60,4.89,9,5,3,115,261,2
10015,39,Female,Engineer,7.39,95,5.57,2,9,0,45,101,2
10016,21,Male,Student,5.06,50,5.22,1,8,2,96,297,7
10017,52,Female,Designer,9.03,110,4.74,5,8,0,92,199,3
10018,54,Female,Student,9.03,20,7.49,2,3,5,11,93,5
10019,43,Male,Student,7.78,11,8.65,6,3,4,28,138,2
10020,59,Female,Teacher,3.72,62,6.52,1,6,3,35,180,8
10021,52,Female,Business,5.14,92,6.73,8,8,3,76,74,6
10022,57,Male,Designer,8.92,14,7.12,6,8,5,76,180,6
10023,28,Male,Doctor,7.76,78,5.89,9,8,1,30,191,2
10024,36,Male,Business,4.76,41,6.64,6,9,1,86,125,7
10025,25,Female,Engineer,5.36,77,4.69,7,7,5,65,239,4
10026,51,Male,Student,5.27,52,4.05,6,2,5,63,21,3
10027,42,Male,Student,5.88,89,5.7,4,1,3,47,235,9
10028,54,Male,Engineer,3.36,40,4.84,4,6,0,6,294,3
10029,36,Female,Student,8.36,15,4.91,5,8,5,2,259,5
10030,18,Female,Engineer,3.55,47,6.75,4,9,2,63,280,8
10031,18,Male,Teacher,4.92,33,8.74,6,9,4,76,268,8
10032,39,Female,Designer,9.47,9,7.35,1,3,3,84,219,7
10033,20,Female,Doctor,3.7,112,4.65,7,4,0,101,52,4
10034,39,Male,Teacher,8.29,47,4.63,4,2,5,105,201,9
10035,51,Female,Student,5.02,60,8.57,4,3,2,57,257,8
10036,53,Male,Student,8.0,25,7.64,4,4,2,97,201,2
10037,46,Female,Teacher,7.69,65,7.17,5,1,5,18,289,6
10038,41,Male,Teacher,2.11,119,8.07,8,6,5,97,276,1
10039,35,Male,Designer,5.17,17,8.39,4,9,2,83,203,2
10040,57,Male,Student,4.0,33,8.6,3,4,2,44,224,2
10041,39,Male,Student,8.45,117,4.52,9,6,4,12,208,4
10042,44,Male,Teacher,6.63,104,6.79,8,4,4,86,56,3
10043,43,Male,Engineer,3.36,115,4.3,4,9,2,30,124,8
10044,22,Female,Student,2.43,81,6.0,4,9,2,64,278,1
10045,43,Female,Teacher,9.91,118,4.76,1,1,4,68,205,3
10046,29,Male,Engineer,6.12,110,7.5,4,3,4,2,184,5
10047,22,Female,Teacher,5.54,86,7.42,8,6,0,15,92,5
10048,46,Female,Doctor,7.66,61,6.39,4,1,3,62,261,3
10049,35,Male,Designer,4.69,80,8.45,5,9,5,110,59,3
10050,38,Male,Engineer,6.98,55,8.76,8,5,0,114,149,5
10051,33,Female,Student,1.85,91,6.19,6,2,0,96,177,8
10052,22,Male,Designer,1.27,76,6.57,5,8,3,109,232,6
10053,30,Female,Doctor,1.29,92,4.47,6,3,0,103,288,6
10054,27,Male,Business,3.2,91,6.67,2,3,0,69,280,1
10055,22,Male,Designer,4.09,39,5.32,7,6,5,116,248,4
10056,19,Male,Student,6.18,17,7.41,3,9,4,82,45,3
10057,52,Female,Teacher,9.5,94,7.68,7,4,2,27,59,3
10058,40,Male,Business,8.34,28,8.66,5,4,5,40,47,5
10059,30,Male,Student,4.57,89,8.67,1,7,0,62,115,3
10060,21,Male,Doctor,2.79,18,7.39,2,1,1,50,194,3
10061,50,Female,Designer,1.84,27,4.15,7,9,1,112,276,3
10062,53,Female,Teacher,4.74,76,8.67,8,9,3,75,268,4
10063,52,Male,Engineer,4.07,49,7.13,7,9,4,109,72,2
10064,39,Female,Student,10.0,81,7.52,7,5,0,36,124,3
10065,25,Female,Doctor,7.46,25,8.75,6,3,5,1,214,6
10066,33,Female,Teacher,4.13,25,6.91,3,4,5,44,26,8
10067,32,Male,Business,6.37,46,5.12,1,5,2,103,89,2
10068,49,Male,Teacher,5.84,64,5.93,6,4,2,16,115,2
10069,36,Female,Business,3.57,40,7.73,3,3,5,14,289,3
10070,47,Male,Designer,3.19,8,4.72,1,9,0,4,37,1
10071,52,Female,Teacher,3.99,20,7.4,9,8,3,118,246,6
10072,54,Male,Student,7.7,18,6.11,4,5,2,99,235,9
10073,52,Male,Designer,2.72,42,4.21,5,3,1,77,29,3
10074,53,Female,Designer,6.98,99,4.3,9,4,1,80,202,2
10075,45,Male,Doctor,1.56,46,5.18,1,5,5,30,34,8
10076,53,Female,Student,1.23,69,8.34,3,1,4,95,291,8
10077,50,Male,Designer,5.07,102,7.25,2,5,5,85,89,3
10078,22,Female,Doctor,2.27,110,5.89,4,8,3,53,68,2
10079,34,Male,Teacher,1.82,89,5.17,1,1,1,15,299,4
10080,21,Female,Designer,5.15,67,5.81,6,1,5,73,150,5
10081,29,Male,Business,8.85,9,6.13,9,7,4,111,211,3
10082,36,Female,Teacher,9.63,106,6.47,6,1,0,63,252,3
10083,28,Female,Student,1.45,45,8.06,6,6,1,83,154,9
10084,28,Female,Teacher,9.86,23,6.56,8,8,5,2,47,2
10085,27,Female,Teacher,7.53,52,5.26,2,1,4,117,209,3
10086,55,Female,Teacher,5.62,11,6.14,5,3,2,72,67,4
10087,27,Female,Teacher,2.45,34,6.56,3,7,0,78,218,5
10088,51,Female,Teacher,9.86,103,5.65,9,9,0,53,60,2
10089,51,Female,Designer,7.43,20,4.91,9,3,0,44,41,6
10090,32,Female,Teacher,9.19,9,8.13,6,9,4,79,224,3
10091,49,Female,Doctor,1.08,53,5.92,6,3,4,49,208,4
10092,29,Male,Teacher,5.65,101,7.07,1,9,4,64,181,9
10093,31,Male,Doctor,6.74,103,8.38,9,6,3,6,217,4
10094,57,Male,Engineer,8.41,15,4.18,3,1,4,24,132,1
10095,29,Female,Teacher,5.77,51,6.46,3,1,3,116,163,3
10096,38,Male,Engineer,5.42,68,5.35,1,8,0,75,93,9
10097,45,Male,Engineer,6.6,10,8.76,3,4,4,74,250,7
10098,56,Male,Engineer,3.1,111,7.1,4,9,3,19,287,4
10099,22,Female,Teacher,4.22,101,4.31,3,2,1,118,73,4
10100,29,Male,Designer,4.56,64,6.33,6,9,1,75,99,4
10101,53,Female,Teacher,5.64,48,4.97,7,5,3,12,159,7
10102,33,Female,Designer,8.94,35,4.75,6,9,5,83,57,3
10103,56,Male,Engineer,5.66,73,5.32,6,2,2,117,141,2
10104,32,Female,Doctor,3.06,106,5.26,5,8,5,105,89,6
10105,33,Male,Doctor,4.17,19,4.57,3,7,0,21,263,4
10106,39,Female,Designer,1.3,9,7.12,2,5,5,69,170,8
10107,21,Male,Designer,2.82,41,6.61,1,7,2,27,104,5
10108,27,Female,Teacher,1.69,78,7.14,3,9,0,13,241,9
10109,26,Male,Student,9.14,30,5.93,5,6,0,116,130,1
10110,24,Female,Doctor,7.03,81,7.23,1,8,2,15,278,7
10111,57,Female,Student,1.69,88,5.74,8,5,4,9,81,8
10112,36,Female,Doctor,4.5,22,7.72,1,3,3,73,161,9
10113,39,Male,Engineer,2.18,101,6.89,8,6,5,17,219,1
10114,33,Male,Engineer,2.37,101,5.68,6,9,3,38,58,6
10115,39,Female,Engineer,9.51,33,8.02,7,6,4,113,34,2
10116,56,Male,Engineer,3.02,67,4.93,7,1,4,97,217,5
10117,22,Male,Teacher,6.84,44,7.55,8,8,2,89,147,7
10118,23,Male,Doctor,8.37,65,4.71,3,9,0,54,146,9
10119,40,Female,Student,5.86,101,8.31,9,4,1,51,242,1
10120,58,Female,Business,8.93,64,4.78,5,2,5,115,145,9
10121,53,Female,Teacher,6.36,106,5.96,1,6,2,26,192,2
10122,53,Male,Teacher,7.75,99,7.47,3,8,3,116,168,1
10123,29,Female,Doctor,7.71,73,4.41,7,1,4,62,163,6
10124,20,Female,Business,7.04,90,8.92,2,8,2,88,126,1
10125,50,Female,Engineer,2.2,110,6.16,9,2,1,28,86,7
10126,43,Female,Business,6.87,93,8.01,5,7,3,31,128,8
10127,57,Female,Engineer,1.11,87,5.01,4,8,3,52,209,9
10128,55,Female,Student,4.94,44,8.37,2,1,3,48,291,2
10129,55,Female,Teacher,1.04,116,4.96,8,9,0,29,22,5
10130,36,Female,Engineer,7.03,72,6.65,2,7,3,78,234,6
10131,41,Male,Engineer,8.23,5,5.01,3,2,1,81,34,7
10132,49,Male,Student,1.12,9,4.37,2,7,3,118,74,7
10133,44,Male,Doctor,9.28,117,8.31,7,5,0,94,197,7
10134,25,Female,Student,7.57,59,8.9,1,5,2,63,78,1
10135,28,Female,Doctor,4.01,68,6.43,3,8,1,16,131,2
10136,32,Male,Doctor,1.5,117,7.6,8,6,2,111,96,7
10137,36,Female,Business,7.88,5,8.36,2,6,2,111,73,4
10138,57,Male,Business,2.35,80,4.21,7,1,5,43,199,6
10139,30,Female,Student,3.91,116,6.96,3,1,2,75,236,9
10140,36,Female,Engineer,2.34,116,8.88,8,9,4,104,45,8
10141,19,Male,Teacher,3.9,89,7.07,9,5,4,118,244,4
10142,48,Female,Designer,5.4,67,5.16,3,8,0,34,231,7
10143,40,Female,Business,4.86,90,7.37,2,9,0,22,296,6
10144,55,Male,Designer,9.74,104,7.96,9,8,2,61,238,5
10145,45,Female,Business,4.3,69,5.33,3,6,2,79,214,5
10146,55,Female,Doctor,7.41,33,6.54,4,1,5,114,181,3
10147,45,Female,Doctor,4.6,26,8.3,3,7,4,51,222,1
10148,21,Female,Business,8.84,14,7.68,9,6,0,15,27,1
10149,32,Female,Designer,2.52,64,8.69,3,9,5,27,145,2
10150,51,Female,Teacher,1.3,50,4.68,3,3,5,108,154,8
10151,18,Female,Student,4.29,89,5.21,3,9,5,59,219,9
10152,58,Male,Designer,9.91,51,7.79,3,5,0,34,177,2
10153,45,Male,Doctor,4.74,17,7.62,1,5,1,49,91,7
10154,23,Female,Business,4.1,65,6.94,5,7,3,26,295,4
10155,56,Female,Teacher,2.02,53,6.08,3,3,4,107,115,1
10156,20,Female,Student,7.94,95,4.71,7,9,0,89,46,6
10157,49,Male,Engineer,7.05,9,7.37,3,3,2,117,271,3
10158,25,Male,Engineer,1.66,48,4.77,8,3,3,63,231,7
10159,40,Female,Engineer,2.23,38,8.22,5,3,0,4,102,3
10160,30,Male,Student,8.31,18,6.74,3,3,0,99,169,9
10161,41,Male,Business,9.49,66,6.82,7,3,2,58,200,6
10162,19,Female,Student,8.34,79,4.4,9,8,1,117,263,1
10163,35,Female,Teacher,1.61,8,4.61,5,4,0,114,85,6
10164,32,Male,Teacher,6.52,80,7.25,8,7,4,60,241,4
10165,41,Male,Doctor,3.56,10,8.77,4,8,1,26,21,7
10166,53,Male,Designer,5.4,76,8.52,5,1,0,85,299,8
10167,58,Male,Engineer,8.85,88,4.06,1,9,3,42,48,4
10168,44,Female,Doctor,6.81,118,6.54,5,2,0,46,238,4
10169,38,Female,Student,3.86,18,8.41,2,8,5,62,265,6
10170,32,Female,Teacher,5.34,47,6.68,3,3,4,36,238,6
10171,27,Female,Designer,4.16,89,6.86,3,7,3,84,291,7
10172,53,Male,Student,5.99,53,5.77,2,2,0,109,84,1
10173,58,Male,Student,4.61,101,6.99,6,8,2,99,257,9
10174,36,Female,Business,6.68,76,5.21,2,8,3,40,106,9
10175,23,Female,Student,1.79,53,7.0,3,2,1,38,264,4
10176,51,Female,Doctor,1.22,81,4.57,7,6,0,75,38,2
10177,29,Male,Doctor,6.77,112,5.13,3,2,5,118,172,1
10178,44,Female,Business,5.7,48,4.86,5,9,2,101,145,9
10179,50,Female,Business,4.95,79,5.03,4,8,5,105,133,8
10180,18,Female,Engineer,6.4,6,5.76,4,5,3,119,86,4
10181,55,Male,Student,1.19,38,4.45,4,9,4,75,64,9
10182,20,Male,Engineer,9.46,17,7.61,6,2,5,31,31,3
10183,43,Male,Doctor,8.42,107,4.47,2,5,0,30,42,6
10184,56,Female,Designer,1.17,70,6.19,3,1,4,43,175,4
10185,47,Female,Doctor,4.23,6,5.9,3,2,5,89,38,1
10186,30,Male,Teacher,3.32,106,4.98,5,4,1,70,294,2
10187,46,Female,Student,7.93,44,5.24,5,6,5,27,268,1
10188,59,Female,Teacher,8.6,17,8.26,1,7,5,27,274,2
10189,44,Male,Doctor,5.91,47,7.83,3,3,4,66,171,1
10190,30,Female,Business,1.06,23,8.34,8,4,0,111,118,9
10191,45,Male,Business,2.45,102,4.17,8,6,4,21,55,2
10192,23,Female,Teacher,1.81,6,7.56,1,4,3,57,212,7
10193,49,Female,Student,8.77,10,8.07,5,3,4,116,253,2
10194,22,Male,Business,7.79,70,6.12,7,9,4,54,192,4
10195,43,Male,Engineer,1.16,26,6.59,9,6,5,18,73,9
10196,50,Female,Designer,4.91,27,8.25,3,4,3,117,130,7
10197,42,Male,Teacher,3.89,54,6.81,1,4,4,30,189,5
10198,47,Female,Designer,9.02,39,5.24,7,5,2,23,77,3
10199,45,Female,Teacher,3.41,65,7.02,7,9,5,32,165,7
10200,41,Female,Student,1.5,113,7.05,8,9,0,44,179,6
10201,50,Female,Business,3.99,99,4.6,5,9,3,73,29,5
10202,21,Male,Engineer,8.78,95,4.62,4,1,3,59,266,9
10203,33,Female,Teacher,1.87,27,6.65,9,7,1,62,194,9
10204,29,Female,Student,5.32,110,6.33,7,4,0,110,270,9
10205,58,Female,Teacher,9.54,24,5.13,1,9,5,80,263,1
10206,42,Male,Student,2.74,62,7.5,5,1,3,21,59,7
10207,35,Female,Engineer,7.57,82,5.39,8,4,1,29,132,3
10208,33,Male,Student,6.07,106,7.99,8,5,4,88,256,5
10209,47,Female,Doctor,8.78,33,4.36,7,3,0,78,248,5
10210,24,Female,Engineer,8.73,66,4.64,5,8,4,115,240,3
10211,50,Female,Doctor,1.69,11,6.96,1,8,1,56,23,8
10212,24,Male,Engineer,4.77,56,6.96,3,6,0,19,186,7
10213,20,Female,Business,1.7,115,5.54,5,6,4,78,193,6
10214,22,Male,Student,2.2,44,4.1,4,9,0,80,149,8
10215,58,Female,Designer,4.35,26,5.77,3,5,3,11,272,4
10216,25,Female,Teacher,3.98,34,4.62,8,5,5,116,277,2
10217,52,Male,Teacher,2.92,27,8.81,1,1,5,67,274,1
10218,58,Male,Doctor,8.98,74,5.36,3,5,4,99,217,9
10219,43,Male,Designer,5.53,102,5.81,6,9,3,14,296,1
10220,43,Female,Business,1.32,25,4.84,5,1,2,70,69,1
10221,54,Female,Engineer,6.26,43,4.89,8,3,1,74,201,2
10222,31,Female,Teacher,5.95,33,7.71,6,7,3,44,165,4
10223,39,Female,Engineer,8.09,87,7.81,3,3,1,61,20,3
10224,33,Female,Designer,3.07,90,6.91,6,2,0,31,55,8
10225,39,Female,Business,9.03,51,4.01,7,1,1,58,119,6
10226,55,Female,Teacher,5.68,40,8.47,1,2,3,70,194,8
10227,30,Female,Student,8.37,64,6.82,4,2,1,73,133,6
10228,33,Female,Designer,9.34,113,6.34,2,3,1,84,270,8
10229,24,Male,Business,3.37,116,4.23,9,8,2,77,150,9
10230,52,Female,Student,1.63,63,6.84,4,4,3,102,176,2
10231,42,Male,Engineer,8.13,104,5.69,4,7,5,0,189,4
10232,26,Male,Doctor,7.39,43,8.74,1,2,1,60,63,4
10233,27,Male,Designer,4.79,77,4.48,6,7,0,119,173,9
10234,45,Male,Teacher,4.71,62,5.98,6,1,2,106,59,7
10235,33,Female,Teacher,5.94,103,5.7,1,3,2,69,118,6
10236,29,Male,Engineer,1.74,79,7.81,2,6,1,30,288,6
10237,32,Female,Engineer,6.3,85,7.69,8,5,4,88,94,1
10238,42,Female,Business,9.67,57,4.73,6,7,0,93,183,6
10239,21,Male,Business,8.72,48,6.72,1,5,2,89,227,7
10240,32,Male,Designer,5.99,53,7.15,1,2,5,107,282,8
10241,25,Male,Student,9.25,36,6.71,3,2,1,13,274,2
10242,37,Female,Teacher,5.82,92,6.92,9,6,4,34,279,9
10243,27,Female,Teacher,8.7,112,5.0,7,4,1,80,264,5
10244,23,Male,Designer,4.02,28,7.26,6,2,3,5,34,3
10245,51,Male,Doctor,1.04,44,5.66,1,4,4,99,32,3
10246,31,Male,Designer,9.77,17,6.09,1,3,4,78,102,4
10247,20,Female,Business,3.13,108,8.78,4,6,3,39,125,2
10248,20,Female,Student,8.58,23,5.71,7,8,5,51,167,3
10249,38,Male,Business,8.61,21,4.64,4,9,4,91,62,3
10250,41,Female,Teacher,2.67,56,8.64,9,5,1,91,43,8
10251,43,Male,Doctor,7.51,49,4.68,7,7,0,99,110,8
10252,21,Male,Engineer,3.21,75,6.55,2,5,0,107,298,9
10253,18,Male,Teacher,3.66,51,8.44,2,9,1,45,179,8
10254,55,Male,Designer,9.64,88,4.58,9,1,2,94,35,7
10255,53,Female,Designer,7.49,82,5.29,4,2,1,85,170,1
10256,41,Male,Student,9.16,82,5.65,2,1,5,17,241,7
10257,56,Female,Designer,4.16,6,8.94,7,7,0,64,76,3
10258,27,Female,Engineer,4.32,103,7.77,8,3,2,23,68,6
10259,28,Female,Business,4.42,44,6.51,3,9,0,14,283,8
10260,30,Male,Doctor,1.48,49,5.77,8,6,0,72,161,3
10261,36,Male,Student,2.96,63,5.99,9,5,3,17,245,2
10262,53,Male,Designer,3.52,33,5.61,3,8,0,40,264,4
10263,26,Male,Engineer,2.26,47,5.55,1,5,3,84,261,5
10264,44,Male,Doctor,2.26,95,5.43,2,4,1,83,289,1
10265,42,Female,Doctor,2.46,36,6.03,6,7,4,2,213,8
10266,53,Male,Doctor,9.14,113,7.47,9,3,1,14,119,3
10267,21,Female,Doctor,8.61,73,5.55,2,4,0,14,272,6
10268,29,Male,Business,2.29,10,5.35,4,9,3,107,223,5
10269,56,Female,Student,5.78,49,6.23,9,3,3,51,235,6
10270,21,Female,Engineer,9.45,48,7.05,9,5,0,20,22,2
10271,57,Male,Doctor,3.44,87,7.82,6,8,1,85,107,6
10272,55,Female,Designer,2.57,23,7.33,5,3,1,52,58,7
10273,41,Male,Doctor,5.01,108,7.12,2,8,2,14,206,6
10274,53,Male,Business,7.03,22,7.75,8,3,1,67,131,6
10275,41,Female,Teacher,9.22,98,7.27,1,1,0,86,233,9
10276,24,Male,Doctor,6.22,75,5.05,7,6,0,11,258,5
10277,38,Female,Designer,9.62,61,7.1,7,3,3,50,97,3
10278,24,Male,Doctor,5.12,43,8.9,4,3,0,98,263,9
10279,56,Male,Engineer,2.53,54,4.17,7,1,0,70,209,7
10280,28,Male,Doctor,8.47,10,7.1,8,2,4,12,188,6
10281,58,Male,Engineer,3.09,17,4.82,6,9,3,113,222,7
10282,36,Male,Student,9.72,63,5.51,8,7,0,76,298,3
10283,49,Male,Business,6.17,87,8.01,9,7,0,21,275,2
10284,44,Female,Designer,4.88,31,5.51,2,3,0,3,132,8
10285,59,Male,Designer,4.14,17,7.77,7,6,1,71,59,1
10286,18,Female,Teacher,4.39,83,7.04,7,7,4,115,246,8
10287,59,Male,Student,1.47,35,8.04,4,6,4,115,177,3
10288,43,Female,Student,6.36,105,7.76,1,3,1,63,231,8
10289,20,Male,Engineer,3.47,102,5.58,4,6,2,22,178,8
10290,58,Female,Teacher,2.93,30,8.34,6,2,1,8,175,6
10291,24,Male,Business,5.93,16,6.49,3,9,3,78,165,4
10292,29,Male,Designer,3.22,114,8.0,5,6,2,84,69,2
10293,35,Male,Designer,8.27,19,7.57,4,9,0,85,25,6
10294,34,Female,Student,3.09,99,7.65,9,1,5,72,84,4
10295,50,Male,Teacher,9.72,115,8.11,1,7,0,80,264,4
10296,58,Female,Doctor,5.28,13,5.17,6,4,5,59,69,4
10297,34,Female,Teacher,2.15,116,6.8,2,3,5,85,228,4
10298,54,Female,Business,9.09,72,6.27,7,6,2,114,198,1
10299,32,Male,Designer,2.64,55,6.33,9,4,3,108,290,3
10300,38,Female,Designer,8.39,90,6.12,1,6,0,47,194,7
10301,31,Male,Designer,2.68,35,4.86,9,9,4,27,254,7
10302,24,Female,Teacher,5.67,76,8.84,3,3,5,78,157,7
10303,59,Female,Business,5.81,33,8.44,5,9,2,52,196,2
10304,43,Female,Business,4.46,41,7.5,2,9,4,15,106,3
10305,32,Female,Business,5.89,58,7.12,3,5,0,26,134,4
10306,43,Female,Engineer,2.89,41,6.0,4,1,1,16,276,4
10307,19,Female,Designer,9.63,92,7.21,5,2,0,36,186,7
10308,43,Male,Teacher,9.57,80,5.47,8,4,5,61,133,5
10309,33,Female,Engineer,3.82,111,5.82,7,1,1,57,191,7
10310,29,Female,Engineer,7.9,85,8.04,5,2,2,102,87,2
10311,36,Female,Business,7.85,83,5.25,5,9,4,93,276,7
10312,31,Female,Engineer,9.01,37,6.23,5,9,3,24,124,1
10313,31,Female,Teacher,6.83,52,4.14,1,1,1,60,117,6
10314,42,Male,Business,8.49,115,6.07,9,1,0,48,67,7
10315,31,Male,Business,3.41,110,8.04,4,7,3,79,113,7
10316,49,Female,Teacher,2.72,42,6.33,6,6,1,65,156,8
10317,24,Male,Business,5.14,15,8.29,4,1,1,22,71,1
10318,30,Female,Business,3.48,115,6.97,1,2,2,66,226,1
10319,53,Male,Engineer,7.62,72,8.36,8,2,3,13,183,8
10320,36,Male,Designer,5.68,47,7.27,4,8,3,17,119,5
10321,34,Male,Student,5.46,55,6.54,4,1,5,73,72,8
10322,58,Female,Teacher,5.0,108,8.05,9,6,4,80,147,6
10323,49,Female,Designer,1.5,93,7.71,4,8,4,95,190,5
10324,54,Female,Business,2.48,111,7.0,7,5,0,51,259,3
10325,18,Female,Doctor,6.97,104,4.17,2,6,4,89,182,2
10326,24,Male,Doctor,1.99,26,4.9,7,8,1,80,195,7
10327,49,Male,Student,9.49,82,7.62,7,3,1,47,48,3
10328,40,Female,Designer,1.39,94,6.9,7,5,2,55,273,3
10329,29,Male,Business,3.11,99,8.4,8,7,5,35,272,6
10330,53,Male,Student,9.45,60,5.81,1,7,1,119,273,9
10331,38,Female,Engineer,7.63,111,4.02,2,4,1,91,228,2
10332,28,Female,Engineer,9.78,91,5.58,7,1,3,118,297,8
10333,24,Male,Student,7.21,20,4.8,1,2,3,49,84,8
10334,50,Female,Doctor,7.51,27,5.58,5,3,4,18,67,5
10335,33,Female,Designer,2.83,8,6.57,8,9,3,4,65,1
10336,38,Female,Doctor,7.89,66,8.09,2,4,2,31,279,7
10337,41,Male,Doctor,9.43,102,7.19,9,2,3,66,293,9
10338,44,Male,Doctor,2.54,79,4.47,7,2,3,45,210,3
10339,47,Female,Doctor,9.71,41,5.02,5,1,5,114,50,9
10340,34,Male,Student,9.98,61,6.69,9,3,2,35,68,1
10341,41,Female,Doctor,9.79,113,8.51,6,7,1,104,273,8
10342,55,Male,Engineer,5.7,27,8.81,6,8,1,87,42,5
10343,37,Male,Teacher,1.68,48,8.47,5,6,3,34,96,5
10344,20,Male,Designer,5.61,70,6.98,2,2,2,33,272,8
10345,45,Male,Student,6.34,19,6.56,5,3,1,96,263,6
10346,31,Male,Designer,2.39,12,5.58,3,8,2,94,38,1
10347,58,Female,Student,2.14,12,6.42,6,2,3,36,37,4
10348,43,Female,Engineer,8.2,45,6.1,9,7,4,72,169,4
10349,31,Female,Doctor,5.75,40,6.85,8,8,5,58,101,5
10350,58,Male,Doctor,4.05,44,8.04,7,3,4,21,158,8
10351,35,Female,Engineer,6.87,57,8.59,2,1,3,113,252,6
10352,23,Male,Doctor,5.04,37,7.83,7,1,4,111,30,1
10353,56,Male,Business,2.06,9,5.43,9,5,4,61,241,7
10354,59,Female,Business,8.22,39,4.32,1,4,1,101,48,7
10355,19,Male,Doctor,5.95,87,8.66,4,3,1,9,130,6
10356,59,Female,Teacher,5.51,38,5.47,1,3,2,13,123,7
10357,57,Female,Teacher,6.01,108,8.18,3,9,0,21,237,5
10358,22,Male,Teacher,6.98,83,6.3,2,9,4,114,107,1
10359,18,Female,Business,6.51,119,5.78,4,4,3,118,203,9
10360,21,Female,Student,9.86,84,4.24,6,9,1,23,34,4
10361,37,Male,Designer,3.6,36,7.43,4,7,3,87,278,4
10362,27,Female,Business,7.48,58,7.53,4,8,4,37,68,4
10363,41,Female,Designer,3.8,113,6.01,2,4,5,50,175,5
10364,18,Male,Teacher,6.02,101,7.54,6,9,5,105,200,7
10365,40,Male,Engineer,8.58,7,4.26,5,1,2,55,251,3
10366,38,Female,Doctor,6.83,16,6.23,4,4,2,112,20,3
10367,48,Male,Business,4.23,34,4.75,5,4,0,48,272,8
10368,32,Female,Teacher,5.89,27,8.77,5,5,1,77,24,5
10369,34,Female,Business,1.07,109,8.41,2,1,1,37,77,2
10370,47,Female,Teacher,3.36,23,6.58,4,8,1,61,153,8
10371,42,Female,Engineer,8.39,59,5.44,5,5,2,83,33,5
10372,50,Male,Designer,3.69,69,8.76,8,7,0,84,231,9
10373,48,Female,Engineer,4.65,86,5.53,4,8,0,61,51,5
10374,19,Female,Student,8.23,10,5.49,6,2,1,73,294,3
10375,57,Male,Student,7.27,66,6.25,8,9,0,105,88,9
10376,31,Male,Student,2.32,109,6.48,1,8,0,42,36,3
10377,18,Male,Business,4.05,58,5.47,7,1,3,4,188,1
10378,19,Female,Business,5.65,79,7.96,7,1,1,63,234,1
10379,39,Male,Engineer,4.63,88,7.2,5,7,5,108,56,1
10380,49,Female,Student,4.84,13,4.44,3,8,3,86,82,4
10381,21,Female,Engineer,7.29,34,8.47,2,7,3,51,124,7
10382,54,Male,Designer,7.74,44,6.8,8,2,3,27,36,2
10383,28,Female,Doctor,7.82,82,6.38,3,3,1,46,281,2
10384,36,Male,Student,9.58,42,7.73,7,1,4,45,135,7
10385,37,Female,Doctor,5.54,6,5.16,1,7,1,56,62,7
10386,46,Male,Engineer,3.29,21,6.01,2,4,5,95,86,4
10387,48,Male,Teacher,9.53,31,7.33,8,3,1,7,220,2
10388,57,Male,Student,3.53,65,6.22,2,2,0,56,158,6
10389,40,Female,Teacher,1.81,17,5.61,8,4,0,104,192,3
10390,21,Female,Engineer,4.21,108,8.21,4,6,5,43,258,6
10391,57,Male,Doctor,9.67,65,5.84,1,4,3,88,161,9
10392,55,Male,Teacher,7.22,94,7.79,5,5,0,91,281,2
10393,26,Male,Teacher,1.93,102,9.0,9,9,0,106,238,3
10394,39,Female,Designer,7.98,37,7.29,9,5,0,115,78,3
10395,59,Male,Teacher,6.24,6,8.97,7,9,1,47,294,4
10396,59,Female,Doctor,9.85,68,5.93,4,7,0,54,268,7
10397,53,Male,Designer,9.65,90,5.1,1,8,4,52,137,2
10398,24,Female,Business,5.78,79,7.54,5,4,5,60,185,7
10399,37,Male,Designer,6.91,110,4.39,2,2,1,109,168,6
10400,50,Female,Doctor,8.84,114,6.91,9,1,2,16,223,8
10401,54,Male,Student,1.29,84,5.21,1,2,0,2,148,3
10402,48,Male,Engineer,6.5,66,5.06,2,2,5,53,21,2
10403,58,Male,Doctor,3.57,91,5.38,4,5,2,81,64,4
10404,21,Male,Business,7.04,25,4.75,3,8,5,117,108,3
10405,39,Female,Business,8.37,49,5.42,1,3,0,97,276,5
10406,54,Female,Doctor,3.89,79,4.58,2,6,0,79,49,5
10407,41,Female,Teacher,9.99,17,5.51,8,2,4,51,175,5
10408,48,Male,Business,9.69,22,4.28,6,2,1,87,214,8
10409,22,Male,Designer,5.1,37,4.1,3,3,4,92,236,1
10410,35,Male,Student,3.95,24,5.64,6,9,2,107,98,3
10411,49,Female,Engineer,7.64,76,8.2,9,2,3,113,248,2
10412,39,Male,Teacher,2.41,81,8.48,9,1,0,111,63,8
10413,31,Female,Student,2.92,16,5.27,2,9,1,57,186,2
10414,32,Male,Student,5.33,32,7.69,3,3,0,0,192,7
10415,42,Male,Teacher,3.02,118,4.24,8,4,3,77,89,6
10416,42,Male,Business,2.87,36,5.32,9,2,4,62,60,1
10417,28,Male,Doctor,4.05,113,7.94,8,5,2,57,274,4
10418,44,Male,Business,9.68,97,7.19,3,7,2,117,201,6
10419,25,Male,Teacher,4.41,22,8.57,1,4,4,108,131,6
10420,57,Female,Student,8.11,63,7.63,9,6,3,116,73,2
10421,34,Male,Teacher,4.37,49,7.01,1,7,5,93,211,8
10422,19,Male,Student,7.81,59,6.0,5,9,5,95,86,3
10423,21,Female,Doctor,5.45,114,7.59,5,7,0,50,50,3
10424,44,Male,Teacher,4.83,112,4.48,7,1,2,87,170,4
10425,40,Male,Student,9.4,34,7.44,2,9,4,105,157,7
10426,39,Female,Designer,9.88,14,7.85,4,6,1,44,62,3
10427,43,Female,Engineer,5.43,56,8.96,7,3,1,93,210,9
10428,43,Female,Teacher,3.38,41,4.46,2,7,3,49,84,9
10429,59,Male,Doctor,1.33,89,7.23,6,9,5,65,133,8
10430,35,Female,Doctor,2.79,59,6.11,4,9,1,57,119,6
10431,39,Male,Business,9.16,104,5.75,3,2,1,70,255,6
10432,59,Male,Designer,4.51,110,6.32,3,2,5,93,43,4
10433,55,Female,Designer,9.33,48,6.97,5,1,3,99,68,3
10434,57,Female,Engineer,3.43,21,5.23,9,1,1,26,38,4
10435,27,Male,Designer,8.37,87,7.14,1,6,5,105,153,6
10436,34,Female,Teacher,2.2,21,4.54,7,1,3,70,53,8
10437,40,Female,Doctor,1.36,106,7.26,8,9,3,36,72,2
10438,24,Male,Doctor,9.93,55,5.2,9,7,4,59,126,9
10439,21,Female,Student,7.35,74,5.41,1,8,1,109,138,1
10440,57,Male,Engineer,6.95,117,5.24,5,5,1,60,270,1
10441,58,Male,Student,1.25,85,6.95,6,7,4,53,130,7
10442,31,Male,Engineer,5.5,79,6.68,7,9,1,84,160,4
10443,51,Female,Doctor,8.91,54,6.5,5,5,2,28,87,7
10444,24,Female,Designer,6.77,102,6.28,5,4,5,117,236,9
10445,25,Male,Designer,9.26,99,7.05,5,3,2,64,192,3
10446,29,Male,Designer,4.25,53,5.34,9,7,4,111,44,8
10447,38,Female,Student,2.25,13,6.05,9,3,0,1,284,6
10448,30,Male,Student,7.15,54,7.95,9,2,2,80,238,6
10449,40,Female,Teacher,9.09,80,6.15,7,5,3,23,116,2
10450,30,Female,Student,7.43,53,7.97,7,6,0,4,38,4
10451,35,Female,Designer,5.56,112,8.73,6,7,2,65,275,3
10452,31,Male,Business,7.73,34,8.94,4,8,0,119,147,9
10453,21,Male,Doctor,3.27,30,4.24,7,9,0,11,217,4
10454,40,Male,Student,3.05,109,4.63,9,4,3,34,35,5
10455,26,Female,Doctor,9.63,51,5.09,1,6,4,2,125,5
10456,42,Female,Doctor,6.01,95,7.99,2,7,0,112,285,7
10457,37,Male,Business,3.44,114,5.9,7,4,5,56,152,8
10458,59,Male,Business,6.59,113,7.1,7,9,4,101,242,1
10459,40,Male,Engineer,6.65,46,8.49,3,1,4,30,47,2
10460,51,Female,Engineer,1.58,80,7.58,5,1,0,114,86,7
10461,52,Female,Student,5.58,78,5.19,4,9,4,17,123,3
10462,51,Male,Engineer,3.56,15,8.02,5,6,0,101,79,6
10463,34,Female,Student,4.6,21,5.41,9,9,2,94,132,5
10464,29,Male,Doctor,7.04,41,7.81,9,8,4,87,101,1
10465,52,Male,Student,1.06,109,7.58,9,6,3,32,46,4
10466,24,Male,Designer,7.94,80,7.97,7,8,4,18,176,1
10467,18,Male,Engineer,1.08,112,4.46,9,6,2,104,201,1
10468,22,Female,Student,9.05,9,8.69,5,2,1,68,257,4
10469,37,Male,Student,6.57,41,5.81,3,6,1,117,124,2
10470,43,Male,Doctor,7.04,58,4.42,1,2,0,104,87,9
10471,31,Female,Doctor,3.55,48,8.11,3,2,1,48,114,1
10472,51,Male,Business,4.31,64,6.2,2,5,1,74,185,3
10473,24,Male,Designer,6.74,14,5.07,4,4,2,118,252,6
10474,24,Female,Student,1.29,53,6.03,6,3,4,112,179,1
10475,20,Male,Teacher,8.46,35,5.51,8,5,4,47,90,3
10476,55,Male,Doctor,5.69,87,7.91,7,2,5,91,131,7
10477,42,Female,Teacher,2.52,117,5.91,4,9,5,113,53,7
10478,58,Female,Engineer,7.72,21,8.88,1,5,2,96,99,2
10479,26,Female,Engineer,9.54,115,5.24,8,2,1,88,80,8
10480,57,Male,Business,1.24,96,6.84,7,7,2,33,125,5
10481,43,Male,Business,3.68,50,6.69,8,5,3,39,123,7
10482,27,Female,Student,6.22,9,7.21,6,1,0,119,183,5
10483,44,Female,Teacher,6.14,118,8.05,2,9,0,94,102,4
10484,31,Male,Doctor,1.34,66,8.32,5,4,5,1,121,5
10485,52,Female,Business,3.01,28,4.68,8,4,5,73,156,6
10486,22,Female,Business,4.47,119,7.98,9,7,2,74,194,4
10487,29,Female,Student,2.79,37,5.91,7,9,1,110,191,2
10488,51,Male,Teacher,2.24,78,7.11,7,1,1,23,126,9
10489,28,Female,Student,6.12,43,6.35,1,8,4,62,277,4
10490,54,Male,Designer,5.3,60,4.44,1,1,1,17,86,1
10491,34,Male,Doctor,6.87,114,4.96,1,3,4,84,136,7
10492,45,Male,Student,8.26,70,6.94,5,5,2,73,48,4
10493,21,Male,Student,3.05,88,4.68,9,6,2,26,247,2
10494,59,Male,Business,4.02,71,7.64,2,1,1,87,71,6
10495,42,Female,Designer,3.43,31,7.14,3,8,4,79,70,5
10496,57,Male,Designer,5.52,34,6.58,4,8,2,63,147,3
10497,32,Male,Teacher,5.36,81,6.33,7,7,5,97,156,8
10498,44,Male,Doctor,9.34,87,7.2,8,7,1,31,44,2
10499,23,Female,Teacher,3.63,51,5.52,1,3,4,38,84,5
10500,46,Female,Designer,9.96,46,5.03,4,5,2,71,199,2
10501,29,Male,Designer,4.49,33,6.79,6,4,2,113,209,2
10502,48,Male,Doctor,2.1,70,6.12,1,4,2,80,272,8
10503,43,Female,Doctor,4.33,43,6.5,7,1,0,16,171,2
10504,27,Male,Designer,9.52,58,8.84,2,7,0,67,100,8
10505,22,Male,Student,1.8,77,6.12,8,9,1,1,98,7
10506,47,Male,Student,4.25,28,6.65,2,1,2,65,274,1
10507,38,Male,Student,3.41,24,4.98,2,2,4,36,64,6
10508,30,Female,Student,6.12,70,8.53,7,6,5,25,217,2
10509,54,Female,Student,3.8,49,6.85,1,5,1,85,79,1
10510,47,Female,Doctor,8.48,115,7.15,7,2,3,63,278,7
10511,48,Female,Student,2.17,52,4.75,1,4,4,31,202,7
10512,39,Male,Student,8.59,26,5.3,6,4,3,80,241,8
10513,54,Female,Designer,2.2,17,8.74,2,9,2,63,185,3
10514,41,Female,Student,6.87,5,7.26,8,5,5,27,234,2
10515,43,Female,Engineer,8.15,69,5.89,9,3,1,46,298,4
10516,41,Female,Doctor,6.52,111,5.53,2,7,4,69,204,7
10517,43,Female,Teacher,5.34,78,8.5,1,8,3,116,292,4
10518,24,Male,Teacher,6.23,71,8.17,9,9,1,101,148,9
10519,30,Female,Student,3.4,31,7.0,8,1,0,31,199,4
10520,56,Female,Doctor,4.73,46,5.73,8,8,5,79,245,4
10521,59,Female,Business,4.96,80,5.66,9,2,4,45,175,3
10522,18,Male,Business,5.06,57,4.14,2,8,2,25,78,4
10523,52,Male,Engineer,3.86,77,5.45,7,8,2,2,263,4
10524,43,Female,Engineer,6.99,74,5.59,3,6,5,111,107,8
10525,55,Male,Engineer,5.37,64,5.88,7,3,5,71,93,2
10526,24,Male,Teacher,6.22,41,8.16,2,9,3,83,216,2
10527,30,Male,Student,4.37,13,4.79,4,9,2,94,74,4
10528,29,Male,Designer,7.19,75,4.71,9,6,2,100,64,2
10529,59,Male,Designer,7.52,56,6.74,4,7,1,62,219,4
10530,47,Female,Designer,5.59,14,8.73,5,9,1,4,234,1
10531,27,Male,Student,7.56,46,5.24,8,4,3,113,240,3
10532,59,Female,Business,3.38,69,6.4,6,4,3,24,167,3
10533,49,Male,Designer,1.61,32,4.69,1,8,4,81,148,4
10534,40,Female,Doctor,9.38,119,8.31,6,7,2,118,78,3
10535,57,Male,Doctor,9.18,93,6.23,2,1,5,91,129,3
10536,24,Female,Designer,6.7,19,8.9,4,6,5,118,29,6
10537,41,Male,Student,3.12,45,5.17,3,3,5,75,227,1
10538,35,Female,Teacher,4.94,113,5.91,6,6,3,52,209,2
10539,33,Male,Teacher,5.84,37,4.22,7,9,3,71,109,8
10540,50,Female,Designer,3.68,100,8.03,7,1,5,11,32,2
10541,19,Female,Student,4.42,49,6.06,1,4,4,20,24,5
10542,47,Male,Teacher,1.43,51,5.93,9,8,0,10,128,9
10543,51,Male,Teacher,7.47,35,8.06,2,5,3,24,79,4
10544,43,Female,Engineer,1.04,20,5.6,5,9,5,30,222,6
10545,35,Male,Engineer,5.2,34,4.61,1,8,1,1,174,2
10546,37,Male,Doctor,9.6,66,8.89,2,5,4,65,134,8
10547,58,Female,Student,4.56,30,5.69,1,3,1,15,258,7
10548,30,Male,Teacher,2.9,36,8.8,2,1,0,62,64,5
10549,28,Male,Teacher,2.25,98,4.44,7,1,0,57,233,2
10550,27,Male,Doctor,8.96,91,4.94,6,8,3,32,240,7
10551,30,Female,Teacher,1.98,51,7.5,9,3,4,114,290,3
10552,25,Male,Designer,3.78,19,6.72,2,6,5,115,108,7
10553,32,Male,Teacher,7.01,37,6.61,7,1,3,20,79,8
10554,33,Female,Teacher,2.29,20,5.27,9,1,4,65,295,5
10555,45,Male,Teacher,1.97,14,6.0,2,6,4,62,149,6
10556,47,Female,Business,9.94,47,5.66,1,6,2,108,110,4
10557,19,Male,Engineer,8.28,35,7.97,6,4,4,102,172,1
10558,18,Female,Teacher,3.59,19,7.6,5,2,1,0,265,8
10559,46,Male,Student,7.03,73,8.72,4,5,4,101,263,4
10560,22,Male,Student,1.57,32,5.12,6,8,1,109,47,8
10561,42,Male,Doctor,1.97,24,6.02,2,3,0,117,211,6
10562,19,Female,Student,6.67,74,8.85,6,9,5,4,235,1
10563,49,Male,Business,1.15,71,6.5,4,7,4,99,145,9
10564,29,Male,Business,6.3,31,5.48,2,8,4,58,56,2
10565,31,Male,Engineer,2.22,74,5.49,9,7,3,61,151,8
10566,23,Female,Designer,3.44,50,6.63,3,3,2,42,127,2
10567,31,Female,Designer,3.65,25,8.9,1,8,3,3,116,5
10568,44,Male,Business,9.15,55,5.37,4,3,5,69,262,5
10569,18,Male,Business,4.74,32,7.0,7,5,4,63,274,8
10570,53,Male,Student,9.0,19,5.25,7,8,2,4,30,3
10571,58,Female,Student,5.67,39,7.67,3,2,5,74,259,7
10572,30,Male,Engineer,7.14,57,6.22,3,8,2,15,43,9
10573,55,Male,Teacher,6.53,113,7.38,1,3,4,110,144,1
10574,46,Female,Teacher,6.83,92,8.82,6,5,3,56,170,5
10575,38,Male,Student,5.13,94,6.42,2,2,0,95,194,4
10576,43,Male,Designer,9.39,53,4.93,3,9,5,55,131,5
10577,45,Male,Business,6.6,102,6.08,4,7,3,5,116,2
10578,50,Male,Designer,5.17,28,8.23,8,5,2,16,50,8
10579,58,Male,Designer,1.42,52,7.71,4,1,4,104,188,6
10580,59,Male,Business,7.29,97,8.74,4,4,4,55,139,2
10581,53,Male,Student,7.11,100,8.63,1,4,2,103,133,9
10582,40,Male,Designer,3.68,100,6.82,3,1,0,101,111,4
10583,58,Male,Teacher,9.42,41,7.78,6,5,3,82,114,7
10584,24,Female,Teacher,4.57,63,7.72,3,5,5,77,290,1
10585,41,Male,Business,8.68,29,4.49,7,8,1,53,231,1
10586,41,Female,Engineer,7.81,85,6.65,6,7,5,20,131,6
10587,25,Female,Designer,8.68,23,4.56,1,8,0,103,95,2
10588,43,Male,Teacher,8.13,63,4.78,4,1,1,24,256,5
10589,19,Male,Teacher,1.9,37,7.73,6,4,2,116,204,1
10590,55,Male,Engineer,7.46,57,7.39,1,6,2,66,234,8
10591,45,Male,Doctor,7.5,117,7.78,1,7,2,47,129,4
10592,40,Male,Designer,7.14,17,7.58,9,1,3,91,202,6
10593,53,Male,Doctor,7.52,10,6.43,1,8,1,104,217,4
10594,34,Male,Business,7.25,113,8.61,2,9,5,87,76,4
10595,20,Female,Student,1.42,22,4.1,8,3,0,68,114,1
10596,48,Female,Teacher,6.62,48,8.2,2,8,1,79,91,7
10597,52,Female,Doctor,3.2,102,8.24,5,8,3,30,80,5
10598,31,Male,Doctor,7.27,35,5.74,1,5,2,96,220,2
10599,47,Female,Doctor,1.95,96,5.89,3,3,4,36,34,8
10600,23,Female,Engineer,9.59,90,4.35,4,8,2,18,196,9
10601,49,Female,Doctor,2.97,45,8.11,5,1,2,3,66,2
10602,35,Female,Doctor,2.75,34,8.98,4,8,2,93,53,7
10603,27,Male,Teacher,8.43,15,7.84,6,6,4,6,196,9
10604,44,Female,Doctor,6.61,82,4.46,9,7,5,7,68,7
10605,19,Female,Designer,9.56,63,8.72,2,1,2,78,198,6
10606,32,Male,Teacher,8.98,52,5.75,1,6,4,46,118,3
10607,47,Male,Engineer,7.13,22,8.09,5,1,2,93,85,9
10608,26,Male,Doctor,3.27,84,8.36,9,5,4,104,87,6
10609,36,Male,Student,3.12,73,6.64,7,6,3,109,278,7
10610,36,Male,Engineer,9.83,119,4.16,4,3,2,107,157,3
10611,54,Female,Doctor,2.6,86,5.02,1,3,0,115,31,7
10612,52,Male,Teacher,1.34,114,5.01,7,3,2,115,54,8
10613,21,Female,Business,4.45,37,7.59,7,2,0,108,208,6
10614,46,Female,Doctor,4.32,77,4.34,7,6,3,110,131,4
10615,44,Male,Business,7.62,79,4.58,5,9,1,58,103,1
10616,29,Female,Doctor,2.86,83,6.68,3,9,3,106,236,9
10617,51,Male,Business,2.78,13,8.21,9,3,0,106,179,6
10618,46,Female,Business,8.98,79,5.31,1,8,2,28,187,1
10619,31,Female,Engineer,5.42,92,6.41,7,5,4,86,198,6
10620,48,Male,Teacher,7.47,102,8.95,3,3,2,62,189,4
10621,47,Male,Engineer,5.11,95,4.34,8,6,2,97,92,3
10622,33,Male,Designer,4.35,57,4.21,7,9,3,60,150,4
10623,59,Female,Engineer,7.66,47,6.09,2,9,2,69,134,8
10624,31,Female,Engineer,8.75,16,7.06,1,3,5,28,102,8
10625,18,Male,Student,4.45,8,4.53,2,3,5,113,278,6
10626,51,Female,Designer,7.91,111,8.24,1,5,2,108,52,5
10627,26,Female,Teacher,7.15,106,7.34,6,1,0,47,65,3
10628,44,Female,Student,4.15,114,7.42,5,4,0,78,220,1
10629,35,Female,Designer,4.93,19,5.32,8,5,1,80,235,6
10630,31,Male,Designer,2.85,58,6.54,4,2,5,33,208,1
10631,45,Female,Designer,5.2,31,7.11,6,8,5,43,54,7
10632,47,Female,Business,2.76,45,4.46,3,5,3,12,108,4
10633,53,Male,Engineer,5.09,59,8.37,3,9,3,38,267,6
10634,54,Female,Student,4.45,36,5.25,8,8,0,62,88,4
10635,42,Male,Student,3.25,10,7.89,2,6,2,109,92,5
10636,40,Female,Designer,1.72,77,7.24,3,2,1,24,232,6
10637,27,Male,Student,3.49,81,6.92,9,1,2,81,209,4
10638,57,Female,Doctor,5.75,108,5.2,8,3,5,32,272,1
10639,53,Male,Engineer,1.85,24,8.89,6,7,2,113,205,9
10640,47,Male,Engineer,3.68,73,5.87,6,7,5,65,128,2
10641,25,Female,Business,6.48,98,4.99,3,8,0,8,225,4
10642,56,Male,Engineer,5.62,119,5.33,5,2,4,94,277,7
10643,51,Female,Student,2.11,111,7.69,9,6,3,116,164,8
10644,19,Female,Teacher,6.33,61,5.56,5,5,1,35,146,9
10645,32,Male,Engineer,3.86,101,5.34,1,6,0,21,78,4
10646,49,Male,Designer,2.77,34,6.32,6,7,0,49,73,1
10647,20,Male,Teacher,7.91,49,7.26,9,9,4,0,237,2
10648,31,Female,Student,7.82,5,4.61,1,2,3,36,269,1
10649,38,Female,Business,4.0,16,4.68,9,7,4,63,194,8
10650,28,Female,Designer,9.07,95,7.66,5,8,2,53,275,1
10651,40,Female,Business,3.98,83,5.42,4,1,2,17,55,9
10652,57,Male,Business,4.68,106,8.82,8,7,1,17,136,7
10653,50,Female,Teacher,4.46,33,4.76,4,6,5,52,113,3
10654,34,Male,Teacher,3.33,15,8.22,7,2,5,11,252,1
10655,26,Female,Business,1.1,77,4.39,3,5,1,100,211,7
10656,20,Male,Student,3.2,55,5.94,2,7,2,46,151,9
10657,26,Male,Doctor,3.97,113,8.58,8,3,1,35,138,6
10658,45,Female,Teacher,4.01,115,4.2,7,8,4,113,109,6
10659,46,Female,Doctor,8.37,65,8.82,2,4,5,56,134,7
10660,18,Female,Engineer,7.7,32,6.89,6,1,0,36,122,7
10661,32,Male,Student,6.01,104,5.18,1,9,2,38,210,2
10662,19,Male,Business,7.13,40,4.93,9,6,4,96,286,4
10663,31,Female,Student,4.01,49,7.84,1,3,1,85,58,3
10664,23,Female,Engineer,3.8,32,7.43,2,5,3,79,187,1
10665,19,Female,Doctor,7.47,78,5.75,3,6,0,100,252,2
10666,47,Male,Designer,7.27,115,6.18,9,8,1,27,179,8
10667,53,Male,Engineer,2.89,43,8.31,3,9,4,112,255,3
10668,58,Male,Engineer,4.68,71,5.69,2,5,1,102,70,7
10669,35,Female,Doctor,8.48,7,8.78,3,8,3,109,76,9
10670,42,Female,Student,2.64,114,4.84,1,5,0,76,111,3
10671,41,Male,Teacher,2.01,74,7.28,9,8,0,32,210,6
10672,24,Female,Teacher,7.24,104,7.09,6,8,3,86,108,3
10673,19,Female,Student,9.3,10,7.01,1,6,0,36,266,8
10674,26,Female,Student,9.12,40,6.02,8,1,5,95,294,9
10675,37,Female,Engineer,2.67,117,5.08,2,6,2,7,272,7
10676,45,Male,Student,4.86,81,7.91,8,4,1,16,48,7
10677,57,Female,Designer,5.2,48,8.87,4,9,3,53,38,3
10678,24,Female,Engineer,7.64,18,4.44,9,9,1,53,46,4
10679,34,Female,Doctor,3.26,20,4.55,2,5,4,50,207,5
10680,48,Female,Teacher,8.99,102,5.63,2,3,2,110,260,3
10681,37,Male,Designer,2.22,62,5.89,2,1,5,87,142,3
10682,47,Female,Engineer,3.27,26,5.71,4,9,3,28,111,8
10683,26,Male,Designer,1.47,30,6.2,9,7,4,81,274,8
10684,48,Female,Teacher,2.32,7,4.09,4,4,5,93,152,3
10685,32,Male,Doctor,2.62,12,7.06,9,9,3,56,164,8
10686,38,Male,Doctor,2.78,7,7.0,7,5,1,50,112,4
10687,32,Female,Designer,7.38,96,8.3,1,3,1,103,174,4
10688,59,Male,Engineer,7.54,42,6.53,6,8,1,11,228,7
10689,51,Male,Engineer,9.71,108,4.23,2,4,4,81,37,6
10690,42,Male,Doctor,9.72,84,4.49,2,2,0,16,70,3
10691,25,Female,Engineer,3.62,60,5.17,2,1,4,102,280,7
10692,43,Male,Doctor,5.97,119,8.14,6,3,1,62,35,9
10693,53,Male,Designer,9.82,114,4.72,9,3,4,62,71,7
10694,26,Female,Business,1.72,48,7.48,2,9,1,5,115,3
10695,36,Female,Teacher,8.24,66,8.84,6,7,5,43,113,3
10696,42,Male,Designer,5.84,24,5.74,4,3,3,103,183,9
10697,24,Female,Doctor,7.8,110,7.17,9,1,3,52,279,5
10698,18,Male,Designer,4.11,60,8.4,8,5,2,99,263,6
10699,57,Male,Designer,6.73,44,6.68,7,4,2,18,177,5
10700,23,Female,Doctor,5.82,101,5.87,2,4,4,110,38,9
10701,21,Male,Doctor,3.09,63,5.43,6,8,3,3,283,3
10702,51,Female,Engineer,6.47,43,4.95,6,2,3,69,281,4
10703,34,Male,Designer,4.64,116,6.45,6,4,4,40,86,3
10704,21,Female,Doctor,1.61,38,6.31,5,8,1,81,161,5
10705,41,Male,Business,2.17,112,8.05,1,6,4,47,63,6
10706,31,Male,Designer,6.63,79,7.8,9,9,2,116,40,3
10707,53,Male,Student,7.11,30,4.98,6,1,0,82,294,2
10708,48,Female,Doctor,7.9,39,8.35,4,2,3,9,293,6
10709,45,Male,Teacher,6.51,47,8.25,3,3,5,52,240,8
10710,26,Male,Engineer,6.22,52,7.06,4,6,2,65,61,2
10711,55,Male,Doctor,5.96,36,6.16,7,4,3,83,130,9
10712,52,Male,Doctor,7.65,50,7.42,2,8,5,32,85,5
10713,43,Male,Business,9.52,40,8.53,5,1,2,22,120,5
10714,32,Male,Student,7.5,113,4.23,2,2,3,94,99,1
10715,58,Female,Business,3.52,73,7.38,6,7,2,43,97,1
10716,51,Female,Designer,3.98,40,4.94,9,2,0,29,69,5
10717,18,Male,Doctor,2.81,53,8.32,2,7,3,89,75,5
10718,42,Male,Engineer,1.04,81,5.89,2,6,5,4,267,4
10719,21,Male,Teacher,2.73,58,8.58,1,7,1,66,278,8
10720,28,Male,Engineer,8.47,117,7.92,6,3,1,14,80,8
10721,35,Male,Teacher,2.13,55,8.75,5,6,3,37,24,6
10722,43,Male,Doctor,5.22,96,7.25,3,4,4,57,219,8
10723,54,Female,Designer,7.93,60,4.24,4,7,3,45,203,3
10724,29,Female,Engineer,6.15,87,4.31,7,7,5,32,76,2
10725,53,Female,Student,9.62,104,5.14,7,6,1,41,79,7
10726,24,Male,Doctor,9.43,106,7.97,3,3,2,107,293,2
10727,40,Male,Teacher,7.82,47,7.29,3,5,3,101,80,5
10728,53,Male,Engineer,7.38,112,4.46,7,7,5,30,249,5
10729,22,Male,Student,4.91,79,6.76,7,6,5,75,171,4
10730,53,Female,Engineer,5.95,7,4.9,7,8,2,31,167,9
10731,48,Female,Engineer,9.28,50,7.36,8,4,1,74,226,7
10732,24,Male,Doctor,6.38,76,5.17,6,1,1,24,102,1
10733,53,Male,Business,5.43,92,5.36,6,9,1,97,72,2
10734,56,Male,Student,4.54,54,7.57,8,6,5,62,31,7
10735,55,Male,Doctor,7.78,117,7.01,7,4,1,96,191,3
10736,28,Male,Engineer,7.31,62,7.01,3,8,2,37,232,6
10737,49,Female,Doctor,6.73,82,8.79,2,8,0,111,22,6
10738,19,Female,Teacher,7.18,30,5.57,7,2,2,36,170,3
10739,35,Female,Teacher,8.33,17,7.02,5,6,2,17,141,6
10740,55,Female,Designer,9.96,105,6.68,1,4,1,6,298,1
10741,47,Female,Student,1.31,72,4.26,7,4,0,77,89,5
10742,22,Female,Engineer,3.63,75,4.57,7,3,3,83,265,1
10743,38,Male,Doctor,1.45,117,5.9,6,4,2,35,230,9
10744,34,Female,Engineer,8.4,26,4.41,5,6,5,27,41,5
10745,39,Female,Doctor,9.92,34,4.91,1,2,3,69,255,4
10746,27,Female,Student,1.49,68,7.86,2,5,2,106,81,3
10747,32,Female,Doctor,6.7,18,8.18,2,1,1,117,105,5
10748,51,Male,Doctor,1.11,40,8.76,9,8,3,64,41,6
10749,38,Male,Business,4.3,57,4.51,5,1,5,16,207,2
10750,18,Male,Doctor,3.4,101,6.95,8,7,3,3,97,8
10751,43,Male,Engineer,7.27,103,8.78,8,5,1,7,125,9
10752,37,Female,Student,8.32,64,5.75,7,4,0,44,214,3
10753,36,Female,Business,5.57,75,8.62,1,5,5,50,95,4
10754,57,Male,Business,6.89,109,5.69,9,6,0,26,202,8
10755,35,Female,Student,7.36,5,6.51,3,6,4,62,218,5
10756,19,Female,Doctor,4.69,23,5.31,7,2,0,80,263,9
10757,52,Male,Engineer,7.16,59,8.3,2,1,1,11,188,1
10758,48,Female,Designer,5.7,14,4.57,7,8,1,55,90,8
10759,30,Male,Doctor,1.43,85,5.58,9,7,0,37,85,9
10760,25,Female,Designer,4.8,35,8.41,6,8,0,50,269,3
10761,30,Male,Student,8.56,76,7.0,5,2,2,109,85,7
10762,25,Male,Student,3.66,54,7.1,1,9,0,13,142,8
10763,45,Female,Business,9.81,32,6.48,9,5,5,74,117,2
10764,29,Male,Teacher,3.28,19,8.45,5,6,1,1,267,7
10765,59,Male,Doctor,9.13,117,4.42,6,2,0,46,105,2
10766,54,Male,Teacher,7.22,11,7.42,4,8,3,94,110,6
10767,30,Female,Student,7.82,38,4.86,1,3,3,77,240,2
10768,52,Male,Teacher,8.38,66,5.68,3,9,1,34,175,9
10769,24,Male,Business,7.61,105,4.36,6,3,2,8,128,1
10770,52,Female,Engineer,7.81,48,6.11,5,1,1,87,217,6
10771,40,Female,Business,8.55,68,7.03,2,2,1,91,108,1
10772,38,Female,Teacher,6.81,8,6.97,2,4,5,18,74,8
10773,41,Female,Teacher,3.55,91,4.8,1,1,2,98,198,4
10774,21,Male,Engineer,8.47,63,8.74,6,1,1,87,82,9
10775,40,Female,Student,5.11,63,8.41,9,4,1,93,298,8
10776,45,Male,Engineer,1.01,66,8.04,3,2,1,92,50,2
10777,41,Female,Engineer,9.05,79,7.56,7,1,3,70,215,7
10778,34,Male,Teacher,1.43,109,7.93,3,2,1,15,28,6
10779,20,Female,Teacher,7.68,93,4.72,9,2,2,57,138,5
10780,25,Female,Engineer,1.58,33,6.43,4,9,5,69,55,8
10781,50,Female,Business,3.9,111,6.75,5,2,2,30,204,7
10782,25,Female,Student,1.79,82,8.65,6,1,4,75,150,1
10783,52,Male,Doctor,5.98,76,5.46,6,4,3,24,235,6
10784,22,Male,Business,5.88,43,6.39,4,7,3,21,22,6
10785,31,Female,Engineer,8.85,34,6.53,9,8,4,69,211,4
10786,39,Female,Designer,1.02,8,4.99,8,9,2,87,52,9
10787,57,Female,Designer,6.28,98,6.23,3,6,0,55,56,8
10788,42,Female,Business,4.93,91,4.22,4,8,1,22,263,5
10789,21,Male,Doctor,9.07,85,8.23,6,9,5,15,245,7
10790,32,Female,Teacher,1.2,56,8.45,4,7,0,118,119,2
10791,40,Female,Business,9.66,66,8.29,8,5,4,113,120,5
10792,38,Male,Doctor,5.52,59,8.55,5,7,5,68,227,1
10793,26,Male,Designer,3.21,107,6.92,8,7,2,65,141,6
10794,55,Female,Engineer,7.98,71,4.53,6,5,0,10,45,6
10795,22,Male,Student,7.7,39,5.5,7,8,4,4,112,4
10796,25,Female,Business,7.43,83,6.48,2,3,4,86,115,3
10797,29,Male,Business,3.89,72,4.37,5,3,5,94,35,6
10798,59,Female,Business,9.55,113,5.99,1,8,5,77,227,3
10799,43,Male,Doctor,9.57,22,4.13,8,9,0,37,184,5
10800,51,Female,Designer,7.31,58,6.15,5,5,1,40,188,1
10801,53,Female,Student,5.35,117,5.32,9,9,3,64,223,3
10802,40,Male,Designer,5.77,37,4.46,2,4,3,103,74,4
10803,33,Male,Teacher,3.42,80,6.14,6,7,2,93,123,2
10804,19,Male,Engineer,2.92,64,8.57,2,4,0,110,96,9
10805,22,Female,Doctor,2.63,115,8.29,5,9,5,27,135,2
10806,49,Male,Doctor,4.64,55,7.64,9,2,3,63,216,2
10807,36,Female,Student,5.91,38,8.37,2,6,1,42,105,7
10808,31,Male,Designer,7.86,39,4.35,3,6,0,75,232,1
10809,20,Female,Business,6.94,58,6.15,2,3,5,83,292,5
10810,26,Female,Student,3.72,45,6.54,9,6,3,60,120,9
10811,50,Male,Designer,3.12,33,7.74,2,4,5,106,228,8
10812,26,Female,Business,9.39,66,6.98,5,3,1,102,220,3
10813,28,Female,Business,9.22,97,4.46,3,7,0,96,42,8
10814,39,Female,Doctor,1.82,28,5.16,7,1,1,24,47,5
10815,46,Female,Doctor,4.02,22,8.61,4,1,0,94,191,6
10816,44,Male,Business,3.65,32,5.19,9,5,5,0,44,6
10817,24,Male,Engineer,7.4,52,5.2,2,2,0,13,286,7
10818,36,Male,Doctor,6.56,115,4.18,8,7,0,64,195,9
10819,24,Male,Engineer,7.69,111,8.25,9,1,2,27,232,1
10820,37,Female,Designer,9.01,39,8.33,5,3,3,6,166,9
10821,39,Male,Doctor,9.11,96,7.88,1,4,1,0,168,3
10822,55,Male,Engineer,1.49,93,7.83,8,6,0,61,204,1
10823,40,Female,Student,6.01,89,5.17,3,2,3,85,295,6
10824,44,Male,Engineer,8.97,16,7.0,2,5,2,56,250,5
10825,51,Male,Designer,2.37,42,8.13,1,7,3,14,145,1
10826,45,Male,Business,5.53,80,6.18,5,4,4,61,82,3
10827,28,Male,Engineer,3.89,108,8.85,3,3,5,57,102,5
10828,54,Male,Teacher,3.21,103,7.13,1,4,1,71,83,9
10829,23,Male,Doctor,5.81,56,7.35,4,6,3,13,62,8
10830,33,Female,Student,6.8,44,7.36,1,3,5,23,178,6
10831,57,Male,Business,2.7,80,7.51,5,6,2,107,28,8
10832,46,Female,Student,6.13,44,4.35,3,4,1,72,60,3
10833,21,Male,Engineer,8.41,69,6.61,4,4,4,19,93,2
10834,28,Female,Student,5.03,60,6.47,1,9,3,22,179,4
10835,27,Male,Engineer,4.69,90,6.85,4,7,5,56,282,2
10836,40,Female,Business,5.32,76,5.35,9,9,4,58,80,6
10837,22,Female,Designer,5.05,83,5.13,4,7,5,5,148,3
10838,39,Male,Engineer,7.29,93,5.04,9,1,4,11,241,9
10839,53,Female,Designer,8.01,46,6.57,6,5,2,98,161,8
10840,30,Male,Engineer,2.78,101,6.72,1,1,5,18,261,7
10841,56,Female,Doctor,4.01,95,5.74,4,1,5,8,97,4
10842,43,Female,Engineer,9.55,68,4.78,4,9,3,38,268,3
10843,32,Female,Business,9.47,39,5.25,5,4,5,24,103,4
10844,24,Male,Teacher,6.41,10,8.34,7,4,4,75,97,3
10845,35,Female,Teacher,9.08,6,6.63,8,9,4,96,264,6
10846,33,Male,Teacher,4.4,68,4.24,2,1,5,66,177,3
10847,56,Male,Business,6.16,51,8.36,4,2,0,62,280,7
10848,52,Female,Student,4.44,47,5.89,9,8,0,83,214,5
10849,42,Male,Engineer,7.6,57,8.1,7,3,4,91,299,8
10850,38,Female,Business,7.2,40,4.84,3,3,0,95,224,8
10851,26,Female,Student,7.64,29,6.2,2,1,5,85,32,5
10852,21,Male,Engineer,7.52,50,8.97,9,5,4,66,128,5
10853,56,Female,Designer,8.95,101,7.13,6,1,5,36,48,7
10854,28,Male,Student,5.36,7,7.36,3,4,1,104,26,6
10855,34,Male,Doctor,2.3,56,6.96,2,3,5,108,117,2
10856,45,Female,Student,9.86,56,7.57,4,3,2,36,229,5
10857,28,Female,Doctor,3.0,90,5.89,5,2,0,69,20,6
10858,36,Male,Teacher,1.47,116,8.94,6,6,4,80,284,5
10859,45,Male,Engineer,7.34,21,7.8,3,9,4,64,116,6
10860,48,Male,Teacher,3.17,17,4.88,7,7,2,41,58,8
10861,41,Male,Designer,5.15,34,6.53,2,9,3,16,192,3
10862,49,Female,Engineer,3.52,10,5.49,2,7,4,42,245,3
10863,28,Female,Doctor,2.92,46,5.36,2,4,2,113,30,6
10864,59,Male,Designer,5.22,87,6.71,3,2,2,61,154,1
10865,32,Female,Student,9.82,54,6.45,3,3,3,53,110,4
10866,34,Female,Doctor,5.42,106,4.94,7,6,3,103,278,4
10867,57,Female,Engineer,4.81,19,6.21,6,8,4,15,40,6
10868,55,Male,Doctor,9.95,85,7.42,4,1,2,43,157,4
10869,55,Female,Designer,9.13,99,6.13,1,9,2,59,136,2
10870,21,Male,Doctor,3.69,21,6.17,1,1,2,73,167,5
10871,40,Female,Teacher,8.96,101,6.67,9,4,3,53,233,4
10872,51,Female,Doctor,4.76,5,8.53,6,3,0,71,164,2
10873,46,Female,Engineer,5.62,83,7.27,2,1,1,36,189,5
10874,29,Male,Doctor,8.47,108,7.62,6,1,4,114,115,8
10875,50,Female,Designer,9.02,114,8.96,2,9,4,98,178,8
10876,36,Female,Teacher,3.57,21,8.95,9,2,3,75,269,1
10877,35,Male,Business,9.56,92,6.39,7,1,1,22,125,3
10878,34,Male,Engineer,8.89,65,6.16,3,6,0,93,287,4
10879,37,Male,Doctor,6.86,104,8.46,6,1,1,0,255,9
10880,41,Male,Business,8.18,97,5.04,2,4,1,48,140,4
10881,20,Female,Doctor,9.55,74,6.87,3,7,5,65,68,5
10882,27,Male,Engineer,3.42,24,6.51,8,9,5,102,90,7
10883,29,Female,Teacher,3.52,33,8.96,6,7,4,27,60,7
10884,29,Female,Doctor,8.98,89,4.75,6,9,1,30,52,3
10885,33,Female,Doctor,6.03,19,5.62,6,2,3,93,121,8
10886,38,Female,Teacher,1.14,116,7.11,2,6,3,1,25,3
10887,33,Male,Teacher,5.83,33,4.5,9,5,3,101,76,8
10888,23,Female,Designer,5.47,100,7.71,5,3,2,32,94,3
10889,49,Male,Business,9.16,24,5.37,1,1,1,87,107,5
10890,26,Male,Student,3.48,29,4.15,3,6,0,24,144,3
10891,59,Male,Engineer,2.38,106,5.79,5,5,4,39,100,8
10892,45,Female,Teacher,1.61,75,5.76,9,1,0,118,251,2
10893,44,Female,Teacher,8.05,51,7.76,4,2,4,70,292,1
10894,34,Female,Teacher,9.82,106,7.02,5,5,4,88,60,6
10895,31,Female,Doctor,9.25,105,8.02,8,1,3,52,229,3
10896,27,Male,Engineer,6.75,104,8.82,1,3,1,88,298,4
10897,41,Male,Business,6.11,96,4.84,7,6,1,76,288,4
10898,44,Female,Doctor,3.0,93,6.91,2,5,0,101,20,4
10899,31,Female,Business,1.59,42,7.29,9,2,2,28,54,5
10900,34,Male,Designer,6.86,79,6.34,5,6,5,38,266,9
10901,20,Female,Engineer,4.79,62,5.76,5,7,3,31,239,5
10902,36,Male,Engineer,4.21,78,4.76,2,3,0,107,225,2
10903,49,Female,Teacher,3.96,105,4.99,4,3,3,3,277,5
10904,33,Male,Engineer,8.1,34,4.21,8,9,1,25,201,8
10905,20,Male,Doctor,7.91,6,5.07,8,7,4,42,172,9
10906,49,Male,Engineer,9.87,62,5.21,3,2,1,88,220,2
10907,20,Male,Student,6.33,102,5.28,6,4,1,104,68,3
10908,55,Male,Designer,7.47,31,7.2,3,2,5,18,242,2
10909,23,Female,Student,2.88,50,8.45,1,8,5,119,134,1
10910,47,Female,Designer,4.85,63,7.86,9,1,3,111,151,8
10911,53,Female,Designer,7.24,69,5.67,4,8,1,34,249,2
10912,56,Female,Student,7.53,94,6.61,2,4,4,53,24,4
10913,51,Male,Designer,8.31,84,7.51,6,1,5,32,98,7
10914,48,Male,Business,1.41,54,7.07,4,5,0,43,292,1
10915,49,Female,Doctor,1.59,41,5.54,4,4,1,113,91,2
10916,45,Female,Business,4.38,21,5.92,1,9,0,26,268,1
10917,30,Male,Designer,1.35,31,4.02,3,2,3,12,72,9
10918,24,Male,Engineer,6.85,12,8.34,6,5,5,107,145,3
10919,20,Male,Teacher,9.32,77,6.8,6,2,2,37,237,9
10920,41,Male,Business,4.88,51,5.11,2,6,0,114,250,7
10921,41,Male,Doctor,8.19,82,7.18,4,4,1,41,53,3
10922,38,Female,Engineer,2.16,16,6.28,8,4,2,8,34,4
10923,46,Female,Engineer,9.37,34,4.28,4,2,1,69,223,1
10924,34,Male,Teacher,7.95,19,8.04,2,4,3,13,171,5
10925,30,Male,Doctor,7.36,99,7.77,5,6,4,50,257,2
10926,50,Male,Business,7.91,17,4.31,8,7,5,22,121,1
10927,36,Female,Designer,1.0,12,8.38,3,4,3,61,158,9
10928,38,Female,Engineer,6.22,13,6.57,8,3,2,54,36,6
10929,25,Male,Engineer,6.72,79,5.7,9,1,4,55,147,5
10930,30,Female,Teacher,5.8,17,6.78,6,7,5,68,29,8
10931,21,Male,Engineer,4.86,22,6.3,8,8,5,117,163,1
10932,37,Female,Student,6.72,77,6.98,7,3,5,110,173,7
10933,45,Male,Student,5.41,24,7.82,8,1,3,80,189,7
10934,36,Female,Doctor,9.56,54,5.07,1,1,4,12,232,2
10935,25,Female,Designer,5.56,7,5.25,5,7,0,119,297,2
10936,37,Female,Business,9.9,78,7.71,5,1,2,38,253,2
10937,35,Male,Engineer,8.99,100,6.26,9,9,5,102,124,2
10938,34,Female,Business,5.86,7,8.84,7,9,0,72,212,1
10939,48,Female,Business,1.78,63,7.31,8,5,1,100,287,9
10940,31,Female,Engineer,2.16,96,6.33,1,8,0,114,180,1
10941,35,Male,Engineer,4.94,39,8.89,8,9,1,109,94,3
10942,59,Female,Designer,9.9,78,7.87,2,8,3,62,250,9
10943,33,Male,Doctor,5.05,113,6.16,2,5,2,96,159,6
10944,44,Female,Doctor,6.03,99,4.56,9,4,4,113,208,3
10945,52,Female,Business,5.73,79,7.3,5,2,2,55,296,2
10946,57,Male,Student,9.48,99,5.23,1,7,0,111,91,3
10947,54,Female,Engineer,1.75,8,7.35,9,4,3,4,169,7
10948,43,Male,Doctor,6.93,92,8.33,9,2,2,8,59,8
10949,24,Male,Student,7.21,26,4.87,3,9,2,0,78,8
10950,39,Female,Teacher,5.65,105,5.12,1,9,2,29,216,8
10951,54,Male,Business,2.0,47,7.21,7,7,4,92,131,9
10952,59,Female,Doctor,5.89,98,5.46,8,4,0,15,260,1
10953,19,Male,Student,9.55,64,4.32,6,1,1,64,33,2
10954,21,Male,Engineer,2.48,53,7.05,8,5,4,100,107,8
10955,51,Male,Designer,2.81,16,7.96,1,2,4,106,280,4
10956,21,Female,Business,1.44,86,7.76,3,1,4,50,70,5
10957,32,Male,Engineer,4.91,92,4.33,8,5,0,4,231,8
10958,50,Male,Teacher,3.43,36,8.28,7,2,1,42,94,3
10959,24,Male,Student,6.08,22,8.2,9,2,1,115,79,7
10960,36,Male,Doctor,9.27,9,5.26,4,4,1,73,276,5
10961,37,Female,Doctor,8.6,39,6.8,4,2,0,68,77,7
10962,50,Male,Business,2.77,114,8.09,4,8,2,18,185,3
10963,58,Male,Business,7.28,73,8.05,4,7,3,70,257,8
10964,40,Male,Doctor,5.98,44,6.8,2,4,5,24,235,1
10965,47,Female,Teacher,8.73,16,4.61,7,5,0,104,76,2
10966,57,Male,Engineer,2.55,94,5.87,8,2,0,101,55,3
10967,49,Male,Business,9.71,67,8.48,4,4,5,104,178,7
10968,23,Female,Engineer,3.1,34,5.54,5,9,5,91,255,9
10969,39,Male,Engineer,9.73,49,5.46,7,9,2,62,268,6
10970,53,Male,Business,7.09,43,4.55,2,1,1,19,213,1
10971,58,Male,Engineer,6.56,78,6.42,8,3,3,102,136,2
10972,41,Male,Teacher,6.6,13,7.24,7,6,5,78,173,6
10973,25,Female,Engineer,4.98,20,8.5,4,4,0,107,197,8
10974,26,Male,Doctor,9.39,94,5.11,8,3,2,81,29,1
10975,26,Male,Designer,4.48,42,4.78,5,8,1,38,263,6
10976,26,Female,Teacher,4.87,21,8.81,3,8,5,47,150,1
10977,36,Female,Student,2.31,100,5.38,1,5,4,116,43,8
10978,23,Female,Business,4.58,10,5.06,5,9,2,69,49,9
10979,34,Male,Teacher,4.24,114,4.67,2,3,0,36,157,7
10980,55,Female,Engineer,3.29,33,6.6,5,5,4,107,256,8
10981,45,Male,Doctor,7.18,70,8.19,5,4,1,28,98,7
10982,40,Female,Business,9.75,85,8.51,6,7,4,36,28,8
10983,26,Female,Student,9.88,82,6.67,5,1,5,50,58,6
10984,40,Female,Doctor,1.21,50,6.62,7,7,4,63,228,1
10985,20,Female,Teacher,2.98,85,5.62,2,5,2,112,52,5
10986,50,Male,Business,6.63,24,5.56,1,9,2,33,91,1
10987,57,Female,Business,4.06,103,8.84,3,4,4,104,124,7
10988,41,Male,Engineer,4.69,37,5.26,7,9,4,113,133,9
10989,52,Male,Doctor,3.66,113,8.61,5,1,3,54,35,2
10990,46,Female,Business,9.41,7,5.02,1,8,4,64,188,8
10991,22,Male,Engineer,2.01,5,8.96,3,9,3,94,262,6
10992,36,Female,Teacher,9.74,117,4.68,5,7,3,17,244,6
10993,24,Male,Business,5.14,86,7.93,7,3,4,73,191,7
10994,50,Male,Teacher,4.83,115,8.2,8,5,4,40,203,7
10995,51,Female,Teacher,8.6,103,7.92,5,2,2,107,254,2
10996,42,Female,Teacher,7.09,104,8.1,6,7,4,43,228,3
10997,37,Male,Business,8.07,35,6.64,7,7,0,70,203,9
10998,31,Male,Teacher,5.7,53,8.54,1,9,3,15,266,9
10999,19,Male,Student,8.94,22,4.9,7,8,1,88,181,8
11000,23,Male,Designer,5.92,5,4.29,4,4,2,9,135,3
11001,51,Male,Doctor,4.36,28,4.5,3,4,4,115,71,1
11002,41,Female,Doctor,6.77,105,8.36,7,8,5,42,299,7
11003,46,Male,Doctor,5.37,118,8.07,1,6,1,47,250,1
11004,33,Female,Business,8.33,43,6.53,7,4,5,92,74,9
11005,59,Male,Doctor,6.17,42,5.92,3,6,0,3,250,4
11006,26,Male,Student,5.44,115,6.82,2,5,0,39,162,2
11007,46,Female,Business,9.65,80,6.59,1,7,2,113,182,4
11008,44,Female,Designer,3.15,59,6.26,2,7,5,85,278,8
11009,52,Male,Student,6.38,70,7.68,8,8,5,95,111,6
11010,44,Male,Teacher,6.44,81,4.28,8,2,3,27,229,2
11011,35,Female,Student,3.3,84,8.72,3,3,1,38,190,1
11012,48,Female,Teacher,1.88,79,7.86,1,7,1,24,59,6
11013,55,Female,Doctor,8.31,113,8.29,5,8,2,99,255,7
11014,51,Male,Student,2.59,92,4.45,8,4,3,0,62,1
11015,36,Male,Doctor,7.06,109,4.48,7,2,4,64,201,8
11016,49,Male,Student,8.84,39,4.4,2,1,3,42,280,2
11017,31,Male,Doctor,3.21,107,6.94,6,8,5,106,226,9
11018,42,Male,Doctor,3.0,58,7.36,7,4,4,56,144,3
11019,48,Female,Student,7.94,64,7.27,5,9,0,12,66,8
11020,21,Male,Business,5.78,21,6.28,2,6,4,23,282,2
11021,46,Female,Engineer,4.99,73,6.02,4,9,4,65,297,6
11022,57,Female,Business,5.97,54,8.01,3,6,5,59,60,2
11023,25,Female,Student,8.5,46,5.44,1,4,2,66,165,7
11024,56,Female,Engineer,6.81,98,8.25,1,2,3,64,258,9
11025,57,Female,Designer,6.32,103,7.7,7,7,4,65,212,3
11026,31,Male,Engineer,6.49,84,8.94,8,2,0,80,86,1
11027,59,Male,Doctor,2.58,60,8.96,6,3,2,107,199,4
11028,39,Male,Doctor,1.21,83,6.66,4,7,1,87,21,9
11029,23,Female,Business,8.41,91,7.73,1,3,5,14,67,4
11030,58,Male,Designer,7.31,32,4.36,6,3,2,29,259,7
11031,20,Male,Teacher,2.39,72,4.61,8,8,3,22,273,3
11032,45,Female,Student,8.19,109,5.64,1,8,0,12,136,6
11033,25,Female,Doctor,1.92,34,6.45,8,5,5,100,249,4
11034,21,Female,Teacher,9.19,33,7.72,7,4,3,66,135,8
11035,38,Male,Business,8.76,62,7.17,6,3,5,45,168,7
11036,40,Male,Teacher,2.61,103,8.5,8,5,4,43,36,4
11037,28,Male,Designer,5.14,25,8.41,8,6,4,36,93,1
11038,45,Female,Designer,1.01,10,7.69,7,3,3,20,234,7
11039,30,Male,Designer,4.93,37,7.45,9,2,1,3,129,3
11040,45,Female,Designer,9.91,9,5.82,7,7,1,94,91,9
11041,19,Female,Doctor,5.74,46,4.74,2,8,2,43,88,7
11042,45,Female,Designer,1.75,78,8.55,2,3,2,16,162,2
11043,59,Male,Designer,4.58,13,6.58,4,5,3,107,105,6
11044,35,Male,Doctor,4.85,84,4.11,9,9,0,12,229,6
11045,44,Female,Designer,1.46,33,4.41,9,5,4,56,207,7
11046,49,Male,Business,7.72,63,6.52,8,6,0,63,281,7
11047,41,Female,Business,7.98,27,6.34,9,2,5,71,244,6
11048,31,Female,Teacher,1.47,69,8.78,8,7,5,32,157,3
11049,48,Female,Doctor,9.74,69,4.0,3,1,4,65,47,7
11050,43,Female,Student,1.18,10,5.16,6,8,4,105,232,6
11051,58,Female,Designer,1.21,34,8.45,3,5,1,105,23,1
11052,48,Female,Engineer,6.82,51,8.9,2,8,5,35,241,5
11053,24,Male,Designer,9.63,40,6.65,5,4,0,80,230,1
11054,27,Female,Engineer,5.18,37,8.58,9,9,4,10,223,5
11055,29,Male,Doctor,1.61,81,4.7,6,1,1,65,289,3
11056,42,Female,Engineer,9.8,73,4.73,6,3,2,80,69,9
11057,23,Female,Designer,1.29,21,6.73,9,6,2,49,64,9
11058,48,Female,Business,5.13,109,7.57,2,9,2,23,161,5
11059,42,Female,Teacher,7.0,59,4.14,6,1,4,88,198,6
11060,51,Female,Doctor,5.39,44,5.87,2,9,3,58,283,5
11061,47,Female,Designer,8.85,72,8.92,6,5,4,68,123,1
11062,46,Female,Student,1.01,95,5.19,4,4,1,64,202,4
11063,34,Male,Designer,4.79,26,6.92,2,1,0,34,288,8
11064,32,Female,Teacher,9.91,81,7.8,4,1,4,32,71,7
11065,41,Female,Student,7.26,91,7.26,5,6,4,49,168,3
11066,21,Female,Business,8.34,111,6.71,3,3,0,94,232,5
11067,57,Male,Student,5.04,118,4.64,2,1,3,70,153,6
11068,29,Male,Teacher,4.03,48,6.81,5,1,4,73,197,2
11069,26,Female,Engineer,3.43,97,5.01,7,7,2,22,122,9
11070,22,Male,Doctor,4.89,87,4.04,9,3,3,119,147,5
11071,27,Male,Doctor,3.95,71,5.81,3,7,2,119,66,6
11072,33,Male,Doctor,3.57,71,6.56,2,2,5,96,113,5
11073,43,Female,Engineer,4.34,91,7.04,8,6,1,24,292,8
11074,48,Female,Teacher,9.8,30,4.8,9,9,2,72,173,6
11075,51,Male,Doctor,7.3,93,6.96,9,6,1,17,297,8
11076,43,Male,Student,6.31,103,7.04,2,9,4,13,213,5
11077,48,Male,Engineer,2.79,27,8.78,2,8,2,38,121,4
11078,37,Male,Student,8.28,97,7.82,9,4,0,113,58,2
11079,47,Female,Designer,6.37,73,6.02,4,4,3,101,152,8
11080,34,Female,Designer,2.04,110,8.24,8,9,0,61,138,9
11081,59,Female,Doctor,4.52,13,5.8,5,7,5,23,199,3
11082,41,Male,Designer,7.02,66,4.73,7,3,3,52,258,2
11083,51,Female,Doctor,4.33,93,7.5,7,9,1,25,41,3
11084,45,Female,Student,9.43,5,4.83,1,9,5,9,207,7
11085,58,Female,Teacher,6.79,18,6.46,9,6,5,106,172,6
11086,35,Female,Student,1.62,11,8.28,8,1,3,11,295,9
11087,38,Male,Business,2.28,58,5.17,7,6,0,1,112,6
11088,27,Male,Engineer,7.57,56,4.42,2,7,4,38,249,8
11089,20,Female,Student,6.31,59,4.53,8,3,5,12,198,1
11090,29,Male,Engineer,7.81,91,8.21,8,2,3,62,279,6
11091,36,Male,Designer,6.78,114,4.48,5,9,4,49,39,2
11092,19,Female,Designer,2.5,65,8.45,4,8,2,66,43,5
11093,33,Male,Designer,7.96,13,4.73,7,1,5,119,29,9
11094,52,Male,Doctor,1.61,17,5.49,1,9,0,113,174,7
11095,49,Female,Business,3.82,113,4.73,9,8,1,0,239,8
11096,48,Male,Designer,3.73,23,7.5,7,8,0,53,66,5
11097,18,Female,Engineer,2.98,116,7.12,3,5,1,91,35,8
11098,36,Male,Doctor,3.08,91,7.91,3,5,5,45,154,6
11099,52,Male,Business,3.22,118,6.01,7,8,4,24,237,7
11100,25,Male,Student,7.78,21,4.79,5,9,0,25,236,2
11101,42,Male,Teacher,2.62,78,7.01,2,7,1,68,205,8
11102,23,Female,Student,7.99,79,4.27,7,3,3,31,233,8
11103,34,Female,Designer,2.89,32,4.52,4,6,0,75,283,9
11104,34,Male,Business,7.98,57,6.56,4,9,1,65,273,7
11105,59,Male,Business,7.1,53,7.61,6,6,2,118,173,2
11106,29,Female,Student,9.05,67,7.45,5,6,2,3,223,4
11107,30,Female,Designer,7.58,24,4.39,8,1,2,18,237,6
11108,57,Male,Engineer,7.95,61,5.46,9,8,3,114,28,4
11109,26,Female,Teacher,8.82,38,5.17,2,5,4,108,32,4
11110,33,Female,Business,4.71,81,7.66,3,9,4,43,124,5
11111,25,Female,Business,4.71,8,7.98,5,8,4,7,35,3
11112,19,Female,Engineer,6.91,50,4.57,3,5,0,6,134,1
11113,52,Female,Engineer,3.94,96,7.62,2,2,4,103,164,2
11114,44,Male,Business,5.76,105,4.32,9,5,4,60,198,2
11115,45,Male,Designer,6.97,99,5.25,6,6,2,101,263,2
11116,38,Female,Designer,3.99,37,4.23,6,1,3,23,259,6
11117,22,Female,Business,8.16,51,5.52,2,2,3,103,194,7
11118,46,Female,Doctor,6.71,117,5.16,7,4,0,32,291,9
11119,29,Female,Student,7.92,40,6.25,3,3,1,79,191,7
11120,25,Male,Doctor,1.42,9,5.43,2,7,3,56,265,6
11121,50,Male,Teacher,1.16,96,4.63,9,6,5,16,168,9
11122,52,Female,Teacher,6.43,49,5.01,7,4,1,73,159,9
11123,56,Male,Designer,1.1,20,5.46,6,2,3,61,264,9
11124,57,Female,Designer,6.55,56,4.41,1,4,0,5,82,8
11125,53,Female,Student,5.79,105,4.82,6,1,0,32,74,2
11126,56,Female,Student,9.87,46,7.65,6,2,0,44,289,9
11127,59,Female,Teacher,1.59,70,5.91,1,2,0,0,32,4
11128,54,Female,Designer,7.98,77,5.1,8,9,4,67,28,3
11129,55,Female,Engineer,5.66,37,8.17,7,8,5,28,157,2
11130,37,Female,Teacher,1.38,50,8.39,3,4,2,104,182,7
11131,42,Female,Engineer,4.51,92,8.43,9,6,1,78,85,7
11132,18,Female,Teacher,1.27,72,8.8,9,5,1,16,187,1
11133,55,Female,Teacher,6.85,106,4.35,1,7,5,45,227,2
11134,40,Male,Student,8.94,35,5.54,2,3,1,51,95,9
11135,37,Female,Doctor,6.88,99,7.9,9,6,3,87,192,9
11136,30,Male,Student,4.81,26,8.93,9,5,2,46,53,2
11137,57,Female,Doctor,5.19,98,6.13,6,4,1,109,212,5
11138,19,Male,Student,6.21,62,4.58,5,1,5,55,290,6
11139,40,Female,Doctor,3.68,72,4.72,7,2,0,34,86,3
11140,59,Male,Designer,5.67,8,8.12,9,5,4,91,214,9
11141,53,Male,Designer,8.89,29,7.98,1,9,4,4,72,9
11142,54,Female,Engineer,4.47,15,7.65,9,8,2,45,94,6
11143,28,Female,Business,5.73,60,7.46,1,1,3,99,253,6
11144,59,Female,Engineer,8.11,103,7.93,2,5,4,102,116,4
11145,37,Male,Designer,6.75,50,5.44,8,9,5,88,232,7
11146,27,Female,Teacher,1.47,110,5.56,1,1,3,34,86,6
11147,21,Female,Engineer,9.92,85,6.61,2,8,5,65,88,3
11148,18,Male,Engineer,3.33,119,4.53,6,3,3,105,120,8
11149,31,Female,Student,6.94,94,4.15,9,6,2,78,135,1
11150,28,Male,Teacher,5.58,119,4.86,4,5,1,26,23,8
11151,45,Male,Teacher,6.23,59,7.54,5,7,5,89,292,9
11152,18,Female,Doctor,1.49,98,7.98,1,2,2,42,21,6
11153,30,Male,Student,5.2,89,4.7,5,6,2,16,85,8
11154,41,Male,Designer,4.08,77,5.74,6,6,2,0,255,2
11155,24,Male,Doctor,1.36,70,4.86,2,7,3,3,118,6
11156,48,Male,Designer,1.83,118,6.68,2,7,2,89,177,8
11157,48,Female,Teacher,1.61,9,8.66,6,6,5,33,113,5
11158,32,Female,Teacher,1.95,111,6.28,6,1,0,23,156,7
11159,39,Male,Teacher,9.91,85,6.07,2,9,4,114,147,1
11160,36,Male,Doctor,9.08,90,6.7,8,9,4,78,40,9
11161,39,Female,Doctor,4.94,78,5.15,3,6,2,29,230,3
11162,38,Female,Designer,9.65,117,7.93,8,5,1,47,202,3
11163,44,Female,Student,5.97,46,4.29,8,7,2,56,159,2
11164,41,Female,Student,7.71,94,4.06,8,7,3,101,257,8
11165,42,Female,Teacher,2.17,78,6.26,4,2,5,46,58,3
11166,54,Female,Designer,6.2,106,8.66,3,6,2,37,45,4
11167,25,Female,Student,5.8,113,4.55,9,9,0,25,240,9
11168,21,Male,Teacher,7.29,90,6.56,4,2,2,25,99,9
11169,48,Female,Business,3.89,41,6.45,9,2,4,76,113,4
11170,53,Female,Doctor,4.14,119,8.81,4,3,1,19,223,9
11171,39,Female,Doctor,8.56,14,7.73,1,6,4,117,286,7
11172,41,Female,Business,2.28,49,6.29,1,5,4,118,232,9
11173,36,Male,Teacher,4.65,29,6.58,3,7,5,104,97,4
11174,42,Male,Engineer,6.15,39,5.44,2,1,2,67,261,6
11175,51,Female,Student,8.92,27,6.29,2,4,0,117,213,9
11176,51,Male,Teacher,5.96,60,6.1,8,7,1,22,272,8
11177,42,Female,Teacher,9.72,52,6.27,2,4,5,13,298,4
11178,55,Male,Doctor,9.48,85,6.43,7,3,4,73,164,6
11179,56,Male,Student,6.27,86,4.35,4,2,1,43,159,8
11180,27,Male,Teacher,1.2,111,4.29,8,9,2,28,52,4
11181,59,Female,Student,7.52,27,6.32,9,6,2,47,126,3
11182,43,Male,Teacher,5.97,40,8.53,4,4,2,44,51,7
11183,31,Male,Designer,2.34,33,8.26,3,1,4,79,234,1
11184,36,Male,Designer,5.79,40,7.19,4,1,3,21,32,5
11185,41,Male,Business,4.82,107,7.74,4,8,4,58,234,8
11186,55,Female,Doctor,1.69,66,4.1,4,2,1,79,179,1
11187,32,Female,Engineer,8.7,86,6.64,6,2,4,44,56,8
11188,50,Female,Student,9.58,41,4.69,3,8,4,41,282,7
11189,41,Male,Designer,6.28,72,6.06,2,1,5,107,268,1
11190,49,Female,Engineer,8.39,92,5.07,1,6,5,101,105,7
11191,59,Female,Designer,3.23,110,6.23,1,3,3,59,284,9
11192,57,Female,Student,7.35,6,5.01,2,9,4,64,79,3
11193,59,Female,Business,6.54,95,6.19,8,1,4,45,276,3
11194,38,Male,Business,8.58,28,8.26,6,3,5,44,39,1
11195,31,Male,Designer,4.49,91,7.37,5,7,0,59,176,9
11196,58,Male,Student,9.18,46,7.11,7,9,4,16,288,3
11197,19,Male,Business,6.65,116,5.1,5,7,4,14,116,7
11198,34,Male,Doctor,8.01,60,4.57,4,9,0,119,104,9
11199,31,Male,Designer,1.22,66,5.63,1,1,0,14,161,7
11200,32,Female,Teacher,4.71,102,5.89,1,1,2,107,80,7
11201,51,Female,Doctor,8.45,101,4.92,4,3,2,86,130,6
11202,57,Male,Teacher,6.37,71,8.51,6,9,1,107,260,4
11203,45,Female,Teacher,6.53,12,8.53,3,8,0,107,29,9
11204,55,Male,Business,8.53,75,4.32,5,3,1,93,26,2
11205,24,Female,Business,7.42,20,8.89,2,9,3,13,270,3
11206,21,Female,Business,6.83,93,6.58,9,7,2,48,213,3
11207,34,Male,Doctor,9.14,19,5.15,2,1,1,3,32,9
11208,27,Male,Teacher,7.31,109,6.59,9,1,2,49,104,2
11209,40,Male,Student,9.71,60,7.82,3,7,5,36,36,4
11210,59,Male,Teacher,4.8,47,5.81,6,2,1,37,146,3
11211,48,Male,Teacher,2.74,19,7.53,1,8,3,1,123,6
11212,22,Male,Student,2.75,83,8.91,4,9,4,92,165,8
11213,52,Male,Doctor,8.31,81,4.98,5,1,4,67,209,8
11214,51,Female,Business,1.97,21,8.11,8,3,2,111,59,1
11215,28,Female,Doctor,7.97,31,4.81,9,4,0,68,279,6
11216,53,Male,Business,5.41,38,4.6,8,5,5,78,226,4
11217,47,Male,Designer,5.58,91,5.52,4,1,0,97,130,8
11218,22,Female,Teacher,3.74,75,5.8,3,7,0,116,268,2
11219,25,Female,Designer,6.86,79,8.93,8,9,2,42,135,8
11220,55,Female,Engineer,5.68,88,8.55,1,3,5,17,283,8
11221,29,Female,Doctor,4.95,15,7.6,3,5,3,44,136,3
11222,24,Female,Designer,4.34,109,8.56,4,8,0,68,86,3
11223,52,Female,Engineer,1.18,30,4.82,5,7,1,36,188,7
11224,33,Male,Teacher,1.08,32,6.4,3,9,3,58,51,2
11225,36,Female,Teacher,4.66,104,6.8,1,8,2,31,78,8
11226,24,Female,Doctor,9.87,35,7.97,4,7,1,79,268,3
11227,19,Male,Doctor,3.77,28,7.6,8,7,4,83,281,1
11228,18,Female,Doctor,4.59,92,5.06,3,9,0,44,291,8
11229,31,Male,Teacher,8.92,26,4.69,9,8,5,104,235,3
11230,22,Male,Designer,7.1,81,5.92,2,6,3,34,277,2
11231,44,Female,Teacher,1.24,57,7.84,7,9,2,53,199,1
11232,33,Male,Doctor,5.15,36,7.35,6,7,0,86,218,9
11233,18,Female,Student,8.14,55,4.54,4,8,0,11,170,1
11234,20,Female,Engineer,8.89,28,4.23,4,3,1,28,43,6
11235,41,Female,Designer,2.35,104,7.0,9,7,3,110,82,2
11236,47,Male,Doctor,8.54,71,8.8,8,1,0,116,126,1
11237,36,Male,Teacher,1.04,87,7.36,3,6,5,61,290,3
11238,55,Male,Student,6.37,109,4.55,5,6,2,56,242,9
11239,32,Male,Student,8.64,23,4.75,2,2,5,57,214,3
11240,41,Female,Designer,2.57,78,5.51,1,2,3,29,299,1
11241,33,Female,Designer,3.81,13,7.27,8,8,0,41,271,4
11242,58,Female,Designer,6.51,56,5.42,6,1,5,24,164,1
11243,53,Female,Teacher,4.65,82,4.16,6,4,5,71,106,9
11244,19,Male,Doctor,3.96,117,7.6,5,5,4,95,165,7
11245,37,Female,Engineer,2.74,117,4.82,1,2,2,116,293,9
11246,57,Female,Business,3.79,22,8.98,2,7,1,55,225,8
11247,25,Female,Designer,6.73,82,5.11,4,2,3,21,160,6
11248,56,Female,Doctor,7.45,60,5.09,4,4,0,43,231,2
11249,37,Female,Student,6.16,18,5.39,3,7,2,93,158,1
11250,22,Male,Designer,1.02,74,8.48,5,4,1,25,95,6
11251,43,Male,Business,9.71,53,4.24,7,1,3,5,216,7
11252,48,Male,Designer,4.74,33,6.35,3,2,2,95,49,2
11253,39,Male,Engineer,3.07,69,7.07,6,3,0,65,78,8
11254,27,Male,Business,9.1,55,7.01,2,6,4,45,236,5
11255,49,Male,Designer,5.43,67,8.65,9,4,3,50,200,5
11256,49,Male,Engineer,2.85,93,4.1,3,6,0,81,223,8
11257,30,Male,Engineer,3.76,102,4.87,8,7,0,54,112,5
11258,50,Male,Designer,3.58,43,6.48,3,2,1,116,71,4
11259,37,Female,Student,9.23,60,6.65,5,8,4,105,179,6
11260,26,Male,Teacher,5.89,94,5.46,5,5,0,73,56,8
11261,56,Female,Engineer,5.72,109,4.96,8,9,0,48,67,8
11262,43,Female,Business,8.52,35,4.16,5,8,3,66,21,4
11263,57,Male,Teacher,3.41,118,7.3,8,3,2,77,112,6
11264,54,Male,Engineer,6.41,11,6.51,9,6,4,24,27,1
11265,45,Male,Business,5.75,114,5.15,6,4,1,79,28,6
11266,39,Male,Business,7.09,59,8.58,9,8,0,75,165,2
11267,51,Female,Teacher,1.96,52,7.66,2,4,1,99,164,3
11268,52,Male,Teacher,1.13,107,4.21,3,9,2,68,113,9
11269,22,Male,Business,8.68,68,4.83,5,8,1,44,261,7
11270,23,Female,Engineer,4.56,51,8.88,8,2,3,117,47,6
11271,53,Female,Engineer,9.71,17,4.64,7,7,1,88,269,3
11272,32,Male,Student,3.6,44,5.47,5,7,5,104,245,5
11273,24,Female,Engineer,1.2,115,6.5,9,1,2,42,101,4
11274,46,Male,Engineer,2.07,26,5.81,4,4,2,21,207,2
11275,25,Female,Student,3.13,33,6.79,4,1,3,44,224,9
11276,33,Male,Student,4.81,108,7.86,5,9,4,85,139,8
11277,42,Male,Doctor,7.7,36,8.58,8,9,4,86,28,5
11278,39,Male,Engineer,4.51,93,7.99,9,7,1,16,162,3
11279,59,Female,Business,5.65,30,6.32,7,1,5,117,63,8
11280,24,Male,Doctor,5.65,41,5.74,8,3,0,25,112,5
11281,46,Female,Engineer,7.46,117,5.74,2,6,5,98,299,9
11282,30,Male,Designer,3.62,83,6.2,1,6,2,10,144,9
11283,48,Female,Teacher,6.92,41,8.05,4,9,3,0,106,1
11284,50,Male,Business,2.33,36,7.8,3,3,2,36,196,7
11285,50,Female,Student,7.54,119,6.25,4,4,0,117,162,7
11286,39,Female,Engineer,5.62,53,6.21,5,8,3,73,157,2
11287,44,Male,Doctor,5.08,25,4.89,2,5,0,82,39,5
11288,33,Male,Engineer,3.54,66,6.38,9,3,3,11,176,4
11289,34,Male,Designer,7.18,16,5.66,8,7,0,27,216,6
11290,22,Female,Engineer,8.07,113,4.3,9,9,0,108,60,2
11291,41,Male,Teacher,7.71,15,8.77,6,4,2,25,23,5
11292,35,Female,Teacher,4.84,52,4.67,5,2,4,23,220,2
11293,18,Female,Student,6.7,14,4.21,6,7,0,37,247,7
11294,34,Female,Engineer,8.5,13,6.57,7,2,4,34,122,8
11295,26,Male,Teacher,9.97,79,7.06,4,5,3,37,110,1
11296,29,Male,Engineer,9.57,89,7.28,6,7,5,53,98,3
11297,52,Female,Doctor,7.08,45,5.36,1,4,3,91,139,4
11298,30,Male,Student,5.78,78,6.78,6,2,5,21,197,3
11299,56,Female,Teacher,6.08,86,5.89,4,6,2,117,244,6
11300,18,Male,Doctor,5.05,103,7.91,3,1,2,84,48,6
11301,47,Female,Engineer,8.3,115,7.55,9,8,3,5,70,2
11302,24,Female,Student,3.07,67,6.89,7,2,2,89,157,5
11303,44,Female,Student,2.6,114,5.89,8,3,5,12,295,4
11304,48,Male,Business,4.61,80,8.39,9,7,4,54,265,9
11305,45,Female,Engineer,6.32,81,8.32,7,7,1,79,228,2
11306,23,Male,Student,4.58,38,5.15,2,7,1,8,190,7
11307,38,Female,Doctor,4.86,33,5.54,2,1,5,57,37,5
11308,45,Female,Teacher,4.73,45,5.32,4,2,3,73,24,8
11309,25,Female,Designer,5.21,70,8.75,6,7,3,4,60,4
11310,59,Female,Doctor,3.68,41,6.14,3,5,4,109,182,6
11311,33,Female,Doctor,5.68,13,6.51,3,8,2,18,245,3
11312,59,Female,Designer,3.4,70,6.91,8,3,2,69,150,7
11313,45,Male,Doctor,6.7,32,7.42,5,4,3,70,237,4
11314,19,Male,Teacher,6.81,80,8.95,4,9,0,16,71,5
11315,48,Female,Engineer,9.9,94,5.84,5,5,2,116,195,4
11316,46,Male,Engineer,6.69,26,7.77,5,1,5,59,67,4
11317,57,Male,Student,9.12,118,5.39,2,2,2,24,161,9
11318,42,Female,Doctor,7.53,41,7.78,7,9,2,27,202,7
11319,36,Male,Student,9.0,117,8.38,9,5,4,70,29,5
11320,19,Male,Engineer,2.34,112,7.73,6,8,1,31,264,4
11321,24,Male,Designer,3.63,107,6.44,6,6,4,12,240,2
11322,56,Male,Teacher,2.61,113,6.72,1,2,0,55,200,3
11323,37,Female,Designer,9.11,116,6.49,9,7,1,59,20,2
11324,45,Male,Business,9.04,110,5.2,3,2,3,117,184,6
11325,27,Female,Student,5.6,41,4.56,8,1,1,23,91,7
11326,43,Female,Designer,4.95,102,4.59,2,1,2,39,81,6
11327,33,Female,Engineer,6.57,54,8.19,8,2,2,76,193,4
11328,27,Female,Engineer,4.03,15,8.41,1,1,5,24,65,1
11329,22,Male,Student,6.79,23,6.18,2,7,0,72,152,1
11330,25,Male,Designer,8.77,82,5.31,1,2,3,8,114,9
11331,21,Male,Teacher,3.82,52,8.62,1,8,0,101,156,7
11332,37,Female,Engineer,2.4,40,4.85,9,2,0,63,91,8
11333,18,Female,Designer,8.59,37,6.58,7,5,2,31,238,5
11334,47,Female,Doctor,5.45,45,5.41,8,8,0,79,93,2
11335,41,Male,Designer,9.04,60,4.37,7,2,0,18,298,2
11336,29,Male,Teacher,4.0,38,6.7,4,3,0,76,96,8
11337,48,Male,Designer,7.36,28,7.08,7,7,3,6,46,2
11338,31,Female,Business,7.85,87,7.24,5,9,5,83,186,3
11339,21,Female,Engineer,3.69,5,6.82,7,8,0,58,151,3
11340,26,Female,Teacher,4.12,68,6.21,7,3,5,74,278,9
11341,30,Male,Designer,6.43,16,7.77,8,9,5,34,272,2
11342,40,Female,Doctor,1.69,11,5.16,1,7,2,37,87,2
11343,53,Female,Doctor,1.68,96,5.16,1,4,2,43,288,7
11344,55,Female,Engineer,6.62,31,4.75,4,4,3,71,287,5
11345,28,Male,Doctor,1.97,39,4.58,8,6,4,118,132,9
11346,18,Female,Designer,3.57,12,7.05,4,7,2,109,273,6
11347,54,Female,Student,9.55,14,6.13,5,8,3,17,202,2
11348,28,Male,Business,6.99,51,8.39,5,3,2,49,216,6
11349,49,Male,Teacher,8.97,84,7.0,9,2,4,107,88,1
11350,59,Female,Business,5.16,65,5.6,4,3,5,53,220,1
11351,35,Female,Student,8.3,112,4.85,4,8,1,106,177,3
11352,42,Male,Designer,1.72,81,8.28,6,6,5,48,153,2
11353,31,Female,Business,5.67,37,8.51,1,8,2,5,159,6
11354,39,Male,Designer,3.02,109,4.91,7,6,5,30,225,1
11355,19,Female,Doctor,2.27,73,4.68,4,7,4,7,86,5
11356,26,Female,Engineer,2.11,78,7.05,1,6,5,105,299,1
11357,22,Male,Teacher,5.12,18,7.14,1,7,0,114,284,6
11358,50,Female,Student,7.67,80,4.02,5,2,4,97,296,3
11359,55,Male,Teacher,1.67,32,8.16,1,8,4,5,75,8
11360,48,Female,Designer,3.53,50,6.15,6,1,2,15,163,7
11361,22,Female,Designer,1.89,65,7.52,2,6,4,88,294,9
11362,37,Female,Engineer,1.44,66,7.28,9,5,1,88,68,9
11363,26,Female,Business,7.06,111,7.8,9,3,3,32,191,3
11364,29,Female,Teacher,6.92,109,7.67,3,4,1,95,296,9
11365,46,Female,Student,7.71,5,8.44,1,5,2,105,297,9
11366,33,Female,Engineer,3.2,86,6.46,8,1,1,4,32,9
11367,28,Female,Business,4.25,77,4.7,4,5,4,32,279,8
11368,54,Female,Teacher,6.91,15,8.29,7,3,5,119,88,8
11369,34,Female,Business,2.96,84,6.1,2,9,5,45,167,9
11370,32,Female,Teacher,1.21,84,5.4,3,8,0,98,276,1
11371,20,Male,Engineer,6.98,34,8.63,8,4,1,86,63,5
11372,37,Female,Engineer,7.24,103,5.98,5,3,3,42,132,2
11373,28,Male,Designer,2.07,58,8.37,2,8,5,6,183,1
11374,39,Female,Doctor,1.03,82,8.61,1,8,0,34,254,1
11375,31,Male,Engineer,7.12,91,7.02,1,4,3,90,170,1
11376,34,Female,Doctor,1.04,98,7.31,1,1,4,109,181,9
11377,46,Female,Doctor,7.02,117,4.89,9,8,5,1,266,3
11378,20,Female,Student,2.5,110,8.99,9,1,3,37,235,9
11379,38,Female,Doctor,4.29,22,8.39,2,5,4,111,209,2
11380,34,Male,Engineer,4.67,106,7.66,3,2,3,104,38,6
11381,37,Male,Teacher,9.59,31,4.15,1,9,2,77,27,7
11382,55,Female,Engineer,4.21,94,6.87,1,2,4,85,137,8
11383,23,Male,Teacher,4.06,103,8.52,7,6,0,50,209,5
11384,40,Female,Teacher,4.72,101,5.61,1,4,2,3,202,6
11385,28,Female,Engineer,4.97,115,8.69,4,6,1,52,47,2
11386,26,Male,Doctor,9.86,118,8.43,6,7,5,26,124,9
11387,28,Female,Student,2.28,115,5.48,2,8,2,97,219,7
11388,19,Female,Designer,6.53,21,4.07,6,1,5,42,289,7
11389,57,Female,Designer,5.51,42,6.48,6,3,1,1,45,9
11390,48,Female,Designer,8.93,88,5.36,5,2,0,88,152,6
11391,26,Female,Doctor,2.43,50,8.67,8,7,5,66,261,6
11392,51,Male,Engineer,5.62,114,7.2,5,9,5,105,193,4
11393,50,Female,Teacher,6.7,117,4.93,6,7,5,108,179,4
11394,56,Female,Designer,5.47,17,6.58,3,8,3,78,298,5
11395,53,Female,Engineer,9.23,73,7.74,2,4,2,76,256,4
11396,44,Female,Designer,7.1,81,5.2,1,6,4,70,235,1
11397,18,Male,Student,7.4,24,5.55,9,7,2,114,207,9
11398,22,Male,Engineer,1.57,27,6.71,5,2,0,3,137,5
11399,50,Male,Student,9.7,49,8.45,6,9,1,58,262,8
11400,38,Male,Designer,3.0,65,5.66,3,4,1,51,99,1
11401,52,Male,Student,1.93,61,4.84,3,4,0,96,39,2
11402,54,Male,Student,7.73,94,5.04,9,5,2,28,116,1
11403,34,Female,Teacher,8.79,62,5.77,2,8,5,54,44,4
11404,43,Male,Engineer,2.57,52,5.72,4,9,5,111,157,8
11405,23,Male,Doctor,9.93,61,5.93,4,9,4,45,126,2
11406,51,Male,Engineer,1.36,28,7.86,8,6,1,6,295,4
11407,41,Female,Doctor,5.07,114,5.0,8,1,1,59,225,9
11408,39,Male,Teacher,7.16,60,5.98,1,9,1,30,275,6
11409,18,Male,Designer,7.45,53,6.27,2,6,0,98,37,2
11410,29,Female,Business,7.97,87,6.05,7,5,5,32,60,5
11411,54,Male,Teacher,1.68,34,5.21,8,9,1,99,64,6
11412,43,Male,Engineer,7.42,105,7.88,8,1,4,74,217,2
11413,20,Female,Doctor,6.9,71,7.38,8,6,2,50,61,7
11414,20,Male,Business,9.53,14,5.86,4,3,4,22,37,4
11415,47,Male,Engineer,9.95,61,4.23,3,8,3,14,294,2
11416,29,Female,Student,6.74,15,8.86,1,4,5,58,233,2
11417,50,Male,Teacher,6.02,15,8.16,7,9,0,21,126,2
11418,19,Male,Business,9.99,98,7.44,8,5,2,68,136,1
11419,48,Male,Designer,8.62,46,6.62,3,6,5,0,48,8
11420,47,Male,Doctor,7.36,70,6.08,3,8,0,15,110,9
11421,52,Male,Student,7.92,44,4.39,2,5,5,58,22,5
11422,56,Female,Business,3.49,117,5.03,5,1,5,15,194,4
11423,35,Male,Business,1.02,31,4.83,9,5,3,66,254,9
11424,26,Female,Engineer,2.34,62,5.76,9,4,4,45,259,2
11425,39,Female,Doctor,9.83,8,6.5,6,7,4,68,141,8
11426,59,Male,Business,8.0,65,4.87,7,4,0,24,29,2
11427,45,Female,Business,5.72,82,7.51,6,6,4,40,196,5
11428,46,Female,Business,3.01,64,4.84,3,1,5,48,69,4
11429,32,Male,Doctor,8.38,48,6.42,1,6,3,110,70,4
11430,50,Male,Business,2.61,56,8.12,8,9,2,56,145,6
11431,23,Male,Teacher,3.19,20,6.51,9,4,2,90,53,8
11432,50,Male,Engineer,6.05,74,8.62,3,4,5,88,246,9
11433,32,Female,Doctor,9.77,56,8.69,2,4,3,3,257,9
11434,52,Female,Engineer,4.72,13,8.13,5,2,5,102,127,2
11435,32,Female,Business,8.92,29,4.17,3,5,4,118,264,6
11436,24,Male,Teacher,2.47,17,4.4,8,7,0,61,78,6
11437,55,Male,Business,3.25,28,7.83,6,6,4,40,102,7
11438,56,Male,Engineer,5.65,104,6.53,7,8,2,49,158,8
11439,41,Male,Engineer,1.79,18,4.56,4,7,1,112,48,3
11440,27,Male,Student,2.7,6,5.82,7,1,1,8,176,1
11441,40,Male,Business,6.91,99,8.28,7,1,1,97,252,8
11442,30,Male,Doctor,6.08,43,6.51,2,1,4,16,272,5
11443,20,Male,Designer,8.96,53,8.02,8,6,3,78,103,5
11444,26,Female,Business,8.56,17,6.6,1,2,3,74,38,6
11445,41,Female,Doctor,8.51,35,8.28,4,7,2,101,191,8
11446,38,Female,Doctor,9.43,91,5.25,8,5,5,97,181,8
11447,34,Female,Doctor,6.97,15,6.89,2,7,4,105,173,6
11448,54,Male,Student,3.42,101,7.61,4,5,5,27,251,1
11449,55,Female,Designer,3.79,40,7.16,2,2,4,63,216,7
11450,38,Female,Engineer,2.79,9,5.79,9,9,5,69,197,2
11451,51,Male,Business,2.76,37,6.01,5,9,0,3,111,9
11452,25,Male,Business,8.09,104,8.28,9,4,3,70,180,5
11453,26,Female,Designer,9.27,26,7.3,4,2,5,30,24,3
11454,39,Female,Designer,5.97,42,7.59,4,9,3,81,167,5
11455,39,Male,Designer,4.07,86,6.25,7,6,0,85,165,5
11456,20,Female,Designer,2.7,96,6.17,7,7,1,33,171,4
11457,49,Male,Doctor,3.37,8,6.55,5,3,5,50,119,6
11458,24,Female,Designer,8.76,6,8.06,9,5,2,90,22,5
11459,34,Female,Student,9.56,51,7.59,7,6,0,111,196,1
11460,55,Female,Engineer,3.55,86,7.52,4,5,0,110,253,2
11461,32,Female,Doctor,6.25,46,5.27,3,4,0,112,126,3
11462,58,Female,Doctor,2.07,58,5.44,4,3,3,68,280,2
11463,59,Female,Doctor,8.89,108,4.89,3,2,1,43,139,8
11464,22,Female,Engineer,3.6,24,6.33,6,5,3,98,115,1
11465,56,Male,Student,8.42,15,5.61,6,4,1,42,30,7
11466,43,Female,Student,5.63,113,8.26,7,1,3,103,48,9
11467,21,Female,Designer,7.55,38,4.73,5,5,2,56,147,3
11468,27,Female,Engineer,8.48,59,4.15,1,2,0,65,23,6
11469,28,Male,Business,8.58,19,6.04,9,8,4,21,251,8
11470,52,Male,Engineer,8.04,91,6.57,8,6,2,59,78,2
11471,59,Male,Engineer,7.51,43,7.94,7,2,0,45,153,2
11472,54,Female,Engineer,5.17,22,6.28,3,1,5,12,82,5
11473,42,Male,Teacher,4.8,80,4.01,5,9,3,16,68,7
11474,45,Male,Student,5.6,59,8.55,1,3,3,15,223,6
11475,56,Female,Designer,3.85,118,6.13,1,2,4,107,126,7
11476,41,Female,Designer,1.87,93,6.63,6,6,4,34,233,9
11477,52,Female,Student,7.46,108,6.91,4,3,3,4,269,7
11478,45,Female,Engineer,7.63,27,8.91,7,4,4,27,155,6
11479,36,Male,Engineer,4.57,98,6.87,5,7,3,51,159,9
11480,25,Male,Engineer,8.79,104,5.5,9,6,1,40,252,3
11481,53,Male,Student,4.21,23,4.52,7,3,5,48,264,6
11482,48,Female,Designer,8.07,21,6.39,6,9,1,77,77,7
11483,25,Male,Business,6.05,23,7.19,1,2,5,95,293,5
11484,27,Male,Doctor,4.8,81,6.2,3,6,4,9,176,6
11485,33,Male,Business,3.32,47,4.32,8,1,2,119,157,4
11486,33,Male,Teacher,9.67,80,8.25,7,6,3,88,228,3
11487,35,Female,Teacher,9.53,116,5.09,1,2,1,51,148,1
11488,19,Female,Student,2.38,12,7.66,9,6,2,55,192,9
11489,56,Male,Teacher,5.63,68,6.11,3,9,1,110,153,1
11490,42,Male,Engineer,1.11,77,7.98,3,7,0,10,221,2
11491,53,Male,Engineer,9.53,71,5.96,8,4,0,104,275,6
11492,19,Male,Doctor,1.08,40,8.52,9,8,2,65,22,3
11493,27,Male,Business,6.53,45,6.48,6,5,4,18,88,2
11494,42,Female,Student,1.45,60,5.2,7,7,5,14,281,3
11495,42,Female,Doctor,2.06,25,8.98,6,8,2,16,102,3
11496,30,Female,Engineer,3.36,59,4.97,9,1,2,77,198,6
11497,32,Female,Student,6.84,59,4.14,2,2,0,38,114,6
11498,27,Male,Business,9.43,6,8.59,2,9,1,60,157,8
11499,37,Female,Teacher,5.14,97,8.3,5,7,4,72,35,7
11500,44,Male,Designer,3.04,101,8.51,8,3,2,0,242,6
11501,54,Female,Teacher,2.45,65,7.75,7,5,2,79,47,1
11502,31,Female,Teacher,5.31,19,7.29,2,5,1,117,69,9
11503,52,Male,Business,4.8,55,5.36,9,4,2,0,147,7
11504,41,Male,Student,7.3,61,6.54,4,1,2,20,127,4
11505,39,Male,Student,1.86,68,8.37,9,7,5,65,130,1
11506,52,Female,Teacher,5.11,6,7.44,5,4,1,106,52,4
11507,21,Female,Designer,5.96,119,6.53,1,2,5,118,40,4
11508,43,Male,Teacher,7.99,105,4.76,9,7,3,33,195,9
11509,50,Female,Student,7.51,94,6.79,7,7,0,67,201,9
11510,20,Female,Doctor,4.34,11,7.08,1,6,5,63,89,6
11511,37,Male,Engineer,3.69,32,8.36,8,8,3,59,167,2
11512,29,Female,Doctor,5.53,36,6.76,2,7,1,21,21,7
11513,21,Male,Student,1.99,95,5.1,3,2,0,52,153,1
11514,56,Female,Business,4.03,32,5.37,2,7,2,82,283,9
11515,29,Male,Business,8.36,73,4.55,8,3,4,77,73,2
11516,51,Male,Student,3.09,111,5.13,2,1,5,1,36,7
11517,50,Female,Student,7.53,89,5.47,8,1,4,65,213,1
11518,57,Male,Student,1.93,15,6.26,5,6,3,31,145,2
11519,29,Male,Doctor,2.11,71,5.88,6,5,5,104,60,7
11520,59,Female,Doctor,5.96,93,6.98,8,3,0,6,223,1
11521,52,Female,Designer,9.15,39,4.1,1,2,3,90,48,3
11522,27,Male,Doctor,4.93,78,8.76,7,2,1,104,106,7
11523,51,Female,Teacher,7.12,83,7.99,4,9,2,106,201,5
11524,50,Male,Doctor,2.71,51,7.93,8,2,5,117,291,4
11525,38,Male,Doctor,5.5,47,6.05,2,6,3,2,249,4
11526,31,Male,Student,4.81,67,5.6,2,6,1,29,187,1
11527,27,Female,Teacher,6.03,35,6.97,7,2,1,32,64,8
11528,47,Female,Student,8.96,45,5.53,6,1,1,88,295,4
11529,35,Female,Teacher,5.56,24,6.96,4,5,2,113,62,1
11530,33,Female,Business,8.04,119,4.0,7,4,4,105,58,8
11531,57,Male,Designer,8.58,87,7.94,1,8,3,2,254,1
11532,54,Female,Business,1.79,53,5.53,7,6,1,116,121,4
11533,34,Male,Doctor,8.21,9,4.47,1,9,4,89,278,4
11534,21,Female,Designer,5.78,37,4.37,2,1,3,107,250,2
11535,28,Male,Student,5.5,20,6.72,6,8,5,95,37,5
11536,37,Male,Student,7.99,81,7.96,3,9,4,113,205,9
11537,51,Male,Business,1.54,12,5.77,2,9,1,15,194,4
11538,46,Male,Designer,7.32,35,6.47,9,5,3,62,188,9
11539,35,Female,Designer,4.42,27,8.38,1,3,2,114,267,9
11540,53,Male,Student,7.91,112,8.31,9,9,0,99,297,4
11541,37,Female,Designer,9.94,29,6.89,4,7,3,110,266,7
11542,40,Male,Teacher,8.9,99,5.5,8,9,3,67,135,3
11543,30,Male,Doctor,9.11,28,7.59,5,9,4,62,195,5
11544,34,Female,Teacher,1.41,48,7.09,7,3,3,49,143,9
11545,55,Female,Business,9.63,58,7.74,8,4,3,51,244,4
11546,27,Male,Business,5.32,97,4.2,9,9,4,103,55,7
11547,47,Female,Engineer,4.83,45,6.2,1,7,3,93,201,6
11548,32,Female,Designer,5.24,38,6.09,2,7,5,17,218,9
11549,47,Female,Business,2.0,78,4.2,5,4,5,80,120,4
11550,42,Female,Engineer,6.19,36,6.68,6,6,0,21,253,1
11551,39,Female,Teacher,5.23,7,8.96,2,5,4,23,267,2
11552,50,Male,Teacher,7.07,56,6.74,2,5,0,80,67,5
11553,51,Male,Student,3.43,77,5.83,2,3,5,20,209,2
11554,37,Female,Engineer,8.8,15,8.12,4,6,3,23,211,8
11555,53,Male,Doctor,2.48,65,6.21,7,9,1,69,83,5
11556,40,Male,Doctor,3.74,77,9.0,2,6,3,96,256,1
11557,56,Female,Doctor,9.76,23,7.86,4,3,5,104,66,3
11558,31,Female,Doctor,7.12,39,7.35,1,4,5,75,236,3
11559,19,Male,Doctor,1.43,32,7.47,1,8,2,62,67,5
11560,44,Female,Engineer,6.8,90,7.97,7,9,5,18,250,6
11561,29,Female,Doctor,7.63,23,5.99,3,2,1,22,66,6
11562,29,Female,Student,3.79,51,7.51,1,2,3,94,291,5
11563,48,Male,Doctor,1.41,21,4.07,3,4,4,86,73,3
11564,51,Male,Student,9.44,43,7.63,6,2,2,28,172,5
11565,52,Male,Student,6.73,38,7.66,6,3,5,81,42,2
11566,37,Female,Student,2.92,9,4.99,9,6,0,68,247,2
11567,34,Female,Designer,1.91,95,6.44,6,8,5,55,197,7
11568,41,Female,Business,5.89,9,6.6,6,8,5,89,67,5
11569,33,Male,Designer,1.48,40,8.12,3,9,1,108,264,3
11570,41,Male,Student,2.38,112,8.38,7,3,3,33,55,9
11571,42,Male,Designer,6.41,115,4.61,8,7,3,56,148,8
11572,53,Male,Teacher,8.76,97,5.04,4,3,2,50,244,9
11573,21,Male,Teacher,8.26,98,8.5,6,7,0,91,128,9
11574,29,Female,Doctor,7.92,43,6.7,3,8,0,5,203,4
11575,59,Male,Student,9.74,34,8.35,8,1,0,65,25,2
11576,26,Male,Designer,3.5,113,6.01,9,8,2,113,90,9
11577,51,Female,Doctor,3.8,99,4.78,9,1,0,64,25,9
11578,45,Female,Business,6.15,86,7.55,3,3,4,79,144,5
11579,53,Female,Designer,4.06,19,5.6,3,3,2,104,77,1
11580,26,Male,Designer,5.73,112,8.42,6,9,1,63,161,7
11581,28,Female,Designer,2.17,34,5.23,9,6,4,119,184,8
11582,39,Male,Engineer,5.67,103,6.21,6,7,5,108,109,7
11583,32,Male,Engineer,6.46,106,8.93,8,6,1,71,56,5
11584,22,Male,Designer,3.9,42,7.78,4,4,3,99,176,6
11585,36,Female,Teacher,6.84,79,4.07,5,9,1,64,268,8
11586,31,Female,Designer,6.31,19,6.08,9,6,1,101,173,8
11587,22,Female,Designer,3.53,110,4.87,4,2,0,63,216,1
11588,26,Female,Student,9.16,110,4.66,2,9,3,82,84,7
11589,29,Female,Business,7.53,11,6.99,1,5,0,56,257,5
11590,56,Male,Designer,3.01,65,5.06,8,8,1,75,256,4
11591,40,Female,Designer,9.72,49,8.53,5,7,4,102,103,1
11592,18,Male,Business,7.4,108,4.09,2,1,5,75,107,6
11593,35,Male,Designer,6.64,46,6.35,4,8,5,114,59,1
11594,48,Female,Engineer,1.65,17,6.81,5,6,3,117,120,2
11595,54,Female,Designer,3.38,62,6.7,7,8,3,1,23,1
11596,35,Male,Designer,5.34,101,4.08,2,1,4,44,251,9
11597,58,Female,Student,9.01,102,6.22,8,2,3,6,224,8
11598,58,Male,Engineer,7.85,83,4.85,7,9,1,54,129,1
11599,31,Male,Engineer,3.48,13,8.9,8,7,0,37,122,1
11600,38,Male,Student,7.48,74,7.05,7,5,1,102,90,6
11601,33,Female,Designer,9.72,109,7.61,9,7,4,64,255,8
11602,54,Male,Designer,9.86,103,8.25,6,3,5,20,49,7
11603,59,Male,Doctor,7.93,83,4.14,6,1,1,109,68,6
11604,37,Male,Engineer,6.44,92,7.6,4,2,2,55,94,5
11605,59,Male,Teacher,8.19,94,4.82,1,8,3,114,52,7
11606,29,Male,Doctor,8.41,54,8.87,3,3,4,105,150,9
11607,51,Male,Teacher,4.3,48,8.35,2,2,0,97,279,6
11608,43,Female,Business,9.79,37,4.33,1,3,3,92,30,5
11609,53,Male,Student,7.44,118,7.63,4,5,5,49,277,4
11610,31,Female,Engineer,3.97,74,5.27,5,9,2,5,171,6
11611,35,Male,Teacher,2.44,97,4.46,4,3,2,102,78,4
11612,51,Female,Student,2.99,19,4.42,4,1,4,39,205,1
11613,45,Female,Student,1.58,92,6.24,8,6,3,29,105,4
11614,29,Female,Teacher,4.69,76,5.2,1,8,5,42,104,3
11615,28,Female,Teacher,8.15,60,7.88,2,5,2,71,150,7
11616,50,Female,Engineer,7.78,102,7.12,8,2,1,48,299,5
11617,22,Female,Business,4.26,50,4.43,3,7,3,3,297,3
11618,41,Male,Engineer,8.08,42,8.66,1,5,5,65,264,2
11619,41,Male,Doctor,1.77,105,6.47,1,5,2,119,217,5
11620,35,Female,Engineer,8.9,20,7.96,2,5,4,59,71,3
11621,43,Male,Designer,9.72,19,5.56,6,3,4,40,84,7
11622,39,Male,Doctor,1.96,60,7.67,7,6,5,109,256,9
11623,43,Male,Student,1.76,96,6.67,9,5,3,46,244,9
11624,49,Female,Student,7.38,96,7.46,9,5,3,82,262,1
11625,36,Male,Student,1.0,8,4.24,1,4,2,13,83,4
11626,57,Male,Doctor,5.84,17,8.45,9,9,1,119,209,6
11627,56,Female,Doctor,7.28,114,6.23,5,4,0,109,198,7
11628,29,Male,Business,6.68,99,5.18,4,5,1,92,51,4
11629,36,Male,Student,8.75,108,5.31,5,5,0,116,65,5
11630,37,Male,Student,4.32,71,5.42,3,5,0,2,78,7
11631,47,Female,Doctor,8.3,65,6.97,4,4,3,21,108,9
11632,43,Female,Engineer,3.28,84,5.71,5,4,0,117,99,2
11633,44,Female,Business,1.94,15,5.69,6,8,4,96,250,9
11634,29,Male,Doctor,7.74,64,7.18,9,4,0,16,100,3
11635,52,Male,Engineer,6.44,67,4.4,5,8,0,6,178,1
11636,21,Male,Business,3.6,88,4.27,6,1,0,73,217,3
11637,39,Male,Doctor,2.08,50,8.18,7,6,0,93,249,3
11638,30,Male,Designer,5.87,115,7.45,1,8,5,119,209,2
11639,53,Male,Designer,8.34,90,6.71,1,2,2,111,42,9
11640,46,Female,Business,2.02,17,8.13,8,4,1,89,226,1
11641,34,Male,Engineer,8.59,103,6.57,8,8,5,93,218,5
11642,50,Female,Doctor,5.89,5,5.72,6,9,0,11,22,1
11643,46,Female,Engineer,4.54,34,7.86,8,1,5,74,286,5
11644,34,Female,Business,6.49,77,7.11,5,6,3,79,214,9
11645,44,Female,Doctor,5.63,92,8.97,7,9,4,28,299,5
11646,31,Female,Engineer,6.39,35,6.99,8,9,1,42,143,8
11647,41,Male,Engineer,6.65,11,7.06,4,8,5,56,114,3
11648,22,Male,Teacher,4.02,64,4.5,3,1,3,15,53,7
11649,22,Female,Business,5.25,13,4.63,9,9,2,25,238,4
11650,39,Male,Doctor,5.32,58,6.44,5,8,1,94,86,7
11651,46,Female,Business,1.95,105,5.56,8,5,4,22,241,7
11652,44,Male,Doctor,8.59,60,4.11,4,2,5,116,259,4
11653,51,Female,Designer,6.89,46,8.22,6,9,4,103,173,4
11654,26,Male,Engineer,7.88,67,5.54,4,4,0,6,211,3
11655,34,Male,Teacher,4.4,95,5.99,5,9,4,58,80,1
11656,26,Female,Engineer,9.17,86,6.76,7,2,5,5,203,7
11657,31,Female,Business,9.2,93,6.16,9,9,3,31,287,8
11658,38,Female,Doctor,6.45,14,8.66,6,7,0,73,204,7
11659,57,Female,Doctor,5.51,80,4.55,5,1,1,34,182,4
11660,50,Male,Designer,8.77,66,4.78,2,3,0,36,222,3
11661,50,Female,Doctor,2.93,84,4.77,1,7,4,27,25,5
11662,53,Male,Engineer,7.69,72,6.07,8,9,0,27,38,6
11663,48,Male,Engineer,6.28,68,6.81,3,4,2,14,288,8
11664,54,Female,Engineer,6.0,46,5.47,2,2,3,115,35,9
11665,23,Male,Designer,9.62,50,6.3,3,3,3,7,103,4
11666,44,Male,Business,7.78,11,8.79,6,9,3,7,147,3
11667,22,Male,Business,2.02,51,4.08,4,8,1,9,223,4
11668,43,Female,Business,9.46,48,8.01,1,4,5,107,65,9
11669,49,Male,Teacher,2.88,47,6.15,6,4,5,76,59,2
11670,37,Female,Business,7.55,100,7.06,5,1,2,54,280,2
11671,33,Female,Designer,9.47,95,7.53,9,2,3,27,172,3
11672,51,Male,Designer,2.15,106,8.86,1,9,1,65,274,7
11673,36,Male,Student,5.43,72,7.35,2,2,0,111,46,2
11674,36,Male,Designer,6.87,17,8.96,6,4,5,115,258,2
11675,55,Female,Teacher,4.87,18,6.21,2,1,3,20,226,7
11676,59,Female,Business,6.52,11,5.64,9,5,5,31,84,7
11677,55,Female,Engineer,2.72,37,7.75,1,7,5,73,203,6
11678,37,Male,Student,4.34,113,4.94,6,8,5,7,246,4
11679,45,Female,Engineer,6.21,91,5.42,8,8,3,92,218,9
11680,39,Male,Engineer,5.77,52,8.21,6,2,2,40,273,4
11681,56,Male,Engineer,8.57,62,6.93,9,6,4,112,239,8
11682,26,Female,Engineer,7.16,82,8.76,6,5,1,44,143,6
11683,51,Male,Designer,1.74,96,4.06,2,5,5,38,121,6
11684,26,Female,Teacher,8.96,30,7.64,3,7,0,69,26,1
11685,56,Male,Doctor,3.42,81,5.48,5,7,0,98,152,3
11686,51,Male,Teacher,7.79,29,8.92,9,8,1,16,245,6
11687,32,Male,Teacher,8.54,101,8.73,8,8,2,22,152,9
11688,28,Male,Business,4.74,79,5.79,8,5,4,90,159,6
11689,37,Male,Student,3.83,55,6.27,5,2,2,11,108,4
11690,28,Male,Student,5.6,37,4.28,9,2,3,111,85,8
11691,33,Male,Doctor,8.25,78,5.05,7,2,1,35,210,5
11692,24,Male,Engineer,8.25,27,8.1,4,5,0,28,57,5
11693,41,Male,Doctor,9.83,35,5.7,6,7,2,67,134,2
11694,20,Male,Designer,4.92,67,6.2,5,1,5,119,299,5
11695,54,Female,Designer,3.7,44,5.74,5,8,1,104,102,1
11696,56,Female,Business,4.66,54,6.65,6,6,3,30,156,8
11697,58,Male,Student,8.53,118,7.97,8,2,3,105,102,6
11698,58,Female,Teacher,5.92,70,6.55,5,3,3,98,219,4
11699,44,Male,Business,4.82,88,4.08,1,7,3,29,99,4
11700,40,Male,Designer,4.66,6,5.73,4,7,1,28,193,4
11701,43,Female,Doctor,8.01,37,4.35,7,9,0,44,20,8
11702,58,Male,Doctor,1.86,23,4.42,9,8,4,41,291,7
11703,19,Female,Designer,1.95,80,8.82,6,3,2,57,93,5
11704,46,Male,Doctor,3.96,116,4.74,4,5,2,10,21,3
11705,50,Male,Engineer,2.08,22,5.26,7,9,4,35,40,7
11706,19,Male,Designer,3.82,71,5.16,4,2,1,25,140,8
11707,19,Male,Doctor,7.24,61,8.28,7,8,3,49,63,3
11708,30,Male,Doctor,9.75,111,8.51,8,1,4,39,20,3
11709,55,Male,Designer,3.88,102,7.51,1,7,5,53,296,7
11710,34,Male,Engineer,8.64,52,4.95,3,4,0,1,49,2
11711,35,Female,Business,7.97,112,6.83,4,1,5,57,133,7
11712,43,Female,Teacher,3.42,30,8.47,1,2,1,40,233,3
11713,28,Female,Engineer,3.0,32,5.26,8,6,5,107,36,2
11714,28,Male,Student,3.04,14,6.27,8,7,0,61,111,5
11715,32,Male,Engineer,7.87,67,7.56,1,3,5,89,237,7
11716,49,Male,Student,3.13,89,6.22,8,3,3,99,66,1
11717,31,Female,Business,2.94,117,4.38,4,3,1,31,254,2
11718,30,Female,Teacher,4.0,87,5.11,6,2,0,56,266,8
11719,33,Female,Teacher,2.61,98,7.83,6,2,1,25,169,5
11720,58,Male,Teacher,5.56,84,7.37,4,2,1,68,87,1
11721,21,Male,Student,4.43,85,6.43,4,1,5,43,190,3
11722,50,Female,Business,9.94,76,7.45,2,9,1,113,123,5
11723,59,Female,Business,9.16,68,7.72,5,8,3,50,34,2
11724,48,Female,Student,8.94,108,8.19,9,6,0,86,68,4
11725,25,Female,Business,1.67,42,6.82,5,5,4,19,111,6
11726,56,Male,Designer,9.69,30,5.18,3,2,2,55,30,1
11727,19,Male,Teacher,2.51,14,6.85,1,2,0,94,29,2
11728,47,Male,Teacher,1.29,13,4.42,7,4,2,67,288,8
11729,29,Female,Engineer,9.52,21,4.11,7,8,2,13,179,4
11730,28,Female,Student,9.26,24,5.6,3,4,1,57,272,7
11731,25,Male,Teacher,8.51,11,6.51,1,7,5,79,57,5
11732,49,Female,Teacher,5.57,112,7.29,9,6,4,15,71,4
11733,21,Female,Student,6.93,77,6.07,8,2,0,112,91,8
11734,18,Female,Teacher,5.99,39,7.23,7,7,0,109,34,5
11735,33,Female,Teacher,2.39,54,6.11,3,1,4,118,74,8
11736,47,Female,Business,1.96,86,8.55,9,6,0,8,86,3
11737,23,Male,Student,5.33,104,5.37,1,5,2,10,155,5
11738,47,Male,Teacher,9.87,19,8.03,6,6,3,58,215,6
11739,29,Male,Doctor,5.8,81,7.22,1,3,1,75,79,7
11740,34,Female,Teacher,8.44,107,8.31,8,7,4,30,259,5
11741,54,Male,Teacher,1.98,32,4.72,3,1,0,26,45,2
11742,56,Female,Doctor,6.96,36,6.17,7,2,0,99,120,9
11743,25,Female,Engineer,1.2,21,4.68,9,9,5,12,166,5
11744,25,Female,Doctor,1.3,99,6.31,7,1,5,62,186,5
11745,36,Female,Teacher,7.13,26,6.78,4,4,4,80,87,3
11746,52,Female,Business,5.2,36,6.03,8,9,5,34,245,7
11747,31,Female,Teacher,6.89,28,8.88,8,6,1,23,244,8
11748,52,Female,Business,1.91,20,8.47,6,1,4,29,250,1
11749,49,Female,Business,7.91,30,4.82,2,1,3,12,82,4
11750,30,Male,Doctor,6.7,118,4.81,4,5,3,36,96,1
11751,34,Female,Doctor,8.66,95,4.41,4,1,4,71,200,1
11752,50,Male,Designer,5.81,104,4.53,5,2,2,119,263,2
11753,38,Female,Doctor,1.07,110,6.38,5,8,5,3,110,5
11754,43,Male,Designer,3.99,13,7.43,3,8,5,26,227,2
11755,54,Female,Designer,8.73,46,4.54,8,3,3,89,131,4
11756,44,Female,Business,4.27,102,8.29,1,6,3,29,131,7
11757,40,Female,Designer,3.88,55,7.71,5,8,0,90,153,9
11758,49,Male,Business,6.87,110,8.59,6,5,4,44,94,7
11759,27,Male,Engineer,9.59,113,7.18,8,4,4,17,292,3
11760,26,Female,Doctor,7.07,61,7.32,5,1,5,97,248,1
11761,49,Male,Designer,2.66,113,8.1,8,6,2,57,276,7
11762,31,Female,Designer,8.67,12,8.2,1,1,2,71,250,2
11763,20,Female,Business,4.52,92,5.99,3,3,5,44,149,5
11764,40,Female,Teacher,5.31,58,7.29,3,3,2,94,29,7
11765,29,Female,Engineer,2.05,43,6.02,5,1,4,67,223,7
11766,54,Male,Doctor,5.24,78,8.93,1,8,3,112,113,8
11767,32,Female,Student,8.33,61,5.42,9,3,5,111,137,1
11768,20,Male,Designer,1.7,107,5.33,6,9,4,113,283,6
11769,50,Female,Student,4.78,31,8.67,4,6,4,53,43,9
11770,38,Female,Teacher,1.19,50,4.23,4,1,0,39,214,6
11771,48,Female,Student,9.76,5,5.99,3,2,4,60,106,1
11772,54,Male,Business,2.7,72,5.23,7,1,4,101,104,8
11773,54,Female,Designer,3.0,80,4.13,9,3,1,112,32,3
11774,47,Male,Doctor,6.64,57,7.2,7,4,1,41,33,9
11775,52,Female,Engineer,1.48,64,4.13,2,4,1,2,38,6
11776,49,Female,Business,5.87,83,7.62,1,5,3,105,91,4
11777,18,Male,Designer,4.75,11,4.02,3,3,2,82,79,7
11778,30,Female,Designer,2.38,56,4.18,7,2,4,71,137,7
11779,34,Male,Student,6.14,12,6.77,9,1,2,10,274,1
11780,32,Female,Doctor,3.74,10,4.56,8,1,3,23,72,3
11781,47,Male,Business,7.91,50,6.83,4,9,4,77,237,9
11782,39,Female,Engineer,2.39,107,8.24,9,6,1,87,166,5
11783,58,Female,Student,8.54,28,6.05,9,7,0,103,177,3
11784,57,Female,Business,4.14,106,8.2,6,4,4,84,229,1
11785,45,Male,Engineer,2.36,15,6.3,6,6,5,47,48,1
11786,51,Female,Teacher,7.2,42,5.78,8,3,2,98,94,2
11787,47,Male,Business,5.34,29,6.16,8,7,2,102,106,8
11788,59,Male,Business,6.64,71,4.89,5,8,3,11,249,2
11789,23,Female,Engineer,6.92,90,5.43,9,6,3,10,279,6
11790,41,Female,Engineer,2.7,40,7.14,8,7,0,71,216,2
11791,45,Female,Engineer,1.22,70,4.92,7,4,2,18,72,1
11792,47,Male,Student,2.83,102,5.39,4,1,2,106,211,8
11793,49,Female,Teacher,9.26,55,7.19,9,5,3,52,246,9
11794,30,Male,Engineer,2.41,63,5.53,6,9,4,36,262,3
11795,23,Male,Designer,9.4,21,7.04,7,2,4,53,209,4
11796,22,Female,Business,5.47,29,7.36,3,1,3,92,175,1
11797,50,Female,Engineer,8.59,7,8.71,6,4,0,91,123,6
11798,45,Female,Doctor,2.24,62,6.32,4,8,1,98,134,7
11799,28,Female,Business,6.74,92,5.32,3,4,3,86,237,1
11800,32,Male,Engineer,3.04,27,5.43,3,7,0,56,275,1
11801,48,Female,Doctor,8.28,37,8.74,5,4,3,33,272,9
11802,37,Male,Business,4.04,88,7.89,8,6,3,71,220,2
11803,18,Female,Student,2.88,114,4.04,3,8,1,101,193,9
11804,56,Male,Engineer,2.8,108,5.22,2,6,2,114,276,1
11805,55,Male,Student,2.23,94,5.07,7,4,2,61,265,7
11806,53,Male,Doctor,8.65,79,8.22,7,5,4,11,204,6
11807,44,Female,Engineer,5.39,103,7.79,1,4,1,54,153,8
11808,25,Male,Teacher,4.9,40,9.0,3,5,2,1,192,1
11809,33,Male,Doctor,7.38,115,6.29,2,5,2,8,120,2
11810,24,Male,Designer,6.98,58,5.23,9,9,1,116,110,1
11811,39,Female,Doctor,2.53,23,7.86,1,3,4,62,97,4
11812,55,Male,Engineer,7.9,117,5.54,7,1,3,85,132,6
11813,35,Male,Designer,2.53,49,7.31,2,3,3,70,162,7
11814,48,Male,Teacher,3.21,95,6.1,9,2,4,8,131,1
11815,56,Female,Student,9.16,28,4.94,7,4,4,14,39,7
11816,55,Male,Teacher,5.12,8,5.41,2,9,2,114,25,9
11817,44,Female,Doctor,9.23,108,8.01,4,2,0,92,133,7
11818,19,Male,Student,8.65,64,4.28,7,3,1,59,168,1
11819,58,Male,Business,3.51,44,6.42,2,9,3,26,42,9
11820,33,Male,Designer,1.18,61,8.2,2,9,2,117,139,9
11821,38,Female,Doctor,4.81,83,7.48,3,5,5,63,233,5
11822,46,Female,Engineer,8.08,68,8.37,1,1,4,107,294,6
11823,30,Female,Student,1.58,118,6.18,8,6,0,0,200,2
11824,38,Male,Designer,2.74,104,8.42,1,7,1,43,49,7
11825,47,Male,Doctor,3.26,33,8.25,3,7,5,40,20,7
11826,25,Male,Engineer,4.26,56,4.63,7,1,2,55,118,2
11827,44,Female,Designer,9.31,115,7.94,6,1,0,27,199,3
11828,48,Male,Teacher,5.75,28,7.74,3,9,1,31,238,7
11829,40,Female,Teacher,6.64,10,7.09,7,9,4,94,75,7
11830,50,Male,Teacher,2.94,36,5.9,7,5,5,115,110,6
11831,32,Female,Student,9.77,113,5.67,5,4,1,39,280,7
11832,45,Male,Student,9.76,42,7.35,6,8,0,73,273,8
11833,57,Female,Designer,5.42,47,7.06,9,8,3,1,237,9
11834,37,Female,Doctor,6.61,69,4.72,8,8,5,88,228,6
11835,55,Male,Engineer,4.67,69,8.99,3,8,1,98,97,1
11836,19,Female,Student,1.28,63,8.2,6,3,0,54,156,1
11837,38,Female,Teacher,5.63,60,8.05,3,8,0,111,243,3
11838,28,Male,Student,2.34,105,6.15,8,8,4,109,217,4
11839,51,Female,Designer,5.74,74,7.36,8,8,4,117,268,7
11840,28,Male,Student,8.12,97,4.63,1,7,1,116,158,9
11841,53,Female,Business,7.14,119,7.88,8,5,2,116,42,2
11842,48,Male,Business,3.78,23,8.05,2,8,5,21,282,3
11843,35,Female,Engineer,7.0,101,8.01,9,6,1,51,162,2
11844,31,Female,Teacher,5.71,114,5.51,4,3,4,104,180,6
11845,37,Male,Designer,4.8,77,6.06,3,9,0,51,22,7
11846,41,Male,Engineer,8.44,52,5.93,9,5,2,43,114,8
11847,43,Female,Designer,6.94,12,8.32,9,5,5,31,122,7
11848,57,Male,Designer,6.34,18,7.67,6,9,2,49,268,4
11849,18,Female,Designer,5.11,66,8.97,8,3,4,75,94,6
11850,33,Female,Student,5.05,57,6.64,3,9,5,47,84,3
11851,28,Male,Doctor,4.59,32,8.78,4,2,2,0,29,9
11852,55,Female,Business,3.13,21,6.18,6,6,2,31,100,3
11853,53,Female,Student,1.52,95,6.73,1,9,3,100,93,3
11854,49,Female,Doctor,5.76,93,5.06,3,1,3,63,276,4
11855,18,Male,Student,7.39,113,6.92,9,9,3,55,115,5
11856,34,Female,Engineer,7.9,91,5.61,2,3,0,64,224,6
11857,52,Male,Designer,6.4,19,5.21,7,9,5,89,268,3
11858,51,Male,Student,2.73,38,6.09,7,9,3,16,109,6
11859,54,Male,Teacher,2.97,100,8.8,4,8,2,39,149,8
11860,42,Female,Engineer,7.88,99,8.9,8,7,5,69,127,5
11861,32,Female,Designer,2.68,43,6.51,1,6,4,98,245,4
11862,38,Male,Doctor,6.17,45,7.26,9,8,0,114,158,6
11863,46,Male,Business,6.19,30,8.37,4,1,4,84,226,4
11864,51,Male,Student,7.59,36,6.11,8,6,2,46,36,6
11865,35,Male,Student,5.49,35,6.24,9,1,5,52,114,9
11866,58,Female,Designer,9.85,67,4.25,4,1,5,102,188,8
11867,29,Male,Student,9.23,96,6.49,3,4,3,111,191,6
11868,52,Male,Student,9.53,51,5.59,1,3,2,95,134,6
11869,23,Male,Business,8.65,95,7.55,6,9,3,30,163,2
11870,20,Male,Business,9.34,93,4.97,9,7,5,115,155,7
11871,56,Male,Student,4.31,81,7.69,2,4,5,46,97,4
11872,19,Female,Designer,2.3,88,7.3,8,5,2,80,93,5
11873,33,Female,Teacher,1.34,64,8.34,1,6,0,83,177,6
11874,48,Female,Designer,2.55,74,4.93,1,6,0,37,39,1
11875,59,Female,Student,6.13,36,4.41,1,1,2,108,49,7
11876,41,Male,Teacher,4.75,42,7.62,9,7,2,93,190,7
11877,29,Male,Engineer,6.39,60,5.11,8,7,2,117,92,4
11878,49,Male,Engineer,4.1,24,7.44,5,6,1,44,86,6
11879,39,Male,Doctor,4.81,92,4.7,4,8,0,83,84,8
11880,20,Female,Designer,9.45,78,8.18,6,5,3,47,119,8
11881,48,Female,Engineer,9.46,19,8.61,3,9,0,59,120,8
11882,27,Male,Doctor,7.29,89,8.61,5,3,4,37,233,3
11883,21,Male,Teacher,8.8,110,7.12,1,6,1,70,116,6
11884,48,Male,Student,6.03,88,4.4,6,8,3,81,147,4
11885,38,Male,Designer,6.55,72,5.86,2,5,0,49,145,1
11886,19,Male,Teacher,5.83,25,4.96,8,6,1,87,233,7
11887,39,Male,Designer,3.6,53,5.39,9,5,1,6,59,7
11888,24,Female,Student,2.29,25,8.97,2,3,2,5,181,2
11889,25,Male,Teacher,6.01,77,6.65,3,3,4,83,125,4
11890,18,Female,Teacher,2.96,54,5.3,4,5,3,86,124,8
11891,31,Male,Designer,7.94,66,4.56,6,6,2,59,220,9
11892,51,Female,Engineer,6.26,60,7.39,2,4,0,31,294,9
11893,38,Male,Teacher,4.66,73,7.33,6,6,2,16,169,5
11894,50,Female,Business,9.56,81,4.06,1,3,5,20,50,8
11895,29,Female,Teacher,5.41,49,5.51,2,5,5,79,141,9
11896,23,Female,Engineer,9.22,39,6.56,1,9,0,82,38,1
11897,20,Male,Student,9.92,59,6.33,7,2,4,60,76,5
11898,39,Male,Designer,6.18,59,7.52,9,4,4,33,95,4
11899,37,Male,Business,9.58,47,8.08,6,2,1,55,246,7
11900,43,Female,Engineer,9.08,109,8.09,8,1,2,88,32,4
11901,25,Male,Designer,3.27,79,7.68,8,5,3,61,144,1
11902,18,Female,Designer,4.57,88,7.55,6,5,3,50,228,6
11903,32,Female,Doctor,4.85,88,4.62,2,6,0,8,165,3
11904,43,Female,Designer,3.21,61,8.12,1,8,0,0,75,8
11905,58,Male,Doctor,1.82,66,7.58,3,6,3,23,94,6
11906,25,Male,Doctor,9.23,52,4.02,7,5,0,37,225,7
11907,52,Male,Doctor,3.18,116,4.35,3,7,3,26,53,3
11908,22,Male,Teacher,9.01,77,8.96,4,9,5,77,232,7
11909,43,Female,Designer,5.5,9,8.46,3,9,2,2,263,3
11910,18,Female,Business,8.32,119,6.8,8,1,3,82,294,1
11911,57,Female,Business,8.51,63,4.97,9,2,5,65,245,8
11912,29,Male,Student,9.84,41,8.9,3,8,5,57,276,2
11913,42,Female,Designer,1.66,68,6.94,9,2,1,53,31,4
11914,55,Female,Designer,6.58,63,4.05,1,7,2,112,207,2
11915,50,Female,Student,5.62,117,4.93,2,9,5,111,69,7
11916,32,Male,Doctor,5.0,16,8.02,6,3,5,85,273,6
11917,23,Male,Business,5.52,40,4.24,9,5,3,3,273,4
11918,48,Female,Engineer,3.99,106,4.34,8,6,5,86,292,1
11919,19,Female,Designer,7.53,116,5.91,4,3,2,85,22,4
11920,20,Female,Designer,6.09,21,7.09,9,9,0,85,79,8
11921,41,Female,Teacher,1.32,25,6.39,7,7,4,100,221,1
11922,23,Male,Doctor,2.97,6,8.01,7,3,1,103,239,3
11923,55,Female,Teacher,9.97,68,5.9,6,3,2,65,219,1
11924,23,Male,Designer,7.39,78,6.42,1,6,2,119,193,7
11925,25,Male,Teacher,4.41,76,6.16,2,5,0,88,186,1
11926,22,Male,Designer,8.97,14,5.14,9,5,5,75,171,2
11927,36,Female,Designer,9.31,16,4.01,9,8,4,36,198,3
11928,30,Female,Teacher,8.66,73,5.43,5,3,4,19,77,5
11929,38,Male,Designer,9.25,23,4.73,1,9,5,2,48,4
11930,45,Male,Business,3.9,93,4.88,3,8,3,4,261,7
11931,29,Female,Teacher,2.6,20,6.34,6,4,5,70,248,3
11932,57,Female,Student,9.84,54,5.28,3,3,1,117,117,6
11933,45,Female,Engineer,3.44,114,6.45,3,1,2,14,234,3
11934,43,Female,Business,7.83,51,6.12,6,5,2,110,231,6
11935,38,Female,Designer,9.08,46,4.77,5,1,0,54,185,5
11936,34,Male,Designer,5.44,55,5.87,1,8,3,88,30,9
11937,42,Male,Business,8.79,47,6.91,9,4,4,101,188,2
11938,40,Male,Engineer,6.22,72,4.26,5,1,5,73,246,3
11939,38,Male,Student,7.88,73,6.43,3,1,1,110,138,3
11940,47,Male,Designer,3.04,55,4.95,9,5,5,54,259,8
11941,58,Male,Business,9.71,36,6.23,3,1,3,67,235,4
11942,19,Female,Engineer,4.73,109,4.38,4,5,2,85,195,6
11943,45,Female,Doctor,1.48,54,4.16,9,1,5,5,88,9
11944,59,Male,Designer,7.01,17,8.14,1,7,1,86,260,9
11945,41,Female,Student,2.42,47,6.17,5,7,5,79,126,1
11946,56,Male,Student,2.81,89,5.04,3,9,0,2,245,6
11947,59,Female,Teacher,1.05,88,7.71,5,4,5,39,239,7
11948,40,Female,Teacher,7.27,47,4.17,8,9,1,97,54,2
11949,22,Female,Teacher,7.77,106,6.53,5,9,1,24,143,2
11950,55,Male,Doctor,7.67,26,8.61,7,2,5,98,201,6
11951,35,Male,Engineer,2.71,35,4.81,2,7,2,84,183,5
11952,28,Male,Engineer,7.97,51,5.44,3,9,0,66,22,2
11953,41,Female,Engineer,6.49,109,8.89,4,9,5,2,172,5
11954,28,Female,Student,1.17,5,8.95,4,9,1,79,75,7
11955,54,Female,Student,4.41,37,8.86,1,9,5,56,296,4
11956,30,Male,Student,5.94,63,5.52,6,1,5,91,88,5
11957,46,Male,Doctor,3.22,57,4.3,4,1,2,99,155,1
11958,54,Female,Doctor,7.88,66,5.66,6,4,2,52,167,5
11959,51,Male,Teacher,4.6,34,5.95,7,6,0,7,189,9
11960,20,Male,Student,6.83,48,7.0,9,1,0,85,143,1
11961,47,Female,Designer,9.62,98,5.35,7,6,5,62,218,7
11962,36,Female,Engineer,4.79,44,8.85,6,5,2,34,291,3
11963,58,Female,Designer,4.59,77,8.04,8,6,4,9,73,3
11964,50,Female,Designer,2.56,39,8.68,6,4,1,117,155,6
11965,26,Male,Business,9.74,101,7.23,4,7,2,9,123,1
11966,53,Male,Doctor,1.12,71,7.11,8,8,2,100,122,6
11967,19,Female,Business,8.74,64,6.87,1,9,5,82,216,3
11968,54,Male,Business,9.61,112,5.57,7,9,1,63,224,8
11969,49,Male,Student,8.34,75,6.76,1,5,2,0,72,5
11970,30,Male,Business,6.16,9,7.91,2,5,4,36,270,3
11971,39,Female,Designer,4.67,85,4.44,9,2,3,89,293,5
11972,28,Female,Engineer,6.12,27,8.16,4,5,2,68,132,1
11973,56,Female,Doctor,7.42,24,5.14,1,4,2,36,223,3
11974,59,Female,Doctor,8.44,51,4.68,1,5,5,106,129,5
11975,49,Female,Business,4.28,21,7.52,2,1,4,0,168,1
11976,54,Female,Teacher,1.31,54,4.08,3,1,0,79,189,9
11977,24,Female,Student,5.96,76,7.05,8,5,3,26,21,9
11978,49,Female,Student,7.42,103,4.76,6,8,2,19,91,8
11979,41,Male,Business,8.75,27,5.62,5,5,4,68,232,2
11980,35,Male,Engineer,3.2,58,7.09,1,1,0,14,273,2
11981,32,Male,Engineer,5.61,35,4.35,5,8,4,17,227,1
11982,42,Female,Teacher,9.49,76,5.02,6,7,4,108,235,2
11983,31,Male,Student,7.56,73,4.88,2,8,5,103,48,8
11984,49,Male,Teacher,7.45,71,4.14,7,4,3,70,29,4
11985,51,Female,Engineer,2.49,112,7.21,5,8,1,108,45,9
11986,55,Male,Teacher,8.94,46,8.63,6,8,1,17,87,5
11987,58,Male,Business,5.33,45,8.77,4,5,1,56,44,5
11988,40,Female,Engineer,2.14,45,7.52,4,1,4,9,87,3
11989,36,Female,Designer,5.66,49,8.79,5,9,1,54,148,8
11990,34,Male,Business,2.01,54,8.71,8,9,0,27,132,3
11991,31,Male,Doctor,7.66,63,5.75,2,6,4,118,294,7
11992,21,Male,Business,1.43,104,6.97,8,9,2,72,292,8
11993,30,Male,Business,7.14,86,7.65,2,5,2,51,38,2
11994,24,Female,Doctor,1.16,25,6.37,1,1,4,37,250,2
11995,57,Male,Doctor,6.77,79,8.48,7,9,4,70,89,5
11996,47,Male,Doctor,2.08,68,4.59,4,4,4,54,29,9
11997,18,Female,Doctor,2.41,115,8.18,2,9,1,106,64,9
11998,49,Male,Teacher,7.91,70,4.74,6,9,5,102,209,1
11999,54,Female,Doctor,8.41,99,7.79,8,2,3,25,196,4
12000,48,Male,Business,7.99,114,6.64,9,2,2,74,44,8
12001,25,Female,Designer,1.02,109,7.16,7,3,4,113,147,1
12002,36,Female,Engineer,3.91,22,5.3,8,8,0,52,42,1
12003,43,Female,Business,9.37,82,7.7,2,2,1,91,213,5
12004,28,Male,Business,3.51,44,5.64,8,5,3,33,294,2
12005,56,Female,Doctor,8.98,43,8.12,8,4,2,95,45,8
12006,43,Male,Designer,3.95,113,4.7,9,7,5,11,231,1
12007,37,Female,Business,8.13,6,5.98,4,4,1,117,66,1
12008,39,Female,Business,9.22,90,6.22,4,7,0,7,240,6
12009,31,Male,Business,4.9,69,7.73,6,6,0,9,200,7
12010,27,Female,Engineer,3.05,77,4.39,5,7,0,74,161,9
12011,20,Female,Doctor,7.44,27,6.44,3,5,1,118,294,8
12012,36,Female,Designer,7.0,24,5.83,6,9,2,93,60,3
12013,46,Female,Student,8.16,111,6.03,1,6,0,53,175,6
12014,49,Male,Doctor,1.29,93,4.54,1,7,3,99,256,6
12015,18,Male,Doctor,6.97,43,6.86,6,8,5,38,244,4
12016,47,Female,Designer,2.68,43,7.56,9,1,4,26,77,1
12017,58,Female,Doctor,2.82,87,7.54,2,7,2,33,125,9
12018,57,Male,Designer,8.37,6,8.35,2,2,2,111,198,6
12019,38,Female,Engineer,8.4,51,8.64,2,3,0,88,20,3
12020,55,Male,Engineer,8.73,105,7.04,7,5,0,96,139,8
12021,51,Male,Doctor,7.09,29,6.88,8,6,5,46,64,6
12022,40,Male,Student,5.2,59,4.58,1,8,4,3,202,3
12023,44,Male,Doctor,1.17,42,4.53,2,9,1,79,146,6
12024,58,Male,Teacher,5.74,79,7.5,8,1,2,62,112,1
12025,28,Female,Doctor,7.54,84,6.56,5,9,2,51,231,2
12026,50,Female,Student,5.89,78,7.19,1,5,1,81,224,1
12027,26,Male,Designer,8.73,109,6.64,7,2,2,12,253,5
12028,39,Female,Designer,8.36,110,8.48,4,1,0,21,111,6
12029,34,Male,Business,4.48,73,4.81,5,1,0,38,221,4
12030,23,Female,Business,1.92,20,4.27,7,7,5,10,62,8
12031,43,Male,Teacher,5.49,9,7.32,7,8,1,11,229,6
12032,46,Female,Designer,4.86,58,6.75,9,9,3,35,265,5
12033,52,Male,Designer,9.73,46,4.06,2,9,5,50,86,4
12034,22,Male,Business,2.75,44,4.03,5,9,3,6,272,7
12035,43,Female,Business,2.49,53,8.54,9,1,0,119,239,4
12036,23,Female,Business,2.18,112,4.96,3,8,4,84,107,9
12037,47,Female,Engineer,4.0,92,5.68,1,9,0,1,63,8
12038,59,Female,Designer,3.33,102,4.57,1,4,1,75,62,6
12039,53,Female,Student,7.24,24,4.53,6,8,4,35,264,2
12040,31,Male,Engineer,2.15,42,4.32,6,4,3,51,173,7
12041,57,Female,Designer,8.67,56,7.94,5,8,5,103,20,8
12042,34,Male,Designer,9.31,76,8.1,5,1,0,64,205,3
12043,55,Male,Designer,9.8,87,4.97,8,4,4,37,181,2
12044,34,Male,Designer,8.83,46,8.46,2,6,2,25,43,9
12045,58,Female,Designer,7.04,50,5.73,2,1,0,48,154,7
12046,40,Female,Teacher,8.78,73,7.04,3,9,5,30,153,6
12047,56,Female,Teacher,2.48,31,6.01,9,3,4,39,91,3
12048,38,Female,Doctor,9.26,34,4.49,6,4,3,116,25,3
12049,44,Male,Doctor,8.88,69,7.47,1,9,4,7,272,2
12050,46,Female,Teacher,1.05,36,4.32,9,2,1,5,283,7
12051,28,Male,Engineer,1.75,48,4.75,1,7,2,87,266,1
12052,40,Male,Student,5.02,45,6.96,7,3,3,92,172,5
12053,37,Female,Business,2.39,59,6.12,6,7,0,69,224,2
12054,40,Female,Business,4.24,112,6.42,6,7,1,46,125,4
12055,48,Male,Engineer,4.6,6,7.72,4,2,1,47,49,8
12056,32,Female,Engineer,6.11,68,4.94,3,1,4,100,210,7
12057,19,Male,Designer,7.88,96,7.97,8,2,1,6,239,7
12058,39,Male,Doctor,7.0,26,7.64,4,5,1,28,134,3
12059,45,Male,Doctor,6.76,20,4.28,3,2,5,87,87,3
12060,30,Female,Engineer,4.54,75,4.15,5,6,0,101,172,7
12061,54,Female,Student,8.71,57,8.27,3,6,5,84,189,3
12062,39,Male,Doctor,7.17,98,5.59,2,7,3,89,219,8
12063,40,Male,Doctor,5.8,71,7.9,4,1,4,83,238,7
12064,18,Male,Doctor,1.96,89,8.03,5,6,5,67,29,2
12065,33,Female,Student,9.56,29,5.5,8,1,5,39,167,5
12066,34,Female,Doctor,1.27,41,4.81,3,4,0,112,297,8
12067,47,Female,Teacher,9.07,111,6.3,6,8,0,118,172,5
12068,29,Male,Student,1.21,80,7.78,8,4,0,72,76,2
12069,26,Female,Teacher,9.96,56,5.61,1,4,5,113,112,4
12070,31,Female,Business,4.11,99,7.05,2,3,0,67,86,8
12071,48,Female,Doctor,4.29,60,6.5,5,9,2,19,184,4
12072,48,Female,Business,4.1,94,7.1,2,4,5,16,215,4
12073,31,Female,Teacher,2.14,86,8.28,1,7,2,9,175,8
12074,31,Female,Designer,2.1,64,8.88,3,6,0,10,141,6
12075,43,Female,Designer,5.47,90,5.19,3,5,3,103,136,2
12076,22,Male,Engineer,2.07,23,8.92,3,3,5,56,170,8
12077,31,Female,Doctor,7.1,69,7.74,2,9,5,101,299,3
12078,40,Female,Engineer,9.98,97,4.9,8,1,5,88,57,5
12079,48,Female,Business,7.95,46,5.91,4,2,2,59,287,1
12080,54,Female,Business,1.64,24,7.79,5,9,4,55,282,6
12081,44,Female,Engineer,9.38,62,7.96,6,2,3,57,218,2
12082,41,Male,Student,5.84,82,8.81,9,4,0,53,47,7
12083,34,Female,Engineer,5.61,14,6.07,1,6,0,13,287,4
12084,53,Female,Designer,7.33,47,4.83,8,1,3,106,179,4
12085,46,Male,Engineer,4.23,68,5.33,9,5,1,60,104,5
12086,18,Male,Doctor,6.34,86,8.24,9,6,3,51,213,8
12087,54,Male,Business,9.09,75,6.15,8,3,3,44,181,9
12088,23,Male,Doctor,1.13,18,8.27,1,4,3,98,243,3
12089,33,Male,Student,7.18,67,5.1,3,3,5,96,194,9
12090,28,Female,Student,6.83,15,8.21,3,7,2,58,181,5
12091,41,Male,Designer,5.27,5,5.3,3,8,2,59,187,2
12092,28,Female,Teacher,4.46,78,6.28,4,3,4,110,41,2
12093,35,Male,Business,9.93,43,8.99,3,6,1,109,105,1
12094,32,Female,Teacher,4.5,29,7.38,5,5,5,110,261,5
12095,45,Male,Engineer,1.4,57,7.22,8,5,2,72,192,8
12096,37,Female,Engineer,2.18,32,4.4,4,8,4,24,39,4
12097,38,Female,Designer,7.43,94,5.49,7,5,2,51,112,5
12098,34,Female,Teacher,9.47,10,7.93,8,3,2,63,289,3
12099,49,Female,Engineer,4.84,60,6.78,2,8,1,106,82,5
12100,49,Female,Business,5.63,16,4.62,4,8,0,21,110,4
12101,21,Female,Teacher,4.44,103,4.84,7,5,5,106,286,5
12102,55,Female,Designer,9.41,52,5.52,3,4,1,35,169,4
12103,43,Female,Business,8.87,100,4.04,1,2,0,116,83,6
12104,20,Female,Engineer,5.56,112,6.66,2,4,4,45,53,5
12105,48,Female,Teacher,1.49,14,8.64,8,1,4,58,244,7
12106,24,Female,Doctor,1.08,99,6.9,9,2,3,81,193,9
12107,53,Male,Doctor,2.77,86,6.12,2,3,3,87,297,7
12108,41,Female,Teacher,7.04,21,4.72,8,6,1,61,282,2
12109,55,Male,Doctor,1.79,91,7.16,3,3,2,115,206,9
12110,23,Female,Doctor,3.74,87,4.62,4,6,2,79,224,9
12111,42,Male,Designer,5.05,28,8.96,9,2,3,33,105,6
12112,38,Female,Designer,4.27,115,7.66,5,5,0,12,267,3
12113,32,Male,Doctor,3.12,119,8.74,4,1,3,88,170,6
12114,59,Male,Engineer,8.57,39,7.99,4,4,5,38,60,2
12115,51,Male,Teacher,9.49,103,7.94,4,8,5,74,52,9
12116,22,Female,Student,5.95,87,7.55,3,8,5,77,211,1
12117,47,Male,Doctor,7.01,39,5.88,6,5,3,19,84,4
12118,42,Female,Doctor,1.26,9,5.31,4,9,3,103,198,4
12119,18,Female,Engineer,7.62,33,8.48,5,6,0,67,187,8
12120,39,Female,Designer,6.08,100,6.94,1,8,0,48,195,1
12121,48,Male,Student,4.83,94,7.92,1,2,5,28,197,5
12122,21,Male,Designer,8.46,39,5.48,6,5,3,117,215,4
12123,41,Female,Teacher,7.12,48,8.03,5,5,0,92,215,9
12124,55,Female,Designer,3.5,44,7.55,8,3,5,43,286,2
12125,50,Male,Student,5.96,99,5.11,1,2,1,85,262,4
12126,44,Male,Student,8.67,91,7.94,3,1,2,44,102,1
12127,31,Male,Designer,4.95,82,6.63,2,7,4,44,85,9
12128,58,Female,Business,9.66,57,7.83,9,3,0,108,157,1
12129,32,Male,Engineer,5.53,15,8.01,7,3,3,0,172,3
12130,49,Female,Doctor,1.05,114,4.26,2,6,2,111,167,4
12131,36,Female,Student,3.81,119,5.48,9,5,2,5,62,3
12132,41,Male,Student,8.63,107,7.28,4,5,5,115,186,3
12133,58,Female,Business,6.2,26,8.2,8,8,1,67,104,1
12134,56,Male,Doctor,1.26,53,8.22,2,9,3,26,47,5
12135,18,Male,Engineer,5.67,70,7.08,8,3,0,36,286,4
12136,54,Female,Doctor,4.19,46,5.12,5,1,2,24,167,7
12137,27,Female,Business,5.88,49,7.26,2,1,0,38,205,6
12138,40,Female,Student,1.91,39,5.33,1,1,0,76,198,3
12139,31,Female,Designer,3.36,67,5.28,9,9,3,57,50,4
12140,20,Female,Teacher,3.43,24,8.58,8,2,0,33,154,7
12141,31,Male,Doctor,6.0,94,7.38,5,2,5,97,64,9
12142,33,Male,Student,7.99,28,8.01,5,9,5,8,296,8
12143,51,Male,Engineer,7.05,41,5.66,1,2,0,50,166,8
12144,52,Female,Student,4.71,82,5.09,1,9,1,83,110,9
12145,24,Female,Doctor,5.66,84,6.72,9,6,1,33,295,2
12146,35,Male,Designer,8.69,108,7.09,1,5,0,31,72,5
12147,20,Male,Business,1.43,53,4.57,4,8,5,17,233,2
12148,20,Male,Business,1.42,47,4.91,7,7,2,17,221,2
12149,37,Female,Business,2.9,83,5.19,4,2,1,81,107,3
12150,43,Female,Teacher,3.81,74,6.73,2,1,3,19,253,4
12151,49,Female,Student,3.11,108,7.33,5,4,2,7,237,5
12152,33,Female,Teacher,6.31,6,7.34,9,7,3,90,89,7
12153,54,Male,Engineer,9.97,45,4.31,1,6,5,34,46,5
12154,25,Male,Doctor,5.28,9,7.7,1,9,4,21,61,6
12155,43,Male,Teacher,6.04,12,7.05,1,3,1,115,54,3
12156,29,Male,Student,4.18,91,7.5,9,4,1,61,251,7
12157,24,Female,Designer,9.5,12,4.41,8,6,5,62,262,3
12158,46,Male,Doctor,5.71,90,7.45,1,5,5,47,185,7
12159,25,Female,Business,7.06,36,8.25,8,6,5,6,210,1
12160,27,Male,Doctor,3.56,12,7.3,5,9,5,64,80,1
12161,59,Female,Designer,8.24,52,8.17,2,4,1,55,40,8
12162,25,Male,Business,9.16,63,5.74,8,3,1,62,237,6
12163,41,Male,Designer,6.14,57,5.1,7,9,5,67,189,3
12164,31,Male,Doctor,6.64,30,7.05,5,8,5,36,33,2
12165,37,Male,Designer,4.24,40,8.16,6,9,5,47,234,5
12166,57,Male,Engineer,2.8,8,5.25,7,8,3,103,92,2
12167,46,Female,Doctor,4.87,41,5.84,7,2,0,43,88,3
12168,34,Male,Teacher,5.19,84,4.66,4,1,3,108,152,8
12169,56,Female,Teacher,7.51,92,5.65,2,9,1,42,125,5
12170,26,Female,Student,6.47,99,6.51,8,9,5,59,180,9
12171,34,Female,Business,9.02,5,8.59,6,2,0,44,49,4
12172,46,Male,Business,8.97,119,6.99,4,5,5,31,21,2
12173,31,Male,Designer,1.64,68,7.92,3,4,0,35,105,9
12174,58,Female,Designer,1.07,45,5.7,9,2,3,53,230,7
12175,35,Male,Designer,4.39,89,5.41,4,6,4,14,139,6
12176,27,Male,Engineer,7.8,94,5.48,8,8,3,58,105,1
12177,30,Male,Business,4.85,67,8.47,8,7,4,80,28,9
12178,24,Female,Teacher,8.04,47,7.59,6,7,3,14,110,2
12179,55,Female,Engineer,4.08,87,5.01,9,7,4,16,179,4
12180,34,Female,Business,8.49,64,4.51,6,1,4,95,252,6
12181,21,Male,Student,3.86,110,5.38,4,4,2,39,264,9
12182,42,Female,Designer,9.22,109,5.17,1,5,0,90,116,8
12183,51,Male,Designer,6.19,70,5.77,7,1,1,40,25,7
12184,47,Female,Student,8.64,116,4.56,8,3,4,6,75,8
12185,38,Male,Engineer,4.19,74,6.96,6,3,3,53,79,9
12186,36,Male,Engineer,1.52,89,4.92,4,9,2,62,90,2
12187,29,Female,Designer,5.06,119,6.37,6,3,5,31,163,4
12188,36,Female,Teacher,8.69,116,7.39,4,9,4,26,204,4
12189,30,Male,Doctor,2.68,40,7.47,3,7,2,65,50,1
12190,42,Female,Designer,2.83,40,8.44,3,8,1,16,156,9
12191,48,Female,Doctor,2.33,115,8.04,1,4,3,81,242,3
12192,21,Male,Designer,1.46,85,5.95,2,9,2,62,267,3
12193,36,Male,Teacher,8.3,14,6.58,1,7,5,107,177,8
12194,56,Female,Engineer,4.38,105,4.84,8,2,5,32,153,1
12195,28,Female,Student,3.73,105,6.85,4,4,0,67,258,2
12196,21,Male,Doctor,9.33,57,5.41,7,5,2,10,190,8
12197,27,Male,Engineer,8.53,42,6.18,5,5,1,115,275,4
12198,40,Female,Doctor,9.42,50,5.7,7,8,2,7,97,6
12199,49,Female,Teacher,5.59,24,5.33,7,2,1,9,80,2
12200,20,Female,Designer,8.44,98,4.29,9,2,4,84,24,3
12201,45,Male,Doctor,4.8,79,8.34,8,3,5,102,144,9
12202,46,Male,Business,4.47,85,7.61,8,5,1,7,283,8
12203,53,Male,Business,8.69,76,4.53,5,8,5,7,50,4
12204,37,Female,Teacher,2.33,14,5.52,5,2,0,92,188,4
12205,45,Male,Designer,2.62,57,6.29,8,6,5,19,43,4
12206,20,Male,Teacher,2.41,74,8.51,2,8,4,115,129,5
12207,24,Male,Teacher,7.21,52,5.28,7,8,4,42,206,6
12208,28,Male,Student,7.44,92,6.39,9,4,4,105,152,3
12209,22,Male,Engineer,8.2,92,8.73,5,5,1,80,205,9
12210,35,Male,Doctor,2.23,80,5.48,4,5,3,40,121,7
12211,46,Male,Student,7.35,80,4.63,3,2,0,21,227,8
12212,26,Female,Engineer,1.18,116,7.13,3,1,0,14,200,4
12213,23,Female,Teacher,6.71,40,4.17,4,8,5,23,87,9
12214,25,Female,Engineer,4.13,21,5.46,5,5,2,24,209,7
12215,42,Male,Doctor,9.69,29,5.55,5,1,1,14,234,1
12216,45,Male,Doctor,4.27,49,6.67,6,4,4,50,178,3
12217,37,Female,Engineer,3.44,83,6.92,8,6,0,102,224,9
12218,46,Female,Designer,9.92,100,7.51,1,5,2,18,201,3
12219,42,Male,Doctor,1.25,18,4.83,4,3,0,51,283,8
12220,26,Male,Business,7.49,72,4.35,8,4,3,16,290,4
12221,41,Male,Designer,2.67,106,8.62,8,1,4,13,33,4
12222,35,Male,Designer,3.4,61,5.9,2,4,5,103,242,1
12223,38,Male,Designer,2.74,27,4.42,1,9,1,37,249,7
12224,57,Male,Designer,6.81,63,4.97,1,9,5,47,155,9
12225,22,Male,Designer,7.4,88,8.28,4,9,3,79,275,6
12226,49,Male,Doctor,1.57,28,5.93,1,1,4,109,124,2
12227,43,Male,Engineer,9.02,49,6.21,6,3,3,39,128,9
12228,51,Female,Teacher,1.6,64,6.77,7,3,2,42,164,2
12229,43,Female,Doctor,5.85,64,8.22,2,6,1,105,33,4
12230,57,Male,Engineer,5.35,13,6.76,5,7,3,43,66,1
12231,18,Female,Engineer,8.36,33,7.94,8,5,2,47,299,2
12232,47,Male,Student,2.18,26,8.75,4,9,1,54,226,7
12233,25,Male,Student,5.9,31,4.68,9,3,1,17,168,1
12234,25,Female,Doctor,8.58,73,5.18,1,2,2,111,240,7
12235,33,Male,Designer,4.07,101,5.49,3,2,2,59,83,9
12236,38,Female,Teacher,2.18,117,7.82,9,1,0,68,183,8
12237,35,Male,Business,8.91,66,4.84,9,4,1,116,21,7
12238,50,Female,Engineer,1.51,71,8.5,9,3,4,46,122,9
12239,28,Male,Doctor,9.59,71,6.03,2,4,5,30,36,2
12240,39,Female,Engineer,5.07,26,6.4,6,3,4,9,124,3
12241,36,Female,Teacher,9.06,76,4.08,6,5,3,43,226,6
12242,56,Female,Doctor,9.05,102,8.93,5,6,3,21,157,3
12243,24,Female,Teacher,3.19,24,7.5,4,2,4,29,260,9
12244,24,Male,Student,6.9,20,4.28,2,7,3,102,95,1
12245,52,Male,Designer,8.39,11,4.57,8,2,5,37,128,1
12246,23,Male,Doctor,8.95,23,7.51,7,8,3,12,114,6
12247,29,Male,Engineer,3.09,57,7.18,4,3,3,55,96,9
12248,40,Female,Student,9.88,96,7.34,2,3,3,83,158,5
12249,41,Male,Designer,4.05,34,5.62,3,6,5,77,254,1
12250,21,Male,Student,7.65,107,6.91,5,1,2,71,233,3
12251,27,Female,Teacher,9.74,71,6.52,5,9,4,86,245,9
12252,35,Female,Student,4.81,67,7.05,1,8,2,82,284,9
12253,46,Male,Engineer,8.43,13,7.61,5,9,1,82,51,4
12254,56,Female,Teacher,9.06,43,6.43,3,9,3,75,24,8
12255,35,Female,Engineer,2.88,50,5.66,2,4,1,2,117,4
12256,44,Female,Student,4.07,30,7.3,6,9,5,3,37,5
12257,53,Female,Designer,2.42,21,4.19,8,5,0,66,205,6
12258,56,Female,Business,6.03,71,6.95,5,6,1,110,183,3
12259,19,Male,Student,2.6,109,7.75,5,6,3,53,199,2
12260,30,Male,Teacher,3.28,86,6.47,2,2,4,10,213,9
12261,22,Male,Student,6.09,107,5.5,6,8,5,54,57,2
12262,20,Male,Doctor,7.51,117,6.7,6,1,0,63,192,2
12263,44,Female,Teacher,6.81,60,4.54,5,5,0,66,31,7
12264,43,Female,Business,9.65,18,6.23,4,8,1,119,197,6
12265,50,Male,Designer,9.88,43,4.02,4,1,2,9,206,2
12266,29,Male,Doctor,1.37,104,4.44,1,8,1,85,148,2
12267,20,Male,Business,7.03,7,5.99,8,3,5,59,189,9
12268,53,Male,Student,4.16,84,7.4,8,3,5,17,262,4
12269,41,Male,Business,1.53,49,4.21,6,9,4,7,115,5
12270,59,Female,Student,3.73,18,7.85,6,9,2,14,133,1
12271,43,Male,Engineer,2.18,116,8.64,9,8,4,118,62,3
12272,33,Male,Business,9.4,50,8.6,1,8,1,42,274,6
12273,32,Male,Business,2.55,45,6.96,2,8,5,2,160,3
12274,39,Female,Teacher,7.17,118,5.91,1,9,2,94,185,6
12275,22,Female,Doctor,4.17,57,7.49,7,2,5,38,161,7
12276,59,Female,Teacher,7.79,106,8.52,9,8,2,5,230,5
12277,40,Female,Teacher,8.92,80,5.22,7,7,0,74,109,5
12278,55,Male,Designer,2.33,106,5.83,5,9,3,114,225,5
12279,35,Male,Student,2.68,60,4.75,8,8,4,15,233,3
12280,27,Female,Designer,2.87,109,8.29,8,4,0,20,182,7
12281,52,Male,Business,4.56,87,5.53,8,4,4,75,217,7
12282,58,Female,Doctor,7.57,104,7.98,7,4,5,9,272,9
12283,56,Female,Teacher,5.29,61,7.41,4,6,4,38,125,4
12284,47,Male,Student,9.12,109,7.18,1,2,3,64,163,4
12285,27,Female,Student,3.89,75,8.5,4,8,0,71,267,1
12286,27,Male,Business,9.58,14,5.6,3,9,3,28,285,7
12287,26,Female,Designer,5.45,45,8.0,8,2,0,39,195,3
12288,52,Female,Designer,8.21,113,5.61,9,2,5,0,174,8
12289,52,Female,Teacher,6.25,115,6.72,7,1,2,40,275,3
12290,57,Male,Student,9.83,113,7.05,3,5,5,53,63,7
12291,34,Male,Teacher,1.19,70,7.09,2,2,1,64,134,2
12292,38,Female,Engineer,6.5,55,4.11,7,5,4,81,137,7
12293,44,Male,Engineer,5.13,106,8.19,5,6,2,57,217,8
12294,56,Female,Student,1.05,119,4.13,1,4,2,112,238,1
12295,54,Female,Teacher,4.46,12,6.91,4,3,4,28,285,5
12296,51,Male,Designer,3.16,46,6.66,8,5,3,99,294,7
12297,31,Male,Doctor,8.9,85,7.0,4,2,4,100,179,6
12298,47,Female,Designer,1.35,117,5.36,3,7,2,95,156,3
12299,51,Male,Engineer,7.65,64,5.83,8,8,2,116,166,3
12300,47,Male,Student,2.57,62,5.72,9,6,4,108,209,6
12301,40,Male,Engineer,6.58,96,6.99,9,7,3,12,231,3
12302,27,Male,Teacher,4.33,43,7.43,5,9,4,111,267,1
12303,44,Female,Doctor,1.78,104,4.38,8,8,5,10,217,4
12304,28,Female,Business,8.91,58,7.43,2,2,4,56,235,4
12305,56,Female,Student,7.69,72,4.86,1,9,1,22,50,3
12306,51,Female,Designer,1.96,92,8.5,4,2,4,65,283,8
12307,57,Female,Doctor,4.78,64,6.49,5,8,4,76,30,1
12308,58,Female,Engineer,8.31,110,6.92,9,1,3,58,283,8
12309,27,Male,Designer,6.34,75,4.22,2,1,2,92,281,8
12310,35,Female,Teacher,2.63,35,4.31,2,4,3,105,32,8
12311,22,Male,Engineer,8.27,112,6.78,1,5,3,10,208,4
12312,48,Male,Doctor,7.71,94,5.52,4,3,5,15,131,7
12313,49,Female,Doctor,2.22,34,6.33,5,7,1,1,125,9
12314,53,Female,Designer,9.52,117,7.16,5,7,3,43,244,7
12315,46,Male,Business,8.92,41,8.06,6,7,4,114,291,4
12316,57,Male,Engineer,5.68,70,7.68,8,6,2,108,35,2
12317,26,Female,Doctor,5.2,74,8.5,4,4,4,84,74,7
12318,25,Male,Teacher,9.43,55,6.09,1,2,5,30,94,2
12319,18,Female,Teacher,4.32,109,5.25,7,4,2,9,84,5
12320,37,Female,Business,9.67,97,7.11,5,3,5,98,229,4
12321,28,Female,Business,6.49,119,5.52,7,8,4,111,31,5
12322,47,Female,Designer,6.8,11,6.48,4,8,2,26,122,5
12323,31,Female,Engineer,9.49,106,6.72,6,7,2,98,238,4
12324,20,Female,Doctor,6.81,21,6.42,9,8,1,18,283,9
12325,22,Female,Doctor,6.55,96,5.37,3,1,2,9,165,9
12326,39,Female,Teacher,5.18,13,8.72,6,3,0,62,232,8
12327,47,Male,Teacher,7.52,70,6.63,6,5,1,70,283,3
12328,42,Male,Business,5.01,23,4.59,9,1,5,23,293,7
12329,28,Female,Teacher,9.02,9,8.66,2,3,5,17,179,6
12330,38,Female,Designer,3.78,83,6.78,7,2,2,41,170,6
12331,50,Male,Doctor,7.42,100,4.52,1,9,0,37,132,1
12332,36,Male,Designer,6.55,88,8.28,6,9,5,59,217,7
12333,22,Female,Designer,1.3,74,6.41,1,5,0,44,30,3
12334,29,Male,Designer,8.93,38,8.41,2,2,4,19,30,4
12335,40,Male,Engineer,6.57,106,8.1,6,1,5,112,184,6
12336,22,Female,Student,2.46,15,4.62,7,1,4,41,121,7
12337,34,Male,Designer,5.12,108,8.35,5,9,1,47,135,3
12338,31,Female,Teacher,3.59,64,7.39,5,6,0,40,72,9
12339,30,Male,Engineer,7.2,70,8.73,5,8,3,19,266,8
12340,59,Male,Doctor,5.81,58,6.21,4,3,2,63,263,8
12341,20,Male,Engineer,6.05,49,5.14,7,2,3,9,116,7
12342,58,Male,Student,9.03,63,6.57,6,1,5,101,84,5
12343,24,Male,Business,1.87,23,6.45,3,5,2,41,133,6
12344,28,Male,Designer,7.68,92,8.01,8,6,0,52,212,7
12345,27,Male,Designer,6.97,6,7.2,2,2,5,28,215,3
12346,40,Male,Teacher,1.65,43,5.65,9,6,0,78,262,3
12347,46,Female,Engineer,7.08,69,7.62,8,1,5,75,76,2
12348,20,Female,Teacher,6.88,25,6.53,3,8,4,27,249,3
12349,22,Male,Designer,5.36,12,4.32,6,8,4,43,152,6
12350,34,Female,Designer,3.13,83,8.5,7,3,2,10,95,4
12351,50,Female,Teacher,6.31,8,5.49,4,5,0,63,289,2
12352,40,Male,Student,7.01,93,8.94,4,3,0,65,246,9
12353,49,Male,Engineer,5.59,69,4.25,2,6,4,47,178,3
12354,34,Male,Engineer,4.68,108,8.69,1,1,2,39,48,1
12355,34,Female,Teacher,9.03,81,4.42,5,6,2,15,143,5
12356,25,Female,Business,5.09,50,5.4,1,1,0,94,230,3
12357,25,Male,Teacher,7.34,32,7.58,7,5,2,100,202,8
12358,53,Male,Teacher,9.36,19,8.67,9,7,0,69,121,6
12359,45,Male,Designer,4.37,20,6.43,3,3,4,101,298,7
12360,26,Female,Student,3.11,86,7.69,3,8,1,49,137,7
12361,56,Female,Engineer,6.62,21,8.05,5,2,3,16,273,8
12362,25,Female,Business,1.04,23,6.46,1,2,5,52,235,5
12363,38,Male,Student,6.76,51,5.16,4,5,3,14,251,4
12364,57,Male,Business,2.82,17,7.31,2,9,0,22,95,1
12365,58,Male,Business,9.66,10,7.88,8,2,5,91,171,1
12366,43,Female,Engineer,7.73,115,4.81,3,8,0,7,32,1
12367,32,Male,Teacher,2.21,91,8.12,9,4,4,107,227,4
12368,27,Female,Business,6.3,18,5.3,9,2,2,90,148,3
12369,50,Female,Teacher,7.36,62,4.86,6,8,0,23,234,1
12370,32,Male,Teacher,6.13,80,5.92,5,7,1,70,73,6
12371,58,Male,Teacher,6.91,90,7.92,2,4,4,102,107,1
12372,22,Female,Teacher,5.15,63,8.0,2,3,1,86,169,2
12373,27,Male,Designer,7.03,80,6.25,7,8,0,24,88,8
12374,32,Male,Designer,2.28,105,5.39,4,6,4,41,89,5
12375,33,Male,Student,9.87,46,7.55,9,2,4,85,69,3
12376,30,Female,Teacher,9.36,100,4.9,9,5,1,29,282,7
12377,20,Female,Engineer,3.1,56,8.17,8,9,4,113,294,6
12378,56,Male,Teacher,3.8,9,6.92,7,9,1,100,298,1
12379,39,Male,Engineer,3.35,38,5.6,7,3,0,83,114,2
12380,42,Male,Teacher,8.17,92,5.84,1,7,2,74,25,1
12381,58,Male,Business,2.97,31,5.65,1,3,3,21,253,8
12382,56,Male,Doctor,7.96,119,6.82,3,4,2,47,275,9
12383,32,Male,Teacher,1.82,42,8.45,4,4,1,106,206,2
12384,32,Female,Student,3.81,101,6.5,8,6,4,33,25,7
12385,50,Female,Student,1.36,93,4.58,1,9,0,7,277,5
12386,33,Female,Doctor,8.46,26,5.3,3,7,2,96,277,9
12387,52,Male,Designer,1.22,97,5.75,4,6,0,30,121,5
12388,24,Female,Student,8.46,85,4.91,4,7,0,70,168,4
12389,18,Male,Student,7.43,36,5.59,9,5,4,55,49,1
12390,28,Male,Student,3.96,72,5.85,9,4,5,12,74,9
12391,45,Female,Designer,8.08,37,6.0,7,5,5,102,118,6
12392,50,Male,Business,2.27,34,5.48,7,8,2,31,164,5
12393,24,Female,Business,1.15,12,4.19,2,1,2,69,210,1
12394,56,Male,Business,7.61,29,4.09,2,1,2,61,93,1
12395,38,Male,Teacher,1.44,58,6.4,1,6,5,44,28,1
12396,33,Female,Engineer,2.41,42,6.45,6,2,2,116,93,3
12397,28,Male,Engineer,2.98,7,5.61,4,2,5,51,243,1
12398,57,Female,Teacher,5.6,31,5.75,4,1,5,111,276,3
12399,31,Female,Doctor,6.79,32,4.39,5,7,0,104,219,3
12400,22,Male,Student,8.67,50,7.39,7,7,4,66,265,9
12401,39,Male,Engineer,1.77,53,5.09,8,6,5,22,117,6
12402,57,Male,Doctor,4.06,70,8.44,4,8,3,117,59,4
12403,50,Male,Engineer,8.07,79,7.44,6,4,1,29,255,4
12404,56,Female,Doctor,9.65,99,7.42,7,5,4,116,89,3
12405,21,Male,Doctor,1.81,61,8.72,7,4,4,84,200,9
12406,58,Female,Engineer,2.56,99,4.9,1,5,0,111,108,7
12407,52,Male,Engineer,5.85,30,5.01,1,4,1,113,38,4
12408,35,Female,Student,5.94,90,8.69,2,1,4,92,106,8
12409,44,Male,Designer,9.32,115,6.75,9,6,2,109,43,1
12410,59,Female,Student,6.9,18,4.29,9,7,4,70,239,7
12411,50,Male,Doctor,9.96,87,4.26,7,5,4,73,72,9
12412,18,Male,Business,8.95,65,5.84,6,9,0,44,155,3
12413,36,Female,Student,9.78,43,4.23,6,3,4,1,40,9
12414,53,Male,Engineer,1.39,72,7.9,9,6,5,97,157,4
12415,30,Female,Business,6.24,14,6.13,4,8,4,15,116,7
12416,23,Male,Student,9.16,94,5.26,2,6,1,82,234,7
12417,44,Male,Student,9.01,76,6.29,5,6,5,60,37,1
12418,39,Female,Student,2.08,33,8.36,9,8,2,87,216,1
12419,30,Male,Doctor,7.47,67,6.54,6,3,5,29,222,3
12420,28,Female,Designer,4.28,95,8.55,5,9,0,105,261,7
12421,56,Male,Student,5.37,62,6.35,5,4,0,37,143,8
12422,55,Male,Teacher,8.13,102,4.07,8,2,0,22,260,1
12423,36,Male,Teacher,9.79,50,5.5,2,5,5,87,189,9
12424,19,Male,Engineer,7.81,19,5.41,1,3,5,55,244,3
12425,20,Male,Designer,1.83,80,5.22,5,9,1,111,173,4
12426,43,Female,Doctor,8.13,101,7.33,3,2,1,118,284,5
12427,48,Male,Doctor,6.41,35,7.32,2,8,3,25,238,2
12428,56,Female,Business,6.54,41,4.91,3,4,1,19,299,5
12429,51,Male,Designer,1.43,7,7.23,2,9,2,47,237,7
12430,21,Male,Student,1.06,39,5.87,6,8,4,27,116,6
12431,46,Male,Doctor,3.33,106,7.42,4,6,4,74,136,6
12432,29,Male,Teacher,8.94,79,7.73,3,1,4,68,215,2
12433,50,Male,Teacher,2.94,105,6.57,4,6,2,46,83,1
12434,31,Female,Engineer,5.61,31,8.1,3,9,1,96,181,7
12435,42,Female,Designer,7.53,63,4.28,3,7,1,61,224,8
12436,43,Female,Doctor,3.53,74,8.79,1,5,0,97,297,2
12437,22,Male,Student,1.5,51,7.82,4,4,0,2,171,3
12438,38,Male,Doctor,9.48,90,4.3,8,8,0,71,217,2
12439,30,Male,Teacher,8.93,76,5.44,1,4,4,110,121,1
12440,59,Male,Business,6.88,14,5.16,1,8,2,53,236,7
12441,36,Female,Student,8.03,81,6.62,4,7,1,79,241,1
12442,37,Male,Business,3.48,11,8.5,1,1,1,67,158,3
12443,45,Male,Doctor,6.76,53,5.39,4,5,3,48,109,3
12444,24,Male,Student,1.66,38,8.91,6,1,5,70,241,1
12445,22,Female,Business,2.92,18,8.23,9,8,3,71,149,3
12446,33,Female,Designer,8.47,27,6.43,8,5,1,65,99,3
12447,26,Female,Teacher,3.22,108,8.93,9,4,1,91,72,1
12448,37,Female,Engineer,2.58,16,5.41,9,7,5,65,214,3
12449,29,Female,Business,7.87,14,6.97,2,8,0,67,229,8
12450,49,Male,Business,2.07,104,6.43,2,2,2,84,30,7
12451,55,Female,Business,1.96,60,4.29,6,2,1,107,251,8
12452,22,Female,Teacher,3.55,89,4.38,8,1,4,119,208,9
12453,59,Male,Business,1.1,31,5.44,3,1,4,2,137,8
12454,30,Female,Doctor,8.88,109,6.74,8,9,5,46,193,9
12455,32,Male,Business,6.44,85,6.88,6,6,5,41,187,9
12456,30,Male,Business,3.21,104,8.99,8,6,1,119,166,4
12457,45,Female,Student,1.53,70,4.72,7,1,4,77,111,6
12458,28,Male,Doctor,5.16,116,8.55,7,8,4,35,235,4
12459,45,Female,Designer,1.26,11,8.42,3,2,4,74,254,9
12460,42,Female,Business,1.9,39,4.53,1,1,1,25,267,1
12461,57,Female,Teacher,5.27,91,8.48,4,1,1,28,132,3
12462,28,Female,Doctor,1.05,24,6.7,5,1,3,17,277,4
12463,40,Female,Teacher,3.9,29,7.36,1,4,3,111,290,6
12464,28,Male,Business,7.59,17,5.96,8,3,1,67,197,5
12465,38,Female,Business,4.99,49,8.1,2,4,4,117,295,9
12466,35,Male,Engineer,1.75,43,6.78,8,8,3,2,44,1
12467,59,Female,Designer,3.34,49,5.1,8,9,5,90,179,8
12468,56,Male,Teacher,1.59,67,7.6,4,8,2,84,194,5
12469,55,Female,Doctor,1.24,62,8.87,7,5,1,27,186,5
12470,26,Male,Teacher,1.2,26,4.95,7,1,1,95,100,3
12471,21,Female,Doctor,8.63,22,4.18,6,6,4,83,276,9
12472,45,Male,Engineer,8.61,62,5.95,4,6,5,15,174,7
12473,54,Female,Engineer,5.42,48,5.17,4,9,0,83,104,8
12474,19,Female,Doctor,8.33,48,7.6,3,6,4,110,186,7
12475,50,Female,Business,1.97,8,8.16,6,2,3,52,147,2
12476,31,Male,Designer,8.36,84,4.48,6,2,0,102,132,4
12477,59,Female,Doctor,8.14,98,4.87,5,8,5,80,172,5
12478,37,Female,Teacher,8.89,6,7.33,4,2,1,106,247,3
12479,23,Male,Teacher,3.46,58,5.06,5,4,3,61,177,5
12480,49,Male,Business,5.42,11,8.47,6,3,3,116,171,5
12481,29,Female,Designer,9.0,51,4.49,4,8,3,14,125,3
12482,35,Male,Teacher,8.68,37,4.65,4,8,1,78,227,5
12483,38,Male,Student,7.45,43,5.95,1,9,5,48,50,9
12484,37,Male,Doctor,4.17,85,7.72,9,8,4,51,275,8
12485,29,Male,Designer,6.17,43,8.09,3,7,3,30,295,4
12486,36,Female,Designer,5.33,19,6.21,3,3,1,56,266,2
12487,21,Male,Business,7.79,117,5.88,1,2,1,73,53,4
12488,52,Male,Engineer,4.96,48,5.62,3,2,1,43,291,6
12489,40,Female,Business,7.38,11,4.79,4,3,2,101,107,4
12490,22,Male,Engineer,5.27,19,7.51,2,3,1,94,60,3
12491,43,Female,Student,9.91,53,7.69,6,6,0,79,291,8
12492,56,Male,Business,3.01,23,6.84,6,9,0,52,136,8
12493,49,Male,Doctor,7.94,16,5.21,5,3,1,93,264,7
12494,37,Female,Doctor,4.45,63,6.0,4,3,4,63,222,4
12495,56,Male,Engineer,9.53,39,4.36,4,3,2,94,25,6
12496,25,Male,Engineer,5.67,53,4.68,9,8,5,46,197,7
12497,44,Female,Student,4.99,62,7.97,2,1,0,46,254,2
12498,38,Male,Teacher,2.32,24,5.51,8,3,3,21,246,1
12499,54,Female,Engineer,6.21,13,4.76,9,5,0,54,93,8
12500,32,Male,Student,6.44,111,8.45,7,3,0,24,133,3
12501,30,Male,Engineer,2.72,83,5.31,4,6,4,117,167,5
12502,27,Male,Business,5.95,43,8.58,5,5,2,102,291,2
12503,35,Male,Designer,3.93,93,5.32,8,8,1,15,226,6
12504,30,Female,Doctor,4.62,66,8.72,2,4,2,63,150,6
12505,53,Female,Student,8.67,105,5.02,6,7,0,9,168,3
12506,19,Female,Business,7.41,31,8.17,9,8,3,20,168,2
12507,47,Male,Designer,9.97,67,4.54,8,8,5,29,204,4
12508,50,Male,Designer,2.07,52,7.66,6,4,0,40,267,2
12509,42,Female,Engineer,2.82,112,6.78,5,1,4,97,241,9
12510,49,Female,Business,8.31,40,8.2,9,1,3,62,218,8
12511,24,Male,Designer,9.02,34,7.58,4,7,3,105,104,2
12512,34,Male,Engineer,1.73,31,7.27,9,4,4,96,131,6
12513,22,Male,Student,9.22,66,6.59,7,6,5,83,143,8
12514,44,Female,Designer,4.11,5,8.94,2,3,5,33,215,6
12515,34,Male,Designer,3.07,65,6.15,3,3,3,25,195,8
12516,51,Male,Designer,7.14,47,5.79,1,6,4,58,113,8
12517,27,Male,Engineer,2.47,22,8.49,5,3,4,75,190,8
12518,21,Female,Student,9.49,98,4.04,3,3,4,54,56,7
12519,36,Male,Doctor,5.38,87,5.03,8,9,0,46,118,4
12520,55,Male,Business,4.18,65,7.42,7,7,4,63,197,1
12521,49,Female,Designer,5.95,62,4.06,7,5,1,82,42,8
12522,58,Male,Teacher,5.57,85,8.58,7,9,2,70,295,4
12523,21,Female,Teacher,9.73,58,8.17,2,8,4,91,250,9
12524,37,Female,Student,3.87,109,8.21,7,1,3,106,127,6
12525,28,Female,Business,7.45,52,7.71,6,6,5,3,252,1
12526,50,Male,Doctor,1.67,79,8.45,1,4,0,28,108,2
12527,57,Male,Engineer,5.4,83,7.25,2,8,3,99,150,5
12528,47,Female,Business,9.96,18,5.18,9,3,5,28,160,6
12529,42,Female,Engineer,7.62,103,7.99,4,1,4,9,104,7
12530,45,Male,Student,8.98,74,5.77,6,6,4,13,61,1
12531,55,Female,Teacher,1.46,74,4.06,4,2,4,38,195,2
12532,29,Male,Engineer,9.47,73,8.79,2,5,3,72,267,8
12533,40,Male,Teacher,1.5,43,5.07,3,5,2,98,72,2
12534,47,Male,Teacher,6.59,62,5.41,1,2,4,68,50,9
12535,32,Female,Teacher,6.01,70,8.22,1,6,4,12,160,2
12536,27,Male,Student,1.17,112,4.05,6,9,2,118,94,1
12537,29,Female,Teacher,3.03,6,4.04,8,1,5,115,251,9
12538,21,Male,Student,2.3,79,4.77,2,6,4,93,97,9
12539,26,Female,Teacher,1.25,81,4.52,1,4,3,109,139,1
12540,38,Male,Designer,3.68,79,8.7,4,4,0,89,128,2
12541,32,Female,Business,4.62,7,5.27,3,1,4,119,23,4
12542,18,Male,Business,3.54,113,6.46,4,1,2,13,88,5
12543,31,Female,Doctor,4.9,104,7.98,6,5,5,52,247,8
12544,24,Female,Business,9.22,59,5.18,3,4,0,78,44,9
12545,57,Male,Designer,6.38,110,7.86,1,6,0,85,297,1
12546,29,Female,Engineer,1.83,74,5.39,2,8,3,95,106,3
12547,18,Female,Teacher,1.76,65,5.29,1,7,4,12,295,6
12548,20,Female,Teacher,5.63,100,7.84,1,1,0,22,275,3
12549,23,Female,Engineer,3.38,90,7.85,4,3,0,47,253,7
12550,26,Male,Designer,7.64,16,5.57,5,8,0,32,239,2
12551,36,Male,Designer,6.02,54,6.04,9,1,0,60,198,7
12552,43,Female,Student,1.64,114,7.64,8,2,1,34,57,2
12553,44,Female,Designer,5.62,47,4.53,8,3,4,108,189,3
12554,29,Male,Doctor,9.75,48,6.15,2,1,5,44,121,6
12555,39,Female,Doctor,6.48,109,5.72,7,8,4,6,270,6
12556,24,Male,Teacher,7.17,32,5.65,3,9,3,44,153,4
12557,42,Male,Student,3.14,83,8.97,2,1,1,106,157,6
12558,44,Female,Designer,6.28,101,7.13,8,1,2,65,298,1
12559,39,Female,Student,4.87,86,5.19,1,8,3,23,177,2
12560,43,Male,Doctor,4.65,43,5.36,8,5,2,76,147,7
12561,27,Male,Business,8.53,45,4.55,8,6,4,115,253,7
12562,18,Male,Business,3.8,110,8.63,9,9,4,33,54,8
12563,48,Female,Student,1.06,100,7.27,7,7,1,20,227,9
12564,53,Female,Designer,9.74,21,5.7,5,1,2,34,83,7
12565,30,Male,Teacher,6.75,103,6.88,8,3,2,95,286,7
12566,29,Female,Business,8.52,38,8.2,5,7,2,109,167,8
12567,34,Male,Teacher,8.72,86,7.54,6,1,3,11,190,9
12568,56,Male,Business,5.79,62,6.83,4,5,0,39,232,1
12569,57,Male,Student,4.43,96,7.76,6,1,3,49,131,1
12570,45,Male,Business,2.32,26,8.81,9,2,3,44,122,9
12571,37,Female,Business,8.83,99,6.15,1,7,0,69,244,6
12572,49,Female,Student,8.92,52,7.22,8,1,4,34,38,1
12573,29,Male,Business,5.61,32,5.46,5,3,0,38,137,1
12574,24,Female,Business,4.87,64,4.48,9,1,0,112,201,3
12575,23,Female,Engineer,5.98,112,4.34,7,6,4,61,115,1
12576,40,Female,Engineer,2.58,108,7.58,9,1,0,26,93,2
12577,36,Male,Engineer,1.2,51,5.84,6,9,3,45,113,6
12578,59,Female,Designer,6.38,52,6.23,7,2,1,36,267,2
12579,52,Male,Doctor,1.95,29,5.47,5,8,2,69,71,9
12580,32,Female,Teacher,8.96,78,5.26,9,3,0,1,78,7
12581,36,Female,Business,4.77,59,5.35,5,3,3,56,94,3
12582,55,Male,Designer,1.73,79,5.37,5,3,0,94,251,6
12583,41,Female,Teacher,8.77,83,4.65,5,7,0,2,162,8
12584,42,Male,Designer,3.66,58,4.59,2,4,3,62,139,4
12585,39,Female,Teacher,4.62,41,7.04,8,6,5,93,97,1
12586,35,Male,Teacher,3.99,107,4.26,8,6,2,23,63,8
12587,55,Male,Doctor,3.09,96,8.64,8,4,5,30,299,5
12588,55,Male,Doctor,9.01,24,8.72,8,2,1,67,63,2
12589,51,Male,Doctor,8.51,37,5.9,3,6,5,31,200,4
12590,25,Female,Business,7.56,27,4.61,1,5,1,116,238,8
12591,25,Female,Student,8.02,19,6.6,3,7,1,72,121,5
12592,24,Female,Doctor,7.72,11,6.31,1,4,2,69,137,7
12593,37,Male,Teacher,8.45,96,5.05,6,6,4,70,91,8
12594,56,Female,Engineer,9.66,87,4.99,4,7,0,22,183,8
12595,54,Female,Designer,3.83,84,7.86,2,7,4,63,236,5
12596,21,Male,Designer,4.14,32,5.49,8,9,4,112,211,4
12597,59,Female,Student,9.59,11,6.46,9,1,1,89,209,9
12598,59,Male,Business,2.82,96,5.7,2,7,5,76,220,3
12599,32,Male,Doctor,8.24,51,4.07,2,6,0,84,298,9
12600,51,Male,Teacher,5.82,39,7.84,4,2,2,33,154,5
12601,38,Female,Doctor,3.17,68,5.1,7,7,3,95,195,3
12602,45,Male,Designer,6.52,101,7.8,4,8,3,19,121,3
12603,41,Male,Doctor,8.87,55,5.74,3,2,0,70,37,9
12604,52,Female,Business,8.56,72,7.31,3,4,1,4,157,9
12605,27,Female,Engineer,6.67,101,7.9,1,6,5,63,247,2
12606,51,Female,Student,7.32,32,8.86,6,4,1,34,79,9
12607,49,Male,Designer,2.97,48,8.86,9,5,5,86,211,8
12608,20,Female,Designer,5.12,16,4.46,2,4,1,48,130,2
12609,30,Male,Designer,7.54,86,7.06,8,4,3,35,110,4
12610,30,Male,Doctor,7.28,49,5.12,5,3,5,95,277,1
12611,50,Male,Student,8.9,98,7.34,7,1,4,11,233,5
12612,46,Female,Teacher,5.73,106,6.72,6,1,2,72,61,9
12613,20,Female,Student,5.79,112,5.17,3,7,1,47,296,7
12614,53,Female,Business,8.13,97,4.79,8,9,2,34,246,2
12615,55,Female,Designer,5.08,63,5.06,6,2,0,79,78,5
12616,29,Male,Student,8.28,41,4.18,7,8,5,55,190,7
12617,23,Female,Doctor,4.11,84,7.93,7,8,1,23,231,3
12618,59,Male,Business,6.5,88,6.33,8,5,5,56,247,2
12619,36,Male,Doctor,3.44,103,4.89,1,5,4,26,292,2
12620,30,Male,Student,3.2,32,6.83,8,7,2,80,286,3
12621,20,Male,Teacher,5.92,54,5.86,3,9,0,74,98,2
12622,21,Female,Engineer,8.78,118,5.4,3,7,2,76,53,3
12623,25,Male,Doctor,7.31,82,6.56,5,9,2,25,176,6
12624,26,Female,Teacher,2.02,87,7.83,9,7,4,105,40,2
12625,39,Female,Business,4.88,65,4.2,9,1,0,35,220,2
12626,31,Male,Teacher,5.38,58,6.49,6,1,0,38,254,4
12627,43,Female,Doctor,8.26,59,6.47,3,7,3,35,193,5
12628,42,Female,Doctor,2.91,38,4.2,2,7,1,104,76,8
12629,26,Female,Student,6.7,56,7.07,3,3,0,68,72,6
12630,49,Female,Engineer,9.36,9,7.19,7,8,0,44,165,5
12631,24,Male,Engineer,2.52,30,7.16,5,6,4,115,180,9
12632,32,Female,Doctor,9.64,17,5.74,5,5,4,104,227,7
12633,23,Female,Engineer,1.31,62,5.07,4,8,5,114,167,7
12634,56,Male,Engineer,8.82,109,6.95,8,8,5,47,142,1
12635,25,Female,Engineer,9.42,14,5.42,5,7,0,22,220,8
12636,38,Male,Doctor,7.83,79,8.15,9,7,4,83,23,5
12637,27,Female,Student,1.69,45,8.65,9,8,4,48,124,4
12638,36,Female,Engineer,7.97,23,5.87,6,6,0,78,32,5
12639,38,Female,Designer,4.36,81,8.62,9,8,4,90,32,4
12640,21,Male,Student,2.23,83,5.94,3,6,4,22,298,7
12641,22,Male,Doctor,7.49,60,8.46,1,2,5,91,70,6
12642,24,Male,Business,6.9,116,6.05,6,8,0,8,51,8
12643,58,Female,Student,1.69,84,6.14,8,4,1,80,125,9
12644,19,Female,Doctor,9.85,61,7.13,5,1,4,99,184,9
12645,19,Male,Student,3.11,59,8.35,7,4,4,93,41,1
12646,51,Female,Business,7.62,109,8.8,2,6,0,72,194,7
12647,36,Male,Teacher,9.27,55,7.49,1,8,5,101,87,7
12648,51,Male,Teacher,4.27,81,8.65,9,5,3,9,96,4
12649,22,Male,Engineer,6.77,36,4.56,3,4,0,74,267,3
12650,21,Female,Teacher,5.39,53,4.58,7,9,1,59,254,7
12651,25,Male,Designer,9.18,114,6.09,8,6,0,96,124,5
12652,29,Female,Engineer,5.93,22,4.4,7,1,4,110,146,5
12653,51,Female,Engineer,7.83,87,4.9,9,8,3,53,196,4
12654,36,Male,Teacher,2.71,75,5.22,4,2,2,46,134,2
12655,36,Female,Student,8.18,93,4.45,2,9,3,35,214,6
12656,21,Female,Teacher,7.65,50,4.05,9,6,0,72,143,7
12657,29,Female,Teacher,3.09,55,7.74,6,7,2,75,228,5
12658,22,Male,Designer,6.93,16,4.98,2,8,5,112,103,6
12659,33,Male,Student,1.45,48,8.94,1,7,2,75,131,5
12660,36,Male,Doctor,5.3,51,4.3,3,9,5,75,160,8
12661,57,Male,Doctor,2.77,71,8.73,7,2,3,88,253,2
12662,53,Male,Teacher,4.43,80,5.29,1,4,4,56,270,9
12663,59,Female,Business,4.17,25,8.55,8,7,1,113,86,4
12664,21,Female,Doctor,2.71,103,6.22,9,9,3,97,73,5
12665,43,Female,Designer,7.5,97,5.51,2,1,2,83,266,9
12666,42,Female,Business,3.85,32,4.15,4,9,3,94,167,5
12667,57,Female,Engineer,4.89,28,6.52,2,7,0,67,45,9
12668,57,Male,Business,9.32,88,8.76,5,1,1,16,123,1
12669,32,Female,Engineer,9.85,17,8.88,6,5,5,101,228,5
12670,43,Female,Student,3.46,116,4.47,4,4,3,42,175,4
12671,55,Male,Engineer,7.33,80,4.39,2,9,4,84,32,5
12672,50,Female,Business,5.09,117,6.97,6,5,1,90,240,7
12673,36,Male,Student,6.97,9,6.6,5,1,4,16,102,8
12674,21,Male,Business,8.76,15,6.69,6,3,2,23,202,3
12675,18,Male,Designer,9.31,110,7.47,5,2,5,35,43,6
12676,43,Male,Teacher,1.32,62,4.42,7,3,3,71,94,2
12677,46,Female,Doctor,1.0,20,6.28,3,2,3,96,159,8
12678,46,Female,Doctor,2.8,44,8.69,8,1,0,77,158,9
12679,52,Female,Teacher,3.54,76,4.14,7,7,3,30,198,4
12680,33,Male,Engineer,8.01,83,4.09,8,2,1,17,266,4
12681,18,Male,Doctor,3.17,24,5.21,3,5,0,42,88,1
12682,25,Female,Doctor,8.27,34,5.72,2,8,5,107,174,1
12683,29,Female,Engineer,1.88,111,6.44,1,5,1,98,156,5
12684,58,Female,Engineer,2.12,29,8.72,6,6,4,7,165,1
12685,43,Female,Engineer,4.36,22,8.32,2,4,5,82,239,7
12686,20,Female,Designer,3.18,93,5.98,4,7,3,19,156,8
12687,59,Male,Engineer,3.41,94,6.72,2,7,4,76,193,9
12688,33,Male,Student,9.05,106,7.58,4,9,2,92,295,2
12689,31,Female,Engineer,1.94,115,7.45,3,2,1,30,199,9
12690,56,Male,Designer,7.29,60,4.27,2,2,0,8,92,8
12691,53,Female,Engineer,3.87,116,8.36,8,2,5,15,149,3
12692,57,Male,Student,2.54,27,7.73,3,9,2,78,39,4
12693,31,Female,Student,5.05,64,6.73,1,7,3,51,202,6
12694,31,Male,Student,9.48,84,6.98,4,8,0,91,196,3
12695,47,Female,Teacher,7.17,99,6.14,7,8,1,1,158,3
12696,47,Female,Business,6.71,45,8.02,6,1,4,76,131,5
12697,25,Female,Engineer,1.4,88,4.28,1,9,4,73,203,7
12698,28,Female,Engineer,6.52,99,7.48,1,3,3,108,47,4
12699,45,Male,Business,9.64,34,6.0,1,3,0,3,108,7
12700,30,Female,Business,6.77,29,5.47,2,1,4,17,266,4
12701,58,Male,Doctor,9.41,39,6.92,3,9,5,75,142,7
12702,40,Male,Student,1.24,30,5.0,7,1,2,89,243,8
12703,48,Female,Student,9.71,33,5.19,5,8,3,85,180,7
12704,58,Female,Doctor,4.72,37,6.34,3,9,1,81,35,8
12705,27,Male,Business,8.9,76,5.65,7,2,3,111,205,6
12706,55,Male,Student,4.96,17,7.73,2,2,1,8,86,6
12707,42,Male,Engineer,9.9,61,8.44,8,1,3,39,180,6
12708,40,Male,Teacher,5.66,55,8.85,1,3,5,94,270,8
12709,33,Female,Doctor,6.9,109,6.44,7,5,2,5,173,3
12710,20,Male,Engineer,2.18,60,5.48,5,9,0,46,92,8
12711,40,Female,Teacher,2.53,22,5.29,1,1,4,39,196,9
12712,45,Male,Designer,8.75,103,7.27,3,2,0,77,40,3
12713,25,Male,Teacher,2.46,61,4.83,6,7,3,59,220,1
12714,42,Female,Designer,2.69,100,6.27,9,5,5,83,191,5
12715,55,Male,Designer,1.89,68,5.81,8,9,2,107,144,4
12716,52,Female,Teacher,9.4,115,8.57,8,3,4,93,36,7
12717,51,Female,Doctor,2.72,95,8.08,6,4,3,97,269,9
12718,48,Male,Designer,3.03,20,5.21,5,1,2,96,228,9
12719,34,Female,Teacher,5.62,22,6.45,9,9,5,88,99,9
12720,30,Male,Engineer,8.32,105,6.83,6,6,2,0,100,8
12721,27,Female,Engineer,4.75,79,5.3,5,1,1,34,229,4
12722,40,Male,Engineer,5.52,107,4.85,1,6,5,78,128,8
12723,58,Male,Business,3.14,46,8.15,4,8,2,55,129,3
12724,56,Female,Designer,8.42,83,5.15,6,4,4,42,233,7
12725,40,Male,Engineer,6.84,55,6.24,1,4,0,111,36,3
12726,22,Male,Engineer,6.08,87,7.45,5,4,0,3,115,4
12727,20,Female,Teacher,4.36,23,4.5,1,8,0,115,269,6
12728,24,Male,Doctor,4.67,61,4.94,7,1,3,9,212,7
12729,36,Female,Doctor,9.58,42,7.48,8,5,5,69,29,8
12730,46,Female,Business,6.59,90,4.16,1,2,0,2,63,6
12731,27,Female,Teacher,9.95,81,6.67,5,9,2,6,276,8
12732,25,Female,Business,3.63,16,7.13,7,4,3,118,288,6
12733,38,Female,Business,3.35,37,7.78,6,3,1,50,208,8
12734,46,Female,Business,1.59,93,7.72,2,9,1,63,148,8
12735,35,Male,Engineer,7.59,91,4.17,6,7,2,34,222,1
12736,58,Male,Business,8.62,68,7.93,1,4,2,60,293,1
12737,42,Male,Engineer,1.65,105,5.84,4,5,2,71,211,4
12738,55,Female,Teacher,4.52,18,7.02,7,6,5,94,181,4
12739,39,Male,Student,7.1,60,6.58,8,1,1,12,287,9
12740,26,Male,Designer,4.69,69,4.18,3,1,5,91,231,5
12741,20,Male,Business,3.24,64,7.81,3,4,1,103,248,1
12742,57,Male,Student,5.05,42,7.27,9,1,5,101,202,8
12743,26,Female,Engineer,6.39,18,4.62,2,1,1,86,193,6
12744,34,Male,Doctor,4.37,102,7.05,4,5,4,8,209,6
12745,53,Female,Teacher,9.83,75,4.17,1,5,1,11,204,8
12746,32,Male,Teacher,6.02,80,4.15,5,2,0,36,166,8
12747,57,Female,Teacher,8.56,9,8.65,9,2,5,115,86,6
12748,57,Female,Designer,2.54,52,6.42,3,9,4,18,157,1
12749,48,Male,Engineer,9.53,41,7.79,4,4,3,44,118,3
12750,39,Male,Business,6.83,68,7.12,8,1,2,49,298,9
12751,41,Female,Engineer,1.44,68,5.21,3,6,4,83,190,6
12752,40,Male,Business,3.62,109,5.63,6,9,0,81,89,5
12753,53,Male,Designer,7.23,68,5.17,2,4,2,13,208,6
12754,21,Male,Designer,6.47,17,4.34,6,7,2,35,260,7
12755,27,Female,Designer,3.0,109,6.88,7,5,0,14,38,7
12756,53,Female,Engineer,1.5,42,5.34,2,8,2,83,87,9
12757,46,Female,Doctor,3.69,25,8.04,6,3,1,96,173,4
12758,38,Male,Business,7.84,38,7.97,7,7,4,6,161,1
12759,58,Female,Designer,3.47,56,7.7,9,4,0,94,232,3
12760,28,Male,Teacher,8.79,97,4.21,5,3,4,106,70,1
12761,19,Female,Teacher,1.27,28,8.06,9,7,4,5,30,8
12762,21,Male,Teacher,8.12,8,6.43,5,1,3,61,110,2
12763,39,Female,Engineer,4.81,44,6.87,5,3,4,78,97,8
12764,59,Female,Doctor,2.28,63,8.05,5,4,4,70,56,1
12765,18,Male,Business,4.26,16,8.96,6,4,1,57,135,2
12766,50,Female,Student,6.87,30,4.77,2,5,1,9,282,5
12767,45,Female,Teacher,9.32,5,6.49,3,6,3,100,99,7
12768,31,Female,Student,3.81,75,4.86,1,3,1,52,259,3
12769,44,Male,Teacher,7.07,73,7.66,6,3,5,39,139,8
12770,50,Female,Doctor,3.4,117,5.38,8,4,5,97,81,3
12771,49,Male,Business,6.71,38,8.83,5,4,3,34,134,9
12772,50,Male,Doctor,9.91,87,7.46,8,4,1,78,90,6
12773,31,Male,Teacher,6.83,87,8.67,4,7,1,68,116,2
12774,40,Female,Doctor,3.2,114,4.97,6,9,1,72,86,1
12775,30,Female,Teacher,4.35,110,8.49,7,4,3,24,117,7
12776,49,Male,Designer,7.31,48,5.03,3,7,5,61,156,2
12777,33,Female,Designer,1.57,45,7.84,4,3,2,96,138,4
12778,46,Female,Doctor,9.92,91,7.04,2,9,0,49,219,7
12779,33,Male,Teacher,1.61,84,6.85,3,6,4,32,231,2
12780,22,Female,Designer,7.84,97,5.92,7,4,0,43,88,6
12781,39,Male,Doctor,7.12,52,5.28,9,3,3,28,233,2
12782,34,Female,Doctor,3.91,52,7.13,6,8,3,54,58,2
12783,48,Female,Engineer,1.54,12,5.26,5,4,5,61,38,9
12784,23,Female,Student,4.5,67,5.19,2,7,3,28,179,3
12785,58,Male,Designer,7.09,70,5.16,6,4,3,41,113,5
12786,57,Female,Designer,4.8,12,4.76,2,9,0,41,60,1
12787,42,Female,Designer,8.13,7,8.2,9,4,3,2,97,7
12788,26,Male,Teacher,2.03,35,4.07,6,2,2,107,182,7
12789,56,Male,Teacher,2.53,85,7.71,9,4,4,104,284,8
12790,46,Male,Designer,6.81,86,7.17,6,6,1,103,249,4
12791,37,Male,Student,7.55,110,7.95,4,9,2,78,197,2
12792,38,Female,Business,5.98,110,8.0,1,6,0,3,37,8
12793,32,Male,Business,3.39,22,6.01,7,7,2,45,118,6
12794,54,Male,Engineer,4.8,46,8.23,3,9,1,14,123,6
12795,28,Female,Doctor,3.2,23,6.68,4,3,5,105,135,2
12796,23,Male,Doctor,3.09,14,4.78,1,4,5,70,123,1
12797,37,Male,Designer,4.93,114,6.6,3,2,0,36,284,4
12798,39,Male,Business,2.7,46,6.87,4,8,4,61,82,6
12799,24,Male,Business,7.88,15,7.03,8,5,3,96,86,5
12800,23,Male,Teacher,8.52,103,8.01,9,6,0,86,254,4
12801,54,Male,Doctor,3.69,37,6.92,6,4,1,22,139,9
12802,30,Male,Teacher,9.37,89,6.57,8,9,0,25,92,9
12803,30,Female,Engineer,3.53,28,8.21,7,1,0,43,298,1
12804,52,Male,Engineer,1.63,71,5.79,2,5,3,27,93,3
12805,26,Male,Business,3.23,92,5.93,2,3,3,118,184,8
12806,23,Female,Engineer,8.83,104,6.89,9,4,3,67,250,6
12807,44,Female,Engineer,9.06,113,7.96,5,6,4,98,217,8
12808,29,Male,Designer,8.46,15,7.48,6,7,3,44,269,7
12809,54,Female,Designer,9.31,69,4.75,6,6,3,11,22,6
12810,45,Male,Student,9.46,5,5.97,7,5,2,2,248,5
12811,41,Male,Designer,6.69,83,6.61,9,7,4,96,116,7
12812,50,Female,Student,3.84,34,5.17,2,7,2,92,71,1
12813,30,Male,Engineer,6.41,118,7.4,4,5,4,97,73,6
12814,51,Male,Designer,1.77,7,5.49,8,7,0,52,175,4
12815,23,Male,Doctor,7.72,61,6.35,4,1,4,106,162,3
12816,35,Female,Teacher,4.5,57,7.32,1,2,0,102,218,2
12817,24,Male,Doctor,4.46,74,7.1,4,9,0,19,164,6
12818,57,Female,Business,3.35,105,5.29,1,8,3,73,262,1
12819,39,Female,Teacher,2.58,84,4.24,4,4,1,115,103,3
12820,36,Male,Doctor,5.08,111,6.73,6,3,5,34,276,4
12821,55,Male,Doctor,4.03,110,6.53,8,6,5,79,223,5
12822,33,Male,Business,1.78,95,4.77,8,2,4,27,114,5
12823,31,Female,Engineer,9.45,49,8.07,9,8,4,93,118,1
12824,56,Female,Doctor,1.88,90,7.92,4,2,1,98,64,1
12825,54,Female,Doctor,9.27,63,6.62,6,9,0,118,217,4
12826,31,Female,Business,8.52,48,8.5,6,6,5,109,273,5
12827,38,Male,Engineer,6.47,69,6.03,2,1,2,59,134,8
12828,43,Male,Doctor,3.8,110,5.67,4,7,1,50,109,2
12829,53,Male,Business,8.7,27,7.31,3,9,3,90,82,7
12830,22,Male,Engineer,8.11,41,6.81,1,6,3,12,42,7
12831,50,Male,Business,6.52,117,7.17,5,6,2,117,233,1
12832,51,Male,Student,8.05,9,4.72,5,3,1,25,58,6
12833,37,Male,Student,5.44,35,4.11,7,5,3,18,170,7
12834,33,Female,Business,5.35,73,5.13,7,8,1,50,100,5
12835,39,Male,Student,8.05,64,6.59,5,6,4,93,220,1
12836,39,Male,Engineer,7.2,111,7.67,9,8,2,29,163,8
12837,34,Male,Doctor,4.24,65,8.3,1,4,2,8,235,7
12838,32,Male,Student,7.37,69,4.69,1,4,5,7,182,1
12839,22,Male,Designer,6.12,74,4.85,9,9,4,99,294,1
12840,58,Male,Doctor,3.57,73,7.55,6,7,1,87,93,4
12841,42,Female,Teacher,9.34,71,4.65,5,4,2,8,209,1
12842,30,Female,Engineer,1.8,55,4.99,5,2,2,13,287,1
12843,38,Female,Doctor,7.34,88,4.74,1,1,4,72,169,2
12844,55,Male,Teacher,8.99,112,5.32,9,5,3,93,220,1
12845,40,Male,Designer,5.1,13,6.93,7,5,0,82,270,1
12846,54,Female,Designer,5.03,88,5.43,1,2,5,98,284,7
12847,52,Female,Student,6.49,72,6.15,7,3,5,3,228,3
12848,50,Male,Student,8.05,56,6.27,2,7,3,54,221,8
12849,25,Male,Designer,3.22,25,7.98,3,6,2,28,180,5
12850,30,Male,Teacher,9.86,99,6.9,5,7,1,38,165,5
12851,25,Male,Designer,3.96,110,7.89,4,8,0,87,297,4
12852,27,Female,Doctor,1.45,49,4.54,6,3,3,106,201,4
12853,41,Male,Engineer,4.2,39,5.67,9,3,2,52,294,8
12854,38,Male,Doctor,6.61,33,7.8,6,1,1,96,235,1
12855,58,Male,Doctor,4.55,15,7.92,6,8,1,23,171,3
12856,43,Female,Engineer,9.52,117,5.58,6,6,4,80,240,7
12857,56,Female,Teacher,1.44,83,8.08,6,5,2,53,51,3
12858,18,Female,Business,2.07,57,4.5,9,7,3,91,21,4
12859,20,Male,Doctor,1.66,62,5.65,9,5,0,30,69,4
12860,39,Male,Teacher,7.34,86,4.82,1,3,5,81,291,5
12861,40,Male,Doctor,9.54,107,7.15,4,3,0,71,220,2
12862,19,Female,Doctor,8.87,85,6.26,2,3,0,113,223,9
12863,56,Male,Doctor,6.68,108,7.32,2,4,5,109,68,7
12864,29,Male,Designer,5.06,61,6.3,7,4,4,95,127,7
12865,26,Female,Engineer,8.73,62,7.1,2,9,1,67,236,2
12866,48,Male,Doctor,4.74,17,4.2,8,3,0,71,253,6
12867,34,Male,Student,8.22,35,5.11,4,1,0,79,235,5
12868,36,Female,Business,1.49,92,7.62,6,2,2,23,224,4
12869,45,Female,Engineer,4.38,5,5.55,7,2,2,92,254,7
12870,25,Female,Business,9.39,98,5.05,4,7,3,79,250,2
12871,27,Male,Designer,4.14,113,6.11,3,3,3,72,156,1
12872,48,Male,Student,6.77,33,7.66,1,7,0,0,120,2
12873,38,Female,Business,7.92,113,8.83,1,5,3,75,90,7
12874,22,Female,Student,5.33,73,4.63,4,7,4,16,253,4
12875,24,Male,Engineer,7.74,33,5.5,4,5,2,76,165,2
12876,37,Male,Business,1.63,14,7.32,1,3,0,113,47,9
12877,53,Male,Designer,7.62,19,5.17,2,4,3,9,115,6
12878,29,Male,Engineer,4.27,24,7.36,9,4,0,82,58,2
12879,32,Male,Student,8.15,42,7.02,7,5,5,92,33,5
12880,59,Female,Student,1.18,102,6.2,9,1,2,16,58,6
12881,47,Female,Business,5.39,13,4.35,3,9,3,47,291,8
12882,22,Female,Designer,7.69,6,4.61,3,2,0,2,29,7
12883,59,Female,Engineer,3.7,58,8.19,1,8,1,84,21,3
12884,23,Male,Teacher,3.37,57,8.3,4,3,4,92,73,9
12885,52,Male,Designer,3.75,77,5.3,4,2,1,6,298,6
12886,49,Female,Designer,2.55,30,7.13,3,8,5,45,70,6
12887,23,Female,Teacher,6.82,57,4.55,7,1,1,27,86,9
12888,31,Female,Student,3.77,51,4.57,2,6,1,84,111,5
12889,29,Female,Teacher,2.4,59,4.42,5,3,1,90,293,7
12890,35,Female,Doctor,2.71,32,5.79,3,7,0,24,171,2
12891,38,Male,Engineer,7.21,114,8.11,4,3,1,75,142,1
12892,51,Female,Designer,2.46,25,6.32,6,5,3,56,234,7
12893,46,Female,Student,9.66,117,5.23,4,5,5,108,98,4
12894,46,Male,Business,7.25,108,8.49,3,8,4,64,254,2
12895,37,Male,Teacher,4.58,66,7.33,5,6,1,39,86,2
12896,53,Female,Student,6.98,31,4.66,2,4,1,50,279,2
12897,56,Female,Teacher,2.6,57,6.32,5,6,4,110,50,8
12898,55,Female,Designer,6.93,107,6.53,5,1,4,111,290,1
12899,24,Male,Student,5.1,33,6.94,5,3,2,92,252,2
12900,41,Female,Doctor,9.38,25,6.63,3,3,2,34,51,5
12901,21,Female,Business,4.9,100,7.29,1,7,0,61,238,5
12902,44,Female,Doctor,9.09,73,5.77,9,4,5,110,40,1
12903,41,Female,Student,9.89,102,7.23,9,9,5,53,245,6
12904,30,Female,Business,4.64,55,7.7,2,3,5,51,132,6
12905,40,Female,Teacher,4.08,59,7.05,3,7,2,73,108,5
12906,22,Male,Designer,7.25,23,5.14,7,1,1,117,239,8
12907,32,Female,Business,2.01,71,8.32,2,4,2,70,158,6
12908,31,Male,Teacher,4.33,29,7.12,2,1,4,34,252,7
12909,36,Male,Engineer,9.5,28,4.43,7,5,3,64,93,2
12910,51,Male,Designer,8.41,34,8.49,1,5,3,78,118,7
12911,30,Female,Doctor,2.94,39,8.92,2,4,1,71,76,2
12912,34,Female,Business,3.22,43,8.56,6,5,2,77,159,5
12913,33,Male,Teacher,4.73,108,5.37,6,6,4,111,280,6
12914,48,Male,Teacher,9.6,57,6.08,4,8,2,103,40,6
12915,23,Female,Business,9.42,21,6.71,1,4,2,77,179,1
12916,31,Female,Doctor,9.3,13,6.19,8,6,0,29,239,3
12917,21,Female,Teacher,9.86,77,8.54,6,1,4,43,266,6
12918,42,Female,Doctor,9.53,82,4.34,6,4,2,1,94,7
12919,51,Male,Student,4.96,55,8.09,6,5,0,48,158,6
12920,19,Male,Engineer,3.4,101,4.67,7,2,2,40,21,2
12921,53,Female,Teacher,5.9,39,6.67,4,9,1,21,183,3
12922,24,Male,Engineer,6.24,47,8.35,5,9,3,104,105,1
12923,59,Female,Engineer,8.08,63,5.23,6,6,0,42,139,2
12924,54,Female,Doctor,9.51,67,8.41,4,5,3,7,293,2
12925,39,Male,Teacher,3.76,7,5.34,8,8,4,76,223,2
12926,41,Female,Business,7.57,68,8.78,3,7,5,77,243,7
12927,39,Female,Designer,5.56,29,7.9,6,2,2,9,149,1
12928,50,Male,Business,2.24,80,8.27,8,4,2,80,188,9
12929,49,Male,Engineer,2.61,27,7.71,8,5,1,44,48,2
12930,34,Male,Teacher,9.09,92,5.05,2,1,4,44,251,9
12931,57,Male,Doctor,3.92,86,5.93,7,4,0,51,120,7
12932,43,Male,Engineer,5.51,94,7.68,9,5,2,67,46,6
12933,54,Female,Doctor,2.37,99,8.08,2,5,4,119,68,8
12934,27,Male,Business,6.96,63,4.61,2,6,1,35,90,9
12935,40,Female,Student,4.42,52,7.56,6,7,3,63,270,2
12936,55,Female,Student,8.28,19,5.57,3,6,5,71,181,2
12937,24,Male,Engineer,8.45,83,7.88,3,2,0,44,206,8
12938,28,Male,Business,9.29,6,5.76,4,6,5,98,36,1
12939,49,Female,Teacher,1.53,36,7.34,1,2,0,24,20,1
12940,27,Male,Student,4.05,7,7.24,6,8,0,14,270,4
12941,49,Male,Teacher,4.0,108,5.58,6,9,0,44,103,8
12942,36,Male,Student,2.52,93,8.96,3,4,2,56,201,8
12943,19,Male,Business,3.94,77,7.79,6,4,0,73,34,9
12944,25,Male,Designer,2.55,34,7.21,9,5,5,92,203,7
12945,38,Female,Doctor,2.75,112,7.83,4,5,4,2,208,3
12946,29,Male,Designer,7.23,117,8.93,7,1,4,77,131,8
12947,41,Male,Student,3.72,51,6.06,3,9,2,12,125,7
12948,40,Male,Business,5.58,110,8.22,9,6,4,19,40,1
12949,33,Male,Teacher,3.73,75,5.34,1,9,3,9,233,2
12950,25,Male,Teacher,9.42,30,8.83,6,5,0,55,27,5
12951,37,Female,Engineer,1.08,68,5.98,1,3,3,91,42,8
12952,44,Male,Doctor,4.14,34,7.75,6,7,4,91,65,1
12953,50,Female,Business,8.74,107,4.44,5,6,1,1,92,2
12954,45,Male,Designer,2.41,30,5.99,2,4,3,49,114,8
12955,23,Female,Student,7.7,87,8.25,9,8,1,31,242,9
12956,45,Male,Teacher,4.13,112,4.78,4,9,4,104,253,6
12957,26,Female,Designer,1.71,68,5.88,2,6,5,73,101,4
12958,38,Female,Teacher,1.6,24,8.42,4,6,1,12,135,8
12959,35,Male,Student,6.7,86,4.2,6,6,3,58,272,9
12960,56,Male,Business,1.86,20,4.67,4,4,5,98,223,8
12961,35,Male,Teacher,5.26,65,7.5,3,9,1,12,282,7
12962,34,Female,Designer,2.43,16,5.3,5,1,4,0,129,5
12963,57,Female,Engineer,9.17,92,7.1,9,8,1,35,196,9
12964,19,Male,Designer,7.22,65,6.99,1,1,1,90,203,4
12965,48,Female,Business,1.13,62,7.88,4,6,0,98,138,7
12966,24,Male,Business,8.76,79,5.45,6,6,1,91,21,6
12967,37,Male,Designer,2.73,13,6.29,7,5,4,97,211,9
12968,48,Male,Designer,3.45,86,8.31,2,3,4,24,218,5
12969,21,Male,Teacher,1.26,40,4.84,6,7,4,92,75,3
12970,20,Male,Designer,5.37,36,6.75,2,7,2,115,187,3
12971,35,Female,Business,7.44,33,6.97,9,2,5,10,196,7
12972,52,Male,Teacher,7.8,119,8.95,8,7,2,62,90,1
12973,51,Female,Teacher,4.76,117,5.25,5,9,4,16,88,5
12974,55,Male,Teacher,3.89,102,8.65,2,1,3,115,264,2
12975,58,Male,Teacher,3.24,112,8.97,7,8,1,36,266,6
12976,39,Male,Business,6.09,98,7.13,4,7,2,11,125,2
12977,19,Male,Teacher,6.04,35,4.64,8,8,2,55,112,5
12978,51,Female,Engineer,6.32,79,5.23,5,1,3,66,55,3
12979,22,Male,Teacher,3.56,104,7.07,5,5,1,86,289,6
12980,27,Female,Business,8.88,97,4.6,5,4,4,14,207,1
12981,35,Male,Student,9.24,27,7.54,6,1,1,67,164,6
12982,58,Female,Student,7.78,51,8.6,9,3,1,57,52,9
12983,20,Male,Business,9.93,80,4.43,2,6,3,76,265,7
12984,47,Male,Business,2.91,84,6.37,6,7,2,2,299,8
12985,57,Female,Doctor,5.75,59,8.37,2,2,3,3,68,2
12986,56,Female,Designer,1.62,38,8.77,5,8,5,79,278,6
12987,25,Male,Doctor,5.34,43,8.6,7,2,2,100,137,9
12988,27,Female,Doctor,8.95,83,8.88,5,8,1,96,281,8
12989,53,Female,Teacher,4.95,68,7.85,7,3,3,44,143,5
12990,20,Female,Designer,6.27,66,4.97,1,5,2,63,242,3
12991,28,Female,Student,8.59,43,4.57,5,4,2,113,89,1
12992,51,Female,Designer,1.14,41,4.56,9,5,0,35,112,1
12993,43,Male,Designer,4.15,26,8.53,4,8,4,7,142,5
12994,32,Male,Student,6.28,91,8.87,9,8,5,48,152,6
12995,54,Male,Student,5.2,25,5.6,6,8,1,82,266,8
12996,27,Male,Engineer,7.89,74,4.45,8,4,4,15,150,5
12997,45,Male,Doctor,3.32,60,6.86,9,1,2,112,233,6
12998,25,Female,Designer,9.46,67,6.41,7,3,2,91,49,1
12999,33,Female,Doctor,9.08,105,6.15,5,6,2,9,100,5
13000,18,Male,Doctor,4.32,59,5.84,9,3,1,46,208,9
13001,28,Male,Designer,3.7,38,4.21,2,3,1,36,26,2
13002,23,Male,Doctor,1.79,78,5.56,6,4,4,22,75,5
13003,40,Male,Business,6.98,94,4.61,8,1,5,115,30,3
13004,27,Male,Doctor,4.76,71,8.94,9,9,3,28,75,4
13005,24,Female,Student,4.97,118,4.19,1,1,2,77,47,9
13006,54,Female,Engineer,6.39,111,8.72,9,5,4,27,239,3
13007,54,Male,Doctor,3.52,100,4.78,4,7,2,85,47,3
13008,47,Female,Business,2.24,91,4.58,1,6,4,55,216,3
13009,30,Male,Business,3.4,12,7.03,5,7,5,10,59,1
13010,54,Female,Teacher,7.63,83,4.31,3,5,1,106,42,9
13011,39,Female,Engineer,8.43,85,8.92,8,4,5,76,126,7
13012,38,Male,Engineer,3.34,18,8.45,5,7,4,65,47,1
13013,51,Female,Teacher,7.38,50,5.31,6,3,4,3,239,3
13014,52,Male,Designer,1.33,55,7.61,2,1,0,42,189,9
13015,59,Female,Doctor,6.25,45,5.39,6,5,2,93,231,5
13016,59,Male,Engineer,7.77,36,4.55,6,8,2,85,185,8
13017,43,Male,Teacher,5.9,67,4.73,4,7,4,97,299,8
13018,46,Male,Engineer,7.09,69,6.04,8,2,4,32,47,8
13019,31,Female,Doctor,7.22,45,8.18,6,5,0,3,221,4
13020,31,Male,Doctor,4.89,10,8.79,3,3,5,50,269,4
13021,40,Female,Designer,2.65,48,6.07,1,1,5,63,241,6
13022,55,Female,Doctor,6.04,52,7.3,8,1,1,32,222,7
13023,48,Male,Doctor,8.32,76,4.21,6,9,0,71,280,8
13024,42,Female,Engineer,3.54,108,7.66,3,8,2,14,140,6
13025,37,Female,Engineer,6.42,112,6.57,6,1,2,116,147,8
13026,49,Male,Teacher,4.13,27,4.74,3,1,0,63,225,9
13027,43,Female,Student,5.24,47,4.06,8,4,0,18,65,9
13028,46,Female,Student,3.9,82,7.2,7,2,5,54,64,5
13029,57,Female,Student,6.23,58,6.72,8,5,0,97,172,5
13030,58,Female,Student,5.19,65,6.12,3,2,3,99,128,9
13031,42,Male,Designer,2.94,116,6.4,6,4,2,58,273,6
13032,36,Female,Student,6.2,80,7.51,4,1,4,58,45,2
13033,36,Male,Business,7.69,22,7.85,6,7,2,4,87,4
13034,26,Male,Engineer,5.1,103,7.01,7,9,5,95,97,3
13035,59,Female,Designer,4.42,87,7.7,8,3,5,83,279,1
13036,54,Female,Doctor,9.32,18,6.14,1,9,2,20,247,9
13037,34,Female,Engineer,5.66,51,6.43,9,1,2,111,152,6
13038,49,Female,Business,3.87,56,4.98,3,7,1,17,186,5
13039,54,Female,Doctor,5.13,70,8.58,4,5,1,92,89,8
13040,21,Male,Teacher,7.06,79,4.22,1,4,2,38,71,7
13041,47,Female,Teacher,9.73,111,7.7,5,3,2,84,298,5
13042,54,Female,Teacher,8.73,119,5.91,9,1,1,92,73,6
13043,28,Male,Doctor,5.63,74,8.69,7,3,3,40,99,4
13044,25,Female,Engineer,6.23,82,5.64,9,2,3,107,113,9
13045,44,Female,Engineer,4.48,60,8.07,3,2,4,10,88,6
13046,26,Male,Engineer,3.66,69,8.26,7,4,0,118,285,6
13047,38,Female,Designer,8.32,119,4.48,9,5,1,42,242,9
13048,21,Female,Engineer,5.45,31,8.8,3,1,3,0,276,3
13049,50,Female,Engineer,4.76,52,5.39,8,3,4,12,211,8
13050,41,Female,Teacher,1.82,21,4.63,3,6,3,64,111,5
13051,58,Female,Teacher,8.62,93,6.99,9,6,1,20,99,6
13052,27,Male,Student,1.49,36,4.3,6,3,0,30,137,3
13053,25,Female,Designer,7.94,81,8.8,1,7,2,109,127,6
13054,52,Female,Doctor,8.22,13,8.86,4,4,2,74,288,7
13055,32,Female,Business,9.41,81,8.87,7,2,5,73,67,3
13056,23,Male,Business,1.8,15,5.94,4,9,2,70,109,2
13057,29,Male,Doctor,6.04,70,6.17,7,3,1,79,127,9
13058,42,Male,Teacher,4.51,33,7.69,4,9,1,48,280,3
13059,20,Male,Student,4.41,23,6.26,4,3,3,73,211,2
13060,22,Female,Designer,8.72,73,7.1,4,3,5,97,218,8
13061,32,Female,Student,4.08,79,8.02,5,6,5,102,92,8
13062,52,Male,Engineer,4.07,68,7.9,3,3,3,11,298,5
13063,24,Male,Engineer,8.9,20,5.81,1,4,2,5,135,9
13064,48,Male,Student,5.18,38,7.15,7,5,3,114,237,4
13065,24,Female,Doctor,5.86,38,5.96,3,5,0,98,89,5
13066,44,Female,Student,9.37,45,4.48,8,2,0,87,155,7
13067,34,Male,Business,1.35,98,8.48,5,8,1,20,28,2
13068,53,Male,Designer,3.22,8,7.11,6,1,0,21,246,9
13069,28,Female,Designer,1.17,69,8.83,3,4,1,33,187,1
13070,39,Female,Business,8.15,11,6.42,9,6,1,50,193,9
13071,20,Female,Student,8.84,85,7.32,3,9,4,50,117,2
13072,41,Male,Teacher,2.69,12,8.64,3,3,5,91,220,1
13073,41,Female,Engineer,4.25,105,7.98,2,3,5,110,140,5
13074,20,Male,Engineer,2.16,44,6.86,4,5,2,105,77,1
13075,40,Female,Business,1.52,43,5.41,2,1,3,10,41,4
13076,27,Male,Designer,3.82,14,4.18,7,7,2,87,219,3
13077,29,Female,Doctor,6.6,5,4.15,2,6,4,77,140,8
13078,29,Male,Engineer,2.11,46,7.8,8,4,1,78,31,4
13079,21,Female,Engineer,1.28,85,6.53,8,8,2,21,141,4
13080,25,Male,Doctor,2.4,22,7.98,9,4,0,115,44,6
13081,29,Female,Designer,4.22,19,7.79,1,7,4,115,298,8
13082,40,Male,Business,7.78,21,7.58,6,5,3,9,175,9
13083,54,Female,Student,5.24,5,7.08,2,7,1,87,53,1
13084,21,Male,Teacher,1.75,50,5.99,2,2,0,75,290,5
13085,32,Female,Business,7.92,54,6.27,8,7,3,71,164,3
13086,18,Male,Designer,2.72,41,4.59,1,2,5,113,268,6
13087,53,Male,Doctor,5.01,97,8.7,2,3,4,52,93,7
13088,54,Female,Teacher,4.78,24,6.6,2,9,2,118,141,4
13089,24,Female,Engineer,6.62,83,4.2,4,2,5,59,140,1
13090,34,Female,Teacher,2.38,93,5.38,5,7,0,14,52,5
13091,41,Female,Teacher,7.53,38,4.17,9,5,1,116,76,8
13092,47,Male,Designer,5.47,32,5.82,7,9,3,90,193,4
13093,18,Male,Designer,3.31,30,5.97,1,6,2,28,245,9
13094,53,Male,Teacher,2.16,88,5.67,7,7,3,62,60,3
13095,23,Female,Teacher,7.74,100,4.29,9,2,5,50,74,7
13096,36,Male,Business,9.67,8,8.93,4,8,2,110,155,4
13097,39,Female,Student,1.21,89,8.4,3,1,4,35,132,9
13098,24,Male,Business,7.73,33,8.46,3,7,0,2,294,6
13099,26,Male,Student,7.51,114,8.41,1,7,3,81,93,7
13100,18,Male,Designer,6.2,46,5.87,5,8,5,86,243,5
13101,48,Female,Engineer,4.08,67,7.43,8,8,5,36,178,6
13102,47,Female,Engineer,5.37,105,4.27,2,6,4,67,250,4
13103,52,Female,Designer,7.43,30,7.94,6,9,4,41,262,4
13104,28,Female,Doctor,3.46,51,6.4,2,2,5,18,105,8
13105,48,Male,Student,2.61,101,4.41,8,1,5,0,179,7
13106,32,Female,Engineer,8.11,55,7.14,5,6,2,97,291,9
13107,48,Male,Business,4.64,9,6.64,4,6,0,27,178,8
13108,57,Female,Student,6.02,40,4.26,4,9,5,12,132,1
13109,24,Male,Engineer,6.99,12,7.29,1,6,5,54,144,2
13110,58,Female,Teacher,1.62,89,5.64,5,5,3,117,126,3
13111,53,Male,Designer,5.82,93,4.52,1,1,5,55,259,4
13112,26,Female,Business,2.12,20,4.16,7,1,4,85,223,6
13113,21,Male,Doctor,7.56,9,5.06,6,2,4,30,188,9
13114,43,Male,Engineer,8.52,60,7.82,6,8,0,93,52,3
13115,34,Female,Teacher,2.03,77,4.08,9,2,2,104,51,3
13116,59,Male,Designer,7.51,30,6.23,2,8,5,72,142,6
13117,24,Male,Student,5.44,41,5.81,2,7,4,88,163,7
13118,57,Female,Doctor,7.95,89,4.25,8,2,3,12,270,5
13119,52,Male,Doctor,4.04,32,4.83,1,7,5,1,282,9
13120,37,Male,Teacher,7.06,119,4.5,4,3,2,53,33,1
13121,24,Male,Designer,2.67,24,6.72,2,2,1,82,26,5
13122,46,Female,Teacher,4.08,67,5.5,2,3,0,56,218,4
13123,49,Male,Engineer,2.88,105,5.04,3,6,4,14,90,7
13124,44,Female,Doctor,9.15,92,8.05,7,8,1,39,101,5
13125,27,Female,Student,4.96,18,5.81,4,4,2,87,103,7
13126,27,Male,Student,4.95,76,6.68,4,4,2,98,33,5
13127,38,Female,Teacher,4.15,104,6.85,6,4,0,50,169,6
13128,39,Female,Engineer,9.85,58,7.88,9,9,0,36,95,8
13129,57,Male,Teacher,7.11,45,5.83,5,4,1,31,261,5
13130,41,Male,Student,1.93,48,5.38,3,7,2,102,227,7
13131,54,Female,Engineer,4.89,106,4.69,8,2,2,12,60,5
13132,49,Female,Doctor,4.88,68,4.57,8,1,0,84,107,4
13133,21,Male,Designer,3.32,42,4.43,8,2,5,34,134,1
13134,48,Female,Doctor,1.4,109,6.95,7,4,4,106,233,5
13135,57,Female,Business,3.01,39,7.66,8,3,4,109,24,9
13136,55,Male,Engineer,2.09,45,7.55,3,7,0,27,258,1
13137,21,Male,Engineer,4.62,35,4.88,5,2,0,114,184,1
13138,26,Female,Designer,2.14,33,6.26,4,4,1,37,99,7
13139,37,Female,Doctor,2.92,53,5.55,3,9,1,51,172,6
13140,58,Male,Student,4.05,60,7.42,3,4,2,98,49,3
13141,54,Male,Business,2.53,63,5.93,4,6,3,63,111,7
13142,51,Male,Business,1.7,11,8.78,1,3,2,83,117,5
13143,37,Male,Designer,8.74,32,5.41,6,6,2,49,241,9
13144,56,Male,Doctor,2.62,24,7.12,3,7,5,62,234,2
13145,45,Female,Business,7.92,55,6.14,5,4,0,95,190,1
13146,23,Male,Doctor,5.69,29,5.2,6,3,1,38,83,7
13147,29,Male,Engineer,3.17,118,5.11,7,7,3,86,41,8
13148,52,Male,Teacher,9.52,111,5.62,2,9,2,15,53,4
13149,41,Female,Engineer,1.76,60,6.87,9,7,5,4,108,8
13150,59,Male,Teacher,5.1,66,8.47,4,9,0,59,196,6
13151,32,Female,Teacher,4.94,29,7.72,7,4,4,68,211,9
13152,54,Female,Designer,6.26,19,4.11,3,3,5,112,26,6
13153,56,Female,Designer,8.28,55,5.44,5,8,0,71,249,3
13154,33,Male,Doctor,4.97,7,7.0,2,9,0,14,252,1
13155,41,Male,Engineer,9.1,8,7.86,3,4,5,22,134,5
13156,30,Male,Designer,5.93,30,5.07,5,1,2,16,299,9
13157,34,Male,Designer,3.31,81,4.84,5,9,4,62,188,8
13158,27,Male,Student,4.99,47,6.76,7,8,3,79,87,6
13159,52,Male,Teacher,2.11,92,4.05,8,7,0,84,62,8
13160,47,Female,Teacher,5.52,87,7.81,8,1,3,2,245,5
13161,23,Male,Teacher,8.34,70,4.8,5,8,3,86,185,7
13162,54,Female,Student,8.83,110,7.39,4,5,5,109,156,3
13163,53,Female,Designer,4.88,88,5.51,4,1,2,84,267,6
13164,49,Male,Designer,4.43,108,7.78,5,6,4,46,164,8
13165,35,Male,Teacher,8.26,56,4.9,2,8,2,72,82,7
13166,47,Male,Student,8.25,92,4.37,2,4,5,98,70,2
13167,31,Male,Business,9.49,44,6.89,7,3,2,4,36,6
13168,48,Female,Engineer,9.09,67,7.24,2,9,5,102,50,8
13169,37,Female,Designer,9.95,53,7.68,4,5,1,31,244,7
13170,22,Male,Student,3.32,22,7.9,1,6,3,23,151,5
13171,21,Female,Teacher,9.32,20,7.41,5,7,3,116,156,6
13172,24,Female,Student,3.42,20,4.18,7,3,0,7,249,4
13173,52,Male,Teacher,6.66,102,6.32,8,4,1,34,157,3
13174,33,Female,Engineer,1.05,56,7.85,1,8,3,79,80,2
13175,18,Male,Business,2.91,7,4.27,1,5,3,3,89,9
13176,52,Male,Designer,5.8,92,7.19,1,1,4,106,259,1
13177,31,Female,Business,3.07,114,7.38,4,8,0,16,31,3
13178,59,Male,Engineer,6.07,33,5.29,1,1,4,25,102,8
13179,36,Female,Doctor,9.12,31,7.87,2,6,5,110,252,1
13180,56,Male,Business,3.49,92,8.7,9,9,1,48,177,1
13181,29,Female,Student,1.82,27,6.01,9,9,3,93,124,5
13182,41,Female,Engineer,5.35,64,8.54,8,4,5,64,161,4
13183,18,Male,Doctor,9.11,27,5.79,8,1,3,3,94,7
13184,48,Male,Designer,9.47,97,7.35,4,2,1,39,143,9
13185,29,Male,Teacher,4.33,89,6.31,5,8,5,72,199,2
13186,44,Male,Teacher,7.56,104,4.77,2,4,1,103,75,5
13187,42,Female,Designer,7.5,44,8.11,2,4,3,76,202,6
13188,39,Female,Business,6.05,7,7.95,7,5,1,30,83,7
13189,31,Male,Student,9.53,88,7.39,9,4,4,24,204,8
13190,37,Female,Designer,9.65,60,8.93,9,6,5,116,68,8
13191,26,Male,Teacher,1.65,108,5.46,2,2,1,3,94,1
13192,59,Male,Student,1.26,36,7.7,2,6,5,68,128,3
13193,24,Male,Doctor,1.65,81,4.76,2,1,1,25,25,1
13194,54,Female,Student,9.81,22,6.29,5,4,0,55,203,5
13195,47,Male,Doctor,3.32,42,5.69,6,4,3,112,79,6
13196,51,Female,Teacher,3.21,82,5.58,5,6,4,113,33,7
13197,54,Male,Designer,2.29,71,8.03,3,3,2,19,159,1
13198,36,Female,Doctor,8.43,116,6.12,5,6,0,71,27,2
13199,45,Female,Designer,7.69,41,4.38,4,3,1,104,241,7
13200,34,Female,Designer,7.19,73,6.56,7,5,0,76,274,7
13201,59,Female,Engineer,6.46,115,7.18,3,5,5,94,237,4
13202,33,Female,Engineer,1.93,73,5.38,1,5,5,39,218,7
13203,30,Female,Doctor,7.91,38,5.19,9,8,1,73,51,3
13204,57,Male,Doctor,4.11,58,7.14,9,7,3,116,203,5
13205,39,Male,Designer,2.07,91,7.03,3,7,0,56,138,7
13206,25,Female,Teacher,7.51,95,7.85,7,4,5,9,138,1
13207,35,Male,Business,9.81,54,5.86,8,3,5,53,226,5
13208,33,Male,Business,6.71,66,8.73,2,4,1,85,48,2
13209,29,Male,Designer,9.21,73,4.81,7,6,1,99,42,4
13210,31,Male,Teacher,5.48,38,8.3,3,6,4,12,185,1
13211,55,Female,Engineer,6.08,13,4.97,1,6,0,20,92,1
13212,35,Female,Teacher,6.36,78,8.1,9,2,0,57,62,7
13213,57,Female,Business,2.84,46,8.32,3,1,4,33,111,3
13214,19,Male,Engineer,8.7,30,7.62,2,7,5,33,137,6
13215,56,Male,Engineer,2.01,65,8.02,1,5,2,46,254,9
13216,59,Male,Doctor,5.13,54,7.79,1,5,1,91,254,7
13217,21,Male,Designer,6.43,14,4.29,3,4,5,98,52,8
13218,30,Female,Student,7.83,12,8.54,9,7,0,88,236,4
13219,28,Male,Teacher,5.69,79,8.99,8,6,2,51,215,3
13220,26,Male,Teacher,8.68,21,8.0,7,1,0,64,204,9
13221,56,Male,Teacher,3.27,115,8.0,3,4,3,107,53,6
13222,55,Male,Engineer,8.12,7,6.83,8,2,1,46,61,1
13223,59,Male,Business,7.98,52,6.48,4,8,3,12,164,7
13224,38,Female,Teacher,2.58,76,5.03,3,9,3,115,266,6
13225,23,Female,Doctor,7.1,10,6.66,4,1,2,115,110,6
13226,51,Female,Designer,9.71,70,6.63,2,2,0,104,214,3
13227,33,Male,Teacher,9.61,62,6.31,1,8,0,53,150,2
13228,57,Male,Teacher,1.62,39,4.71,3,5,0,63,221,9
13229,42,Male,Designer,8.01,62,7.85,2,8,1,100,261,7
13230,54,Male,Business,6.24,48,7.78,3,5,3,113,246,5
13231,21,Male,Designer,1.32,86,8.24,3,9,3,50,47,2
13232,24,Female,Engineer,4.39,55,8.14,8,5,5,67,217,4
13233,35,Male,Student,9.44,37,5.59,2,6,2,107,161,6
13234,20,Male,Teacher,1.39,23,8.28,1,1,0,103,129,4
13235,42,Female,Engineer,8.3,65,4.09,7,3,0,23,88,5
13236,45,Male,Student,6.41,23,7.09,8,3,1,92,95,3
13237,45,Female,Business,4.41,8,5.47,5,1,4,90,125,2
13238,46,Male,Engineer,9.67,99,8.32,4,8,5,103,42,4
13239,56,Male,Student,5.26,118,6.98,8,2,3,38,260,1
13240,47,Male,Business,8.02,29,6.69,8,4,3,56,154,3
13241,25,Female,Business,9.68,60,4.76,6,2,2,83,101,5
13242,39,Female,Business,2.75,59,7.22,5,6,1,76,221,6
13243,26,Male,Doctor,3.84,78,4.29,4,9,1,99,127,6
13244,27,Female,Student,4.86,8,4.83,6,5,1,10,269,4
13245,45,Female,Student,9.06,81,8.05,1,4,2,46,296,8
13246,47,Male,Business,6.59,18,7.35,8,5,5,36,177,6
13247,25,Male,Doctor,7.89,86,7.42,4,7,0,23,243,8
13248,21,Female,Teacher,7.53,95,6.28,6,4,3,13,211,6
13249,49,Male,Student,9.97,5,4.65,1,6,4,111,30,2
13250,57,Female,Designer,7.77,15,6.76,3,3,5,105,254,5
13251,23,Male,Business,9.28,56,8.25,1,2,1,65,57,4
13252,49,Male,Engineer,6.19,6,6.22,4,3,1,70,50,8
13253,41,Male,Designer,1.49,54,7.54,3,8,3,86,281,8
13254,46,Female,Teacher,5.08,42,7.96,5,8,3,102,142,4
13255,43,Male,Designer,4.84,112,4.61,6,1,1,105,122,2
13256,22,Male,Teacher,3.09,106,6.03,7,4,4,111,83,6
13257,32,Male,Engineer,7.69,31,7.25,3,2,5,35,286,4
13258,18,Male,Doctor,6.76,21,8.41,2,7,5,97,218,9
13259,23,Female,Student,7.34,55,6.94,6,6,1,54,212,3
13260,33,Female,Business,5.04,46,6.34,5,8,3,55,55,2
13261,57,Male,Engineer,6.39,12,6.57,1,1,3,32,134,3
13262,19,Male,Business,4.44,5,8.06,4,3,3,119,236,1
13263,27,Female,Designer,2.58,25,5.35,6,7,1,53,175,3
13264,40,Male,Student,8.18,86,5.28,8,2,5,115,105,2
13265,51,Female,Designer,9.72,10,6.69,4,6,1,87,67,1
13266,57,Female,Teacher,5.65,64,8.47,9,9,4,87,155,5
13267,36,Female,Business,7.79,10,5.16,5,7,2,82,27,3
13268,56,Female,Doctor,2.49,70,8.54,4,4,2,22,57,1
13269,26,Female,Student,5.87,118,8.52,9,5,5,23,184,4
13270,22,Male,Doctor,6.04,109,7.31,4,8,2,34,158,9
13271,59,Male,Teacher,2.97,32,6.39,8,7,4,79,193,5
13272,26,Female,Student,3.97,83,8.43,1,6,3,64,297,6
13273,42,Male,Engineer,8.99,65,7.18,9,2,0,92,88,3
13274,23,Female,Teacher,7.88,111,6.68,9,2,4,83,150,6
13275,21,Female,Engineer,8.1,8,7.57,4,8,5,116,290,2
13276,28,Male,Designer,2.58,103,7.22,3,5,5,98,129,7
13277,28,Female,Doctor,8.76,20,4.45,1,4,4,102,222,4
13278,59,Male,Student,9.53,84,7.64,3,1,4,62,276,1
13279,49,Male,Doctor,6.7,64,4.44,6,8,0,40,109,5
13280,19,Female,Engineer,8.12,41,8.56,9,2,2,88,292,4
13281,54,Female,Teacher,7.41,71,5.44,4,8,1,67,49,8
13282,45,Female,Designer,2.96,24,6.74,9,6,0,119,108,7
13283,34,Male,Teacher,3.06,91,7.49,8,5,3,118,96,7
13284,47,Male,Engineer,2.58,91,5.07,5,6,4,65,256,2
13285,20,Male,Doctor,2.51,46,7.2,7,6,3,14,257,7
13286,42,Male,Student,5.0,64,6.46,3,5,1,35,61,9
13287,52,Female,Doctor,3.48,58,7.46,8,3,2,24,27,4
13288,24,Male,Teacher,6.09,11,8.52,3,5,0,32,154,8
13289,20,Male,Business,2.84,94,7.07,1,6,3,80,270,5
13290,47,Male,Doctor,5.44,72,6.97,2,3,5,94,107,4
13291,51,Male,Designer,9.29,66,5.98,2,4,1,16,126,9
13292,56,Female,Business,6.62,110,7.73,1,4,1,54,151,9
13293,50,Female,Designer,7.87,35,6.41,7,4,3,102,245,2
13294,28,Male,Engineer,7.1,7,7.68,1,4,0,20,269,9
13295,35,Male,Student,1.95,54,6.36,6,2,2,8,241,1
13296,20,Male,Teacher,7.47,64,6.76,8,2,2,54,105,1
13297,36,Male,Designer,1.7,107,6.33,7,6,4,10,109,2
13298,21,Female,Engineer,1.33,43,4.25,4,2,1,65,237,2
13299,38,Male,Teacher,6.54,35,8.15,4,6,3,47,46,5
13300,43,Female,Doctor,4.11,73,8.5,8,9,5,107,37,9
13301,34,Male,Designer,8.01,88,5.31,6,7,4,15,191,7
13302,44,Female,Engineer,5.96,117,8.65,5,4,3,67,125,3
13303,44,Female,Doctor,2.21,80,7.38,6,4,3,116,207,4
13304,42,Male,Student,6.11,37,7.47,6,9,0,34,247,1
13305,30,Male,Teacher,4.28,71,5.73,8,9,0,40,131,5
13306,21,Male,Business,8.4,79,6.3,7,7,1,102,254,5
13307,36,Male,Business,2.77,94,5.66,5,3,4,38,227,6
13308,55,Male,Student,1.92,45,6.06,6,7,5,118,93,9
13309,38,Male,Designer,5.54,68,7.75,3,7,1,2,197,3
13310,41,Female,Student,1.62,90,8.94,5,4,2,44,80,5
13311,22,Female,Business,7.01,63,4.3,2,8,0,71,110,4
13312,56,Male,Doctor,4.98,9,4.49,4,3,2,64,71,6
13313,48,Female,Business,1.06,20,4.95,4,3,1,7,28,1
13314,33,Male,Doctor,6.87,11,4.03,6,1,5,16,133,6
13315,35,Female,Doctor,5.42,54,8.13,3,7,2,27,45,8
13316,40,Female,Business,3.88,51,7.36,4,1,4,80,53,3
13317,35,Male,Business,4.76,11,7.42,1,8,5,27,70,1
13318,47,Female,Student,8.69,107,4.2,7,8,5,11,291,4
13319,25,Male,Student,7.67,76,8.06,3,4,0,40,171,4
13320,37,Male,Student,9.65,14,5.87,2,5,4,12,21,8
13321,20,Male,Engineer,3.57,38,7.25,9,9,1,49,122,7
13322,52,Male,Engineer,2.92,58,5.94,4,1,2,110,282,6
13323,49,Male,Teacher,4.77,101,7.87,4,3,5,13,181,1
13324,29,Female,Business,3.99,103,5.97,9,8,1,45,284,2
13325,25,Male,Teacher,3.79,38,8.67,9,6,0,84,283,6
13326,35,Male,Engineer,6.18,79,8.9,9,6,2,19,90,6
13327,46,Female,Engineer,2.46,69,7.69,2,1,0,105,61,4
13328,37,Male,Doctor,5.81,68,4.63,9,9,1,88,150,6
13329,28,Male,Designer,3.89,103,4.53,3,7,1,9,33,5
13330,58,Male,Engineer,9.17,94,8.38,2,6,1,60,82,3
13331,35,Male,Teacher,1.34,73,4.41,8,1,4,77,222,9
13332,43,Female,Teacher,1.96,71,4.18,6,6,5,92,275,6
13333,30,Female,Teacher,4.37,52,6.77,6,4,1,11,230,3
13334,46,Male,Student,4.22,19,6.62,7,7,2,86,156,4
13335,46,Male,Student,4.03,45,8.48,6,5,3,35,75,4
13336,43,Male,Teacher,4.23,55,7.56,9,5,0,17,77,8
13337,35,Male,Business,8.6,13,8.52,7,5,2,44,150,6
13338,36,Female,Teacher,9.26,44,7.03,2,9,5,73,106,1
13339,24,Male,Doctor,8.16,107,4.49,7,4,0,72,251,4
13340,53,Female,Business,6.0,24,7.52,9,4,3,61,227,1
13341,31,Male,Engineer,2.63,93,5.71,5,7,3,47,274,4
13342,39,Female,Designer,4.78,24,4.4,7,9,2,65,231,6
13343,50,Male,Teacher,7.03,110,4.9,6,1,1,11,72,2
13344,48,Female,Designer,3.53,9,4.69,3,4,1,26,229,8
13345,29,Male,Student,4.47,65,5.88,5,7,0,112,201,8
13346,48,Female,Doctor,2.26,40,4.69,8,1,1,11,55,2
13347,54,Male,Teacher,9.66,5,5.75,7,1,1,86,277,7
13348,35,Female,Doctor,5.84,60,8.36,1,8,5,34,272,6
13349,55,Male,Engineer,1.93,110,5.54,6,1,5,23,46,1
13350,52,Female,Business,4.07,24,6.1,1,7,0,3,294,6
13351,31,Male,Designer,4.07,26,8.47,5,7,5,77,231,6
13352,22,Male,Engineer,6.59,48,4.07,8,2,4,10,55,6
13353,58,Female,Doctor,1.6,111,7.24,5,9,4,88,33,6
13354,52,Male,Designer,1.39,99,6.82,4,9,4,9,207,9
13355,49,Male,Engineer,7.97,115,7.27,3,8,5,25,289,3
13356,37,Male,Business,6.84,114,6.9,3,2,2,44,226,6
13357,42,Male,Engineer,6.37,96,8.24,6,1,1,104,142,4
13358,36,Male,Doctor,8.47,75,7.52,6,9,4,45,165,7
13359,18,Female,Student,2.89,86,5.6,4,2,4,83,107,9
13360,38,Female,Engineer,8.74,26,7.28,1,3,5,55,268,3
13361,58,Male,Doctor,2.54,57,5.98,8,4,2,104,52,4
13362,35,Male,Teacher,3.01,85,6.77,1,8,3,69,130,1
13363,46,Male,Student,6.94,25,7.0,6,1,5,14,63,9
13364,40,Female,Business,9.18,88,8.77,9,6,5,45,158,8
13365,42,Male,Designer,3.27,13,7.76,2,2,3,38,20,3
13366,40,Male,Designer,1.92,93,7.36,1,2,1,43,158,5
13367,26,Female,Teacher,8.54,47,6.77,1,6,4,105,239,1
13368,26,Female,Engineer,2.31,119,4.68,4,4,1,73,88,3
13369,38,Female,Doctor,1.36,56,6.42,4,2,4,45,226,6
13370,18,Male,Engineer,8.37,118,5.04,1,9,5,64,220,8
13371,34,Female,Student,2.23,100,8.39,6,4,3,90,129,6
13372,27,Male,Business,2.89,66,5.35,2,7,2,118,163,9
13373,40,Female,Doctor,8.52,68,6.11,7,8,0,114,83,5
13374,40,Male,Designer,1.22,26,5.08,9,7,5,84,249,2
13375,22,Male,Designer,4.47,60,5.97,7,6,4,8,146,4
13376,51,Female,Student,4.22,7,4.39,5,1,3,29,185,3
13377,43,Male,Doctor,3.12,81,4.42,8,6,2,24,214,3
13378,21,Female,Engineer,5.74,106,5.68,4,2,3,102,168,7
13379,45,Female,Doctor,1.0,88,7.38,2,8,2,68,245,5
13380,41,Male,Teacher,3.33,6,4.6,5,2,2,42,209,6
13381,53,Female,Doctor,9.26,34,5.95,8,2,3,38,45,4
13382,50,Female,Designer,1.15,103,5.04,8,9,1,38,263,8
13383,20,Female,Teacher,4.91,85,4.78,1,8,4,11,139,9
13384,27,Female,Business,9.18,25,7.74,1,9,0,34,89,6
13385,24,Female,Doctor,1.97,62,8.59,6,8,4,55,74,4
13386,35,Male,Business,1.08,18,5.74,5,6,2,31,65,7
13387,22,Male,Teacher,5.18,31,8.22,8,7,5,20,204,9
13388,35,Female,Designer,5.49,50,7.25,6,6,0,95,297,9
13389,22,Female,Student,3.13,71,4.09,8,1,3,74,57,5
13390,38,Female,Designer,4.04,89,4.71,5,2,1,43,55,6
13391,26,Female,Student,6.27,105,8.36,7,2,3,1,45,1
13392,23,Female,Engineer,3.47,86,7.67,1,1,2,19,45,7
13393,40,Female,Designer,7.13,7,5.93,1,8,2,29,291,6
13394,27,Female,Business,6.35,35,8.6,6,9,4,2,177,7
13395,47,Female,Student,8.14,57,6.96,1,2,2,59,243,8
13396,23,Male,Student,1.76,23,6.23,3,4,2,102,23,9
13397,56,Female,Teacher,9.33,102,8.1,4,3,0,57,128,9
13398,35,Female,Designer,7.29,43,7.52,2,4,0,14,175,7
13399,34,Female,Engineer,6.49,34,5.1,3,6,5,72,293,7
13400,42,Male,Designer,2.38,90,6.26,5,1,1,15,40,8
13401,49,Female,Business,8.24,111,5.57,1,9,1,74,258,8
13402,41,Male,Teacher,3.18,115,5.12,6,7,4,8,98,6
13403,35,Male,Designer,1.38,19,5.05,6,5,0,54,279,9
13404,57,Female,Designer,8.32,27,5.08,1,8,3,10,112,3
13405,39,Male,Engineer,3.89,19,6.37,6,5,4,69,42,8
13406,23,Male,Designer,7.68,8,4.6,4,6,2,35,264,7
13407,24,Female,Engineer,9.65,109,5.44,5,8,5,22,35,5
13408,19,Male,Student,6.31,111,6.48,7,1,5,116,123,1
13409,23,Male,Teacher,7.48,22,8.2,7,7,4,114,233,8
13410,35,Female,Student,3.43,101,6.28,3,6,3,112,55,7
13411,25,Female,Teacher,6.33,101,4.89,4,8,4,39,253,4
13412,18,Female,Student,9.32,73,6.54,6,7,5,41,247,9
13413,44,Male,Business,7.55,111,7.89,9,3,3,42,196,1
13414,21,Female,Engineer,4.7,64,6.92,2,1,3,64,97,1
13415,21,Female,Business,8.22,10,6.39,5,2,5,83,62,6
13416,43,Male,Doctor,8.77,77,8.55,1,1,2,104,37,2
13417,22,Male,Business,5.71,38,6.6,6,1,5,99,167,3
13418,40,Male,Designer,3.5,118,5.46,8,3,3,80,101,3
13419,56,Female,Doctor,5.65,117,7.51,8,5,4,113,86,8
13420,33,Male,Student,6.57,69,8.3,1,2,2,69,223,5
13421,58,Female,Engineer,5.6,18,4.65,4,4,2,96,207,5
13422,47,Male,Engineer,3.03,91,8.92,9,8,3,79,231,8
13423,18,Male,Student,1.94,15,8.04,5,9,1,119,57,2
13424,42,Female,Business,5.88,107,9.0,5,1,2,9,24,4
13425,40,Female,Student,5.44,88,5.41,1,5,2,41,255,8
13426,34,Female,Business,1.53,118,5.29,8,9,3,83,77,7
13427,41,Male,Engineer,3.91,57,4.4,2,8,4,59,43,7
13428,57,Male,Engineer,3.73,17,8.24,4,6,3,53,35,1
13429,33,Female,Designer,2.4,61,4.63,3,9,5,52,162,2
13430,48,Female,Doctor,5.35,83,5.46,2,2,1,38,190,5
13431,26,Female,Student,3.54,81,6.91,5,2,2,75,103,8
13432,20,Female,Student,3.05,92,4.25,4,1,0,0,21,2
13433,30,Female,Business,8.9,61,8.94,5,9,0,68,104,2
13434,24,Female,Business,9.51,81,4.21,6,5,5,19,160,4
13435,22,Male,Business,3.88,114,4.5,6,5,3,34,77,3
13436,37,Male,Teacher,4.25,5,4.62,4,2,2,91,257,3
13437,23,Male,Designer,1.42,23,6.49,5,4,0,57,264,8
13438,22,Male,Engineer,9.07,95,7.61,4,2,1,97,225,8
13439,20,Female,Designer,4.06,60,4.32,9,5,2,110,162,6
13440,44,Female,Student,4.3,27,7.56,4,8,5,4,151,9
13441,35,Male,Designer,4.24,34,8.48,7,8,1,109,213,3
13442,18,Female,Doctor,3.29,80,5.21,4,6,4,45,258,3
13443,19,Female,Engineer,6.5,90,6.94,4,7,3,74,129,1
13444,41,Male,Business,7.02,88,8.09,4,2,1,107,194,2
13445,50,Female,Doctor,5.75,86,5.3,6,8,4,93,270,4
13446,32,Female,Designer,1.48,20,8.97,8,3,3,88,139,7
13447,24,Male,Teacher,7.13,91,4.61,2,7,0,66,222,5
13448,38,Female,Business,7.8,41,4.04,6,3,4,2,190,1
13449,32,Female,Designer,1.43,50,5.87,9,7,5,37,245,3
13450,26,Female,Student,9.75,114,5.08,8,5,0,25,174,4
13451,49,Male,Business,6.97,117,5.11,3,7,0,5,180,8
13452,36,Female,Engineer,4.84,39,4.44,5,2,3,43,281,7
13453,33,Female,Teacher,7.62,74,4.45,3,6,1,115,141,4
13454,51,Male,Engineer,2.14,12,5.48,9,4,4,28,55,2
13455,25,Female,Designer,4.92,48,7.13,2,4,3,42,217,2
13456,41,Female,Teacher,6.53,19,7.07,7,3,1,118,213,8
13457,24,Male,Student,7.84,51,4.18,4,3,0,19,291,2
13458,31,Female,Teacher,1.64,105,5.91,7,8,5,61,34,8
13459,35,Male,Teacher,5.27,36,5.78,1,1,5,27,71,7
13460,58,Male,Teacher,9.91,40,4.88,3,3,3,64,276,3
13461,27,Male,Business,8.52,92,6.51,5,4,1,89,142,9
13462,37,Female,Designer,1.75,108,7.19,4,7,1,45,134,5
13463,47,Male,Designer,2.69,113,5.49,2,2,5,21,287,5
13464,19,Female,Engineer,7.07,111,6.53,6,7,5,110,247,1
13465,59,Female,Student,6.82,119,8.45,2,9,0,23,285,2
13466,52,Male,Designer,7.37,35,4.37,1,4,4,65,101,6
13467,22,Male,Designer,8.8,15,4.48,6,8,2,42,295,1
13468,51,Male,Doctor,5.05,44,6.8,5,1,3,118,280,6
13469,28,Female,Teacher,1.79,15,8.4,7,5,4,79,190,2
13470,48,Female,Doctor,4.12,73,4.51,2,5,3,6,175,3
13471,57,Female,Engineer,3.05,64,8.24,3,5,5,115,162,8
13472,43,Male,Business,5.71,48,7.91,5,2,3,44,90,4
13473,27,Male,Teacher,7.25,51,6.98,5,8,1,32,125,2
13474,28,Female,Student,3.34,68,7.05,7,1,0,61,145,8
13475,26,Female,Student,3.9,73,5.98,8,6,0,83,106,8
13476,47,Male,Student,8.03,39,5.68,9,1,0,30,99,3
13477,24,Male,Designer,4.94,79,4.12,7,2,3,10,242,4
13478,39,Male,Student,8.57,52,4.15,2,6,5,49,254,1
13479,50,Male,Designer,5.64,35,7.72,3,7,4,10,241,4
13480,44,Female,Designer,1.95,61,4.39,8,1,4,73,194,1
13481,22,Female,Teacher,7.1,82,4.79,9,6,4,60,221,2
13482,53,Female,Student,2.83,34,6.85,1,7,4,108,122,7
13483,32,Female,Designer,3.21,112,6.26,9,7,4,44,63,2
13484,43,Male,Student,8.97,41,8.93,7,1,2,112,265,4
13485,29,Male,Engineer,6.05,41,5.59,4,2,5,47,75,5
13486,43,Female,Engineer,4.67,41,8.39,7,7,5,108,99,6
13487,26,Female,Student,9.77,76,6.84,5,4,0,76,211,8
13488,22,Female,Doctor,6.24,41,4.74,9,2,2,10,88,2
13489,57,Male,Student,8.17,21,5.98,8,9,0,44,290,9
13490,26,Female,Designer,4.93,88,8.83,1,1,2,71,135,5
13491,45,Female,Business,7.77,50,6.31,7,8,5,62,181,6
13492,56,Male,Doctor,2.97,42,7.49,5,3,2,26,98,7
13493,45,Female,Student,1.04,87,5.7,8,4,0,46,101,6
13494,44,Female,Engineer,1.37,116,8.5,1,3,5,90,157,6
13495,59,Female,Engineer,2.77,118,8.38,1,2,5,104,217,1
13496,34,Female,Engineer,7.45,6,4.82,6,5,1,16,264,1
13497,38,Female,Doctor,7.56,63,8.79,1,4,1,60,207,4
13498,49,Male,Doctor,8.13,25,8.32,1,3,4,24,148,4
13499,32,Female,Business,7.5,118,6.98,6,1,3,65,232,6
13500,42,Male,Teacher,7.88,92,8.76,6,1,5,80,143,7
13501,38,Male,Doctor,6.66,8,8.94,8,7,0,21,60,5
13502,22,Male,Designer,6.46,37,5.76,7,2,4,55,103,4
13503,23,Female,Student,4.75,59,8.71,5,8,0,30,251,5
13504,52,Female,Student,6.53,92,7.65,2,6,5,68,157,6
13505,32,Male,Doctor,5.89,97,8.77,7,8,0,79,245,9
13506,53,Female,Teacher,5.49,69,5.44,3,1,2,67,24,9
13507,43,Female,Designer,5.3,114,8.26,3,1,4,83,162,7
13508,42,Male,Doctor,7.28,49,5.03,4,9,5,107,244,4
13509,59,Male,Student,1.08,97,6.48,3,7,4,55,148,6
13510,50,Male,Designer,6.37,38,5.77,3,6,2,67,293,4
13511,37,Female,Student,7.55,39,8.04,5,5,0,119,195,6
13512,55,Female,Student,5.57,74,8.91,3,4,1,10,213,1
13513,45,Female,Teacher,8.91,61,4.64,3,9,4,110,158,3
13514,29,Male,Designer,4.58,86,6.65,1,4,3,29,89,7
13515,34,Male,Designer,8.67,86,6.61,2,2,0,1,130,6
13516,42,Female,Business,7.71,17,7.91,9,6,0,104,41,9
13517,23,Male,Teacher,1.33,76,6.02,4,8,1,96,245,5
13518,51,Male,Business,3.98,76,5.8,1,4,0,72,123,5
13519,38,Female,Doctor,8.75,93,7.13,1,2,1,50,240,1
13520,20,Male,Doctor,5.46,65,5.58,6,1,0,79,272,9
13521,19,Male,Business,1.79,80,4.49,6,3,1,29,38,9
13522,59,Female,Student,3.15,24,6.19,4,5,5,85,188,2
13523,20,Female,Designer,3.38,15,4.96,7,6,3,41,210,7
13524,28,Female,Doctor,2.71,73,4.07,6,3,5,3,232,5
13525,27,Male,Student,7.18,17,5.64,7,9,2,79,120,1
13526,52,Male,Student,9.0,85,5.08,3,4,2,34,221,3
13527,40,Female,Business,5.71,109,5.46,4,3,0,29,91,7
13528,22,Female,Teacher,3.69,89,6.76,9,4,5,111,133,3
13529,48,Female,Teacher,4.56,38,5.5,4,9,4,12,74,6
13530,33,Male,Designer,4.89,24,6.04,4,7,5,43,298,6
13531,30,Female,Teacher,1.1,43,4.48,3,7,5,113,245,3
13532,50,Female,Student,6.85,49,5.79,2,8,0,86,292,8
13533,40,Female,Teacher,3.6,92,7.89,9,5,3,34,114,5
13534,51,Female,Teacher,6.88,19,8.95,6,6,5,96,127,3
13535,36,Female,Teacher,7.43,56,8.86,3,3,1,34,91,3
13536,44,Male,Doctor,5.66,39,6.33,7,7,2,79,70,7
13537,37,Male,Doctor,3.32,108,6.29,6,3,3,99,34,9
13538,37,Female,Engineer,2.66,46,8.36,7,8,2,118,85,8
13539,49,Female,Student,9.68,118,5.38,1,2,1,43,102,3
13540,45,Male,Doctor,1.57,52,5.52,9,3,0,47,292,1
13541,34,Male,Designer,6.56,10,8.12,8,9,0,68,82,8
13542,31,Female,Business,9.78,47,6.74,1,7,5,11,48,5
13543,25,Female,Designer,6.83,112,4.23,7,8,0,77,102,8
13544,38,Female,Engineer,1.63,13,9.0,4,8,4,95,133,2
13545,40,Female,Engineer,8.56,24,6.73,9,1,3,102,148,1
13546,28,Female,Doctor,4.63,102,4.87,5,6,4,17,89,9
13547,59,Male,Designer,8.86,71,4.12,8,7,2,37,35,1
13548,53,Male,Designer,9.57,50,6.44,4,8,0,72,216,8
13549,22,Male,Student,8.1,75,7.87,9,4,5,117,96,5
13550,38,Male,Student,9.11,99,7.29,2,7,0,100,173,4
13551,20,Female,Doctor,5.62,110,7.36,4,6,0,68,106,3
13552,30,Female,Engineer,9.36,24,6.49,8,5,4,59,81,9
13553,27,Female,Designer,3.28,118,6.78,5,9,0,75,130,2
13554,21,Female,Engineer,2.85,10,8.33,9,2,0,115,34,7
13555,31,Male,Student,2.73,77,6.53,9,1,5,52,76,6
13556,31,Female,Student,6.0,35,7.12,1,8,2,9,130,3
13557,41,Male,Student,7.62,66,6.94,4,8,4,12,62,7
13558,37,Female,Engineer,8.06,5,8.16,7,6,4,69,96,8
13559,18,Male,Teacher,9.97,18,5.97,7,5,0,56,196,9
13560,27,Male,Student,6.04,60,7.13,4,5,1,77,30,7
13561,41,Female,Student,8.53,70,4.55,2,7,5,71,255,8
13562,52,Female,Engineer,8.27,84,4.41,7,9,5,85,299,8
13563,43,Female,Business,3.54,51,7.86,7,6,5,81,260,4
13564,34,Male,Student,8.24,116,7.77,7,5,0,21,185,1
13565,38,Male,Teacher,7.49,65,6.23,1,2,0,5,29,6
13566,44,Male,Doctor,3.52,49,5.61,5,1,4,6,225,2
13567,48,Female,Designer,9.8,41,7.38,6,9,4,98,99,1
13568,48,Female,Doctor,3.85,32,8.39,2,2,1,113,226,3
13569,26,Male,Designer,2.49,15,7.92,9,5,0,14,255,7
13570,41,Female,Student,8.71,21,5.15,4,7,5,25,271,1
13571,35,Female,Business,5.5,42,5.21,4,8,2,55,184,4
13572,32,Female,Student,2.68,15,6.26,1,8,4,47,197,8
13573,18,Female,Student,9.52,48,8.6,2,7,5,72,285,1
13574,54,Female,Doctor,7.17,77,5.24,4,9,3,80,246,8
13575,57,Male,Designer,1.29,78,4.66,5,5,0,96,89,2
13576,28,Male,Doctor,5.47,98,6.27,7,5,3,114,272,9
13577,36,Female,Engineer,6.27,53,7.97,7,3,4,47,222,7
13578,52,Female,Student,3.89,103,4.68,1,6,1,89,200,3
13579,41,Male,Doctor,2.03,22,7.58,7,3,3,99,92,8
13580,48,Female,Business,6.81,30,7.32,6,5,0,50,197,7
13581,24,Male,Student,7.04,32,8.05,4,5,5,34,175,2
13582,53,Male,Engineer,3.07,18,8.89,1,7,5,38,228,4
13583,35,Female,Doctor,1.96,23,8.67,7,6,4,29,128,6
13584,28,Male,Teacher,9.18,11,7.5,6,6,1,5,151,4
13585,49,Male,Designer,8.16,94,8.64,7,8,3,32,159,5
13586,22,Male,Designer,8.5,43,8.46,8,3,3,87,37,8
13587,39,Female,Student,2.01,119,6.32,7,6,0,19,275,6
13588,58,Male,Doctor,7.95,27,4.2,2,7,0,116,154,7
13589,24,Male,Teacher,4.97,118,7.17,4,2,5,28,111,4
13590,41,Female,Engineer,8.47,21,6.77,9,3,3,74,207,4
13591,57,Male,Designer,6.12,83,5.41,9,6,0,97,147,2
13592,47,Female,Business,6.63,64,7.86,4,6,1,107,190,9
13593,31,Male,Business,3.91,96,4.81,8,5,4,104,166,4
13594,44,Male,Engineer,3.77,111,6.7,8,5,2,74,222,7
13595,40,Female,Doctor,5.56,46,4.98,2,6,4,95,35,4
13596,56,Female,Student,1.59,80,5.23,5,8,0,14,209,5
13597,19,Female,Student,7.18,65,7.04,4,1,5,109,191,1
13598,27,Female,Designer,7.15,28,6.35,3,1,2,40,269,6
13599,51,Female,Business,9.39,89,7.64,9,1,4,54,101,7
13600,52,Female,Student,3.24,84,5.37,9,3,2,96,258,3
13601,58,Male,Doctor,7.16,117,5.65,4,6,4,112,126,7
13602,23,Female,Student,6.98,12,8.5,2,3,1,47,213,3
13603,42,Male,Engineer,2.29,59,4.61,2,2,1,77,247,1
13604,47,Female,Teacher,6.26,28,8.38,3,8,5,28,193,8
13605,30,Male,Business,7.35,108,5.32,2,9,5,116,229,8
13606,56,Female,Doctor,3.83,82,6.05,1,2,3,62,241,2
13607,44,Female,Teacher,1.47,93,5.83,5,4,0,100,112,5
13608,20,Male,Designer,3.53,32,8.44,8,5,1,75,55,9
13609,38,Male,Engineer,3.28,29,6.2,5,3,1,82,189,6
13610,47,Female,Doctor,4.39,105,7.45,7,5,0,102,216,7
13611,59,Female,Student,6.01,30,6.67,3,4,3,62,244,4
13612,26,Male,Teacher,6.03,100,5.08,2,9,5,119,28,6
13613,55,Female,Engineer,5.98,97,6.04,4,4,1,20,235,8
13614,55,Female,Engineer,7.68,72,7.94,1,7,5,40,236,3
13615,55,Female,Student,9.71,56,7.27,4,6,3,82,179,8
13616,18,Male,Business,5.96,82,7.05,8,9,2,116,255,7
13617,36,Male,Business,2.17,42,6.81,7,5,4,109,132,7
13618,51,Male,Teacher,2.4,35,6.37,8,5,5,96,242,9
13619,29,Female,Designer,3.92,66,5.01,8,2,1,92,83,5
13620,57,Male,Doctor,1.3,70,7.66,7,8,5,67,127,3
13621,23,Female,Engineer,9.38,117,5.62,6,5,1,56,277,6
13622,41,Female,Business,9.13,105,4.74,3,2,2,37,97,3
13623,42,Male,Designer,9.93,71,7.72,2,8,0,118,158,1
13624,48,Male,Engineer,1.34,16,4.93,5,1,1,49,257,9
13625,28,Male,Business,3.5,112,6.86,9,5,4,16,260,1
13626,47,Female,Student,2.94,22,5.74,5,5,3,37,237,9
13627,23,Female,Designer,1.88,86,6.49,9,9,1,32,158,4
13628,48,Male,Business,5.82,26,7.45,3,4,0,41,113,5
13629,24,Female,Teacher,5.61,116,7.22,7,4,0,64,195,7
13630,38,Male,Doctor,2.87,56,6.44,1,3,1,13,61,4
13631,47,Male,Student,7.38,114,5.03,5,7,5,89,231,6
13632,28,Female,Designer,9.09,97,8.25,8,1,1,99,239,9
13633,55,Male,Business,7.61,48,4.74,5,6,2,29,86,4
13634,26,Male,Business,7.64,117,8.13,6,7,1,28,194,2
13635,49,Female,Business,6.88,34,5.2,4,1,2,33,187,4
13636,46,Male,Business,8.76,22,7.8,9,8,2,105,115,3
13637,41,Male,Business,6.2,36,4.05,2,9,1,67,120,5
13638,30,Female,Student,9.4,75,8.49,9,6,4,5,46,3
13639,38,Female,Student,9.91,117,8.44,5,6,2,40,61,8
13640,32,Male,Teacher,8.64,97,5.19,4,4,5,65,258,3
13641,23,Female,Student,5.96,100,7.55,6,9,3,51,192,9
13642,58,Female,Engineer,3.72,18,4.93,8,1,1,51,134,5
13643,46,Male,Teacher,7.22,43,5.5,5,8,2,86,220,2
13644,38,Female,Engineer,4.83,50,7.18,8,1,3,81,117,4
13645,24,Female,Designer,3.74,11,7.36,1,6,0,93,257,2
13646,23,Female,Student,4.91,54,4.33,8,8,4,79,101,5
13647,35,Male,Teacher,3.65,118,7.43,6,7,3,19,168,3
13648,45,Female,Teacher,7.16,51,5.41,6,5,0,97,23,2
13649,39,Female,Business,7.61,70,7.21,2,2,4,73,80,4
13650,43,Female,Teacher,8.42,55,7.04,8,3,5,23,239,5
13651,26,Male,Business,4.23,107,5.2,5,2,4,108,255,4
13652,37,Female,Designer,5.06,87,6.32,1,6,2,33,96,8
13653,52,Female,Business,5.53,70,6.5,7,6,0,102,64,1
13654,57,Female,Designer,9.44,67,4.89,3,7,4,33,29,1
13655,40,Female,Designer,1.13,102,6.83,5,7,2,62,61,3
13656,38,Male,Teacher,9.11,99,4.41,7,4,3,74,138,4
13657,37,Female,Doctor,7.81,21,7.43,2,2,3,70,174,9
13658,58,Male,Student,3.42,99,4.53,8,3,0,21,267,6
13659,49,Female,Doctor,9.74,105,8.99,8,1,2,117,270,6
13660,54,Female,Teacher,5.33,22,7.54,7,1,5,15,290,3
13661,56,Female,Teacher,3.67,82,8.69,3,7,5,105,53,1
13662,21,Female,Engineer,7.47,47,5.46,4,9,2,50,201,6
13663,33,Female,Teacher,4.49,13,7.12,8,8,2,114,205,9
13664,59,Male,Student,1.28,74,7.37,4,9,2,99,42,2
13665,18,Female,Teacher,9.39,16,7.79,8,5,1,110,252,9
13666,41,Male,Doctor,2.74,14,7.43,7,3,1,95,275,7
13667,25,Male,Engineer,3.3,98,5.63,8,9,3,34,214,2
13668,22,Male,Business,3.6,25,6.19,5,9,5,83,275,1
13669,26,Male,Business,5.81,96,8.74,1,9,3,17,287,2
13670,29,Male,Student,2.78,13,4.16,7,3,0,86,218,3
13671,38,Male,Business,1.11,107,8.55,4,1,2,8,122,4
13672,28,Female,Doctor,9.74,100,8.36,9,5,4,10,68,6
13673,51,Female,Engineer,9.98,72,6.42,7,2,1,16,98,5
13674,46,Female,Engineer,1.24,64,5.7,6,4,5,76,35,5
13675,52,Female,Engineer,2.09,109,7.22,3,8,3,117,208,8
13676,25,Female,Teacher,1.54,97,6.41,1,5,2,107,60,5
13677,43,Male,Engineer,4.29,34,6.42,5,9,1,47,199,7
13678,54,Male,Teacher,4.68,44,5.08,3,3,0,114,284,5
13679,59,Female,Student,3.91,81,8.27,9,9,1,93,195,1
13680,48,Male,Engineer,3.48,86,4.59,3,4,4,9,247,9
13681,37,Female,Designer,4.9,31,5.23,8,9,5,113,235,3
13682,19,Female,Business,9.86,11,8.87,8,2,2,94,53,9
13683,33,Male,Teacher,9.7,93,8.25,3,8,3,16,294,5
13684,37,Male,Doctor,9.86,30,6.74,3,8,0,37,105,7
13685,35,Male,Business,8.57,92,7.97,6,8,3,9,218,7
13686,33,Female,Doctor,8.12,42,5.93,9,4,2,85,88,3
13687,23,Female,Teacher,5.68,109,8.57,2,8,1,9,153,4
13688,53,Male,Business,8.04,32,6.21,8,9,4,53,121,3
13689,34,Female,Designer,3.58,83,5.94,2,5,0,93,174,5
13690,37,Male,Engineer,6.42,77,4.71,5,3,0,75,54,9
13691,44,Female,Designer,8.33,23,4.75,2,5,2,12,130,3
13692,51,Female,Student,7.39,61,6.63,4,1,0,94,52,6
13693,53,Female,Doctor,9.0,104,6.71,9,9,0,65,285,4
13694,46,Male,Teacher,2.81,14,4.93,6,2,0,2,232,4
13695,22,Female,Engineer,7.98,67,6.13,9,5,2,83,271,8
13696,34,Female,Teacher,1.87,16,4.85,3,4,5,81,82,9
13697,51,Male,Designer,8.63,38,4.74,1,5,3,66,63,6
13698,47,Female,Doctor,5.58,54,5.91,8,1,5,97,133,1
13699,33,Female,Engineer,4.03,23,6.98,5,8,1,70,118,1
13700,43,Female,Business,9.8,53,6.87,5,7,0,10,245,7
13701,28,Female,Engineer,1.46,105,7.11,5,6,3,39,278,2
13702,54,Male,Doctor,8.32,97,7.68,8,9,1,49,221,3
13703,54,Male,Doctor,3.87,46,4.62,9,2,4,82,268,4
13704,19,Female,Teacher,6.6,117,5.86,9,9,1,39,65,8
13705,27,Male,Business,1.16,40,7.57,2,6,4,70,202,2
13706,20,Male,Designer,5.07,19,5.31,7,5,2,41,124,6
13707,22,Male,Doctor,1.66,22,6.71,7,6,3,87,79,9
13708,22,Male,Doctor,3.39,30,7.44,8,7,3,10,262,8
13709,44,Female,Designer,5.67,118,5.42,1,3,3,95,273,2
13710,23,Female,Engineer,9.37,119,4.95,1,2,5,45,29,3
13711,35,Female,Doctor,5.74,84,4.27,3,1,1,45,96,4
13712,59,Male,Designer,1.99,31,8.09,9,3,3,77,44,5
13713,24,Male,Teacher,8.74,25,8.58,6,8,1,6,220,3
13714,27,Male,Student,4.77,80,4.23,9,6,2,100,86,3
13715,22,Female,Student,3.29,86,7.09,8,6,3,106,30,6
13716,54,Male,Student,9.52,47,4.5,3,9,0,85,183,8
13717,26,Female,Designer,6.86,114,7.65,6,5,4,66,272,6
13718,56,Male,Doctor,3.12,70,6.54,7,5,3,17,227,4
13719,26,Male,Doctor,8.91,13,5.89,2,9,5,55,189,8
13720,35,Male,Business,1.07,96,4.03,5,4,5,108,143,5
13721,35,Male,Doctor,7.04,63,6.1,3,2,2,12,153,7
13722,32,Male,Business,8.52,50,7.71,1,4,3,9,157,9
13723,39,Female,Engineer,4.9,68,7.15,2,7,2,118,95,7
13724,44,Male,Student,6.53,62,4.01,3,4,3,93,63,1
13725,47,Female,Engineer,1.21,13,8.83,3,3,3,11,128,8
13726,24,Male,Teacher,5.35,66,4.93,1,9,0,27,227,2
13727,34,Male,Engineer,2.97,65,8.99,8,8,0,116,36,8
13728,25,Female,Designer,6.67,23,8.28,3,1,4,12,162,6
13729,27,Male,Student,3.01,61,7.67,1,8,2,41,44,8
13730,55,Female,Business,4.97,98,5.27,4,5,2,58,246,8
13731,38,Male,Business,9.11,80,7.63,3,2,2,42,65,6
13732,31,Male,Engineer,6.06,96,5.19,6,8,3,100,229,6
13733,19,Female,Student,4.74,78,6.81,1,4,4,40,77,7
13734,27,Female,Doctor,3.33,117,4.92,6,2,2,108,150,9
13735,22,Female,Business,8.98,43,5.61,8,7,1,112,62,5
13736,20,Female,Doctor,8.51,93,4.74,1,4,4,101,290,7
13737,27,Male,Student,1.78,84,8.81,8,4,0,86,123,9
13738,30,Female,Teacher,1.13,7,6.75,9,5,4,71,61,4
13739,22,Male,Engineer,7.64,73,8.95,8,8,5,96,279,6
13740,50,Female,Doctor,9.15,117,6.68,1,6,2,73,223,8
13741,44,Female,Student,4.06,14,4.28,2,2,0,4,254,7
13742,23,Female,Designer,1.32,52,8.91,7,2,2,84,220,4
13743,38,Male,Doctor,8.01,62,5.0,8,3,2,105,95,5
13744,54,Female,Business,3.48,82,6.41,8,5,5,69,80,5
13745,58,Male,Student,9.65,26,7.91,7,4,3,98,224,6
13746,21,Female,Doctor,8.17,116,5.52,8,1,1,78,281,4
13747,47,Female,Teacher,8.69,42,5.23,4,1,5,88,181,6
13748,20,Female,Teacher,6.71,22,7.72,6,2,2,87,143,1
13749,25,Female,Doctor,5.47,115,6.36,4,5,0,107,62,7
13750,35,Female,Teacher,9.1,85,4.95,1,8,4,21,202,8
13751,33,Male,Teacher,3.15,55,7.75,9,2,4,86,44,1
13752,29,Female,Business,4.93,71,7.96,1,8,5,3,267,2
13753,36,Male,Business,4.62,59,6.45,9,8,1,19,26,6
13754,55,Female,Engineer,7.68,61,6.81,3,3,3,0,172,5
13755,37,Male,Designer,7.09,46,4.38,5,1,4,87,71,4
13756,37,Female,Student,1.78,100,5.92,8,1,4,7,230,4
13757,51,Male,Designer,1.89,16,6.1,4,2,0,42,284,8
13758,58,Female,Designer,5.03,28,7.77,5,8,4,77,203,8
13759,39,Male,Doctor,4.21,68,5.93,6,1,3,100,57,4
13760,57,Female,Doctor,9.09,27,5.3,6,6,0,24,234,8
13761,32,Female,Engineer,1.13,118,4.15,8,4,2,85,204,5
13762,29,Male,Business,4.0,48,6.33,8,6,0,7,120,3
13763,52,Male,Teacher,5.45,108,6.26,3,3,4,116,206,1
13764,56,Female,Teacher,7.24,78,5.12,9,1,0,88,109,4
13765,56,Female,Business,5.43,88,6.88,3,5,2,76,282,7
13766,38,Male,Business,9.52,92,8.17,3,7,2,78,245,1
13767,28,Male,Designer,3.55,16,4.97,6,4,5,69,284,3
13768,20,Female,Doctor,4.03,78,8.19,6,3,4,99,186,1
13769,55,Female,Student,3.22,41,5.78,1,2,1,96,90,7
13770,26,Female,Doctor,2.58,28,4.99,6,4,4,80,117,3
13771,33,Female,Designer,9.25,51,7.07,9,4,0,40,160,1
13772,35,Male,Engineer,8.81,87,8.25,7,3,4,28,114,3
13773,29,Female,Student,6.03,43,4.41,6,5,4,26,98,9
13774,18,Female,Engineer,1.33,114,7.54,2,1,5,51,275,1
13775,23,Male,Designer,9.06,49,4.69,5,4,4,93,200,1
13776,23,Male,Designer,1.15,8,4.0,2,4,2,91,215,1
13777,32,Female,Teacher,6.98,105,8.14,5,7,1,77,21,1
13778,36,Female,Student,9.71,24,8.08,2,3,5,30,151,8
13779,31,Female,Doctor,6.26,17,5.16,8,7,4,100,221,3
13780,52,Male,Doctor,1.05,96,5.77,9,3,1,39,62,3
13781,29,Female,Business,7.71,25,4.57,2,5,4,79,296,4
13782,37,Female,Engineer,6.84,59,6.25,1,7,5,85,182,1
13783,58,Female,Engineer,5.21,117,8.11,2,1,0,88,155,2
13784,19,Female,Doctor,2.01,50,5.08,4,9,1,31,245,5
13785,48,Male,Teacher,7.17,119,7.55,7,1,1,115,153,6
13786,48,Female,Teacher,3.81,101,7.38,4,9,4,36,257,1
13787,59,Male,Business,1.58,6,7.53,1,7,3,51,229,6
13788,27,Female,Business,1.97,62,6.86,3,7,5,26,266,8
13789,46,Female,Doctor,9.06,81,8.86,3,6,2,96,136,3
13790,39,Male,Doctor,2.07,61,6.87,9,6,0,46,111,1
13791,46,Female,Teacher,9.62,102,6.68,5,8,4,85,31,6
13792,29,Male,Teacher,6.27,24,6.28,3,7,5,21,93,2
13793,45,Female,Business,6.11,44,7.88,1,4,2,61,132,3
13794,35,Female,Student,6.09,109,8.2,1,4,4,50,113,1
13795,55,Female,Designer,8.32,47,8.71,1,7,5,75,87,5
13796,41,Female,Teacher,8.36,6,6.57,5,2,4,55,235,5
13797,33,Female,Doctor,1.15,25,4.89,9,4,3,20,136,3
13798,39,Male,Teacher,4.89,95,7.9,8,9,4,92,127,8
13799,31,Female,Doctor,3.71,67,6.05,3,7,5,18,210,6
13800,24,Female,Student,5.82,118,4.76,5,4,1,67,115,9
13801,31,Female,Designer,6.97,67,7.3,2,6,3,104,256,7
13802,39,Female,Designer,1.34,42,6.45,5,9,3,48,62,5
13803,53,Male,Teacher,6.37,37,4.41,9,1,1,29,137,3
13804,41,Male,Engineer,4.45,111,5.15,7,9,1,2,240,6
13805,51,Female,Doctor,1.13,19,6.59,9,6,4,97,53,6
13806,39,Male,Engineer,2.63,104,4.88,7,7,2,100,57,4
13807,46,Male,Engineer,5.19,69,7.33,5,7,2,119,233,3
13808,46,Male,Designer,5.5,91,7.77,5,2,1,48,123,7
13809,40,Male,Business,7.35,105,7.01,7,3,2,94,113,1
13810,48,Male,Doctor,8.25,116,7.43,9,4,1,64,39,3
13811,27,Male,Student,6.95,97,8.07,1,9,1,70,79,6
13812,21,Male,Business,6.01,118,4.88,3,3,2,61,234,1
13813,24,Male,Engineer,1.33,94,8.16,2,9,3,74,49,5
13814,56,Female,Business,2.67,108,7.24,8,2,5,74,267,3
13815,28,Female,Teacher,1.67,107,6.25,2,9,1,34,225,1
13816,28,Female,Teacher,4.53,32,7.64,8,1,3,42,280,8
13817,25,Male,Student,8.33,13,7.61,5,7,5,68,291,4
13818,23,Female,Business,7.79,111,6.76,3,4,2,87,289,9
13819,18,Female,Business,9.07,55,7.19,4,1,3,45,40,2
13820,25,Male,Teacher,4.01,45,5.78,2,3,4,21,170,3
13821,41,Female,Business,4.3,13,7.52,3,9,0,88,118,2
13822,49,Male,Engineer,9.18,77,6.25,3,3,3,88,277,6
13823,30,Male,Business,5.3,102,7.76,3,3,1,88,257,5
13824,37,Female,Engineer,9.97,57,5.0,7,4,2,58,104,8
13825,56,Female,Designer,7.76,76,4.53,4,7,1,73,180,9
13826,48,Female,Teacher,2.01,53,6.35,9,6,5,106,110,5
13827,52,Male,Designer,1.24,54,5.57,7,8,3,49,267,4
13828,43,Male,Teacher,8.06,109,8.99,1,4,2,28,163,6
13829,46,Male,Engineer,9.33,73,8.52,2,7,2,66,221,9
13830,36,Male,Teacher,5.17,101,8.15,3,7,1,119,236,5
13831,39,Male,Student,3.48,38,7.29,3,2,3,23,237,7
13832,24,Female,Teacher,1.14,6,8.85,8,4,5,7,197,6
13833,37,Male,Engineer,3.49,14,8.54,3,9,0,32,259,1
13834,30,Male,Designer,9.14,43,4.32,4,3,3,17,256,4
13835,55,Male,Teacher,8.66,35,7.09,1,6,3,39,291,4
13836,37,Female,Doctor,5.92,16,5.32,8,9,3,20,242,3
13837,25,Female,Designer,1.89,75,7.05,4,3,2,41,55,8
13838,55,Female,Engineer,2.18,34,7.53,4,8,2,28,84,5
13839,56,Female,Doctor,1.18,111,4.53,1,3,2,100,231,5
13840,53,Female,Designer,6.98,30,7.93,1,7,0,7,213,9
13841,19,Male,Business,3.2,32,7.47,8,5,5,110,232,4
13842,32,Female,Doctor,3.38,99,7.64,5,5,3,89,236,5
13843,19,Male,Doctor,4.66,66,8.73,8,1,5,38,116,4
13844,34,Male,Student,7.27,9,5.8,8,8,0,21,206,3
13845,33,Female,Designer,6.86,82,6.04,8,6,3,64,20,2
13846,23,Male,Doctor,1.03,68,5.29,1,1,2,81,130,9
13847,23,Female,Business,2.73,70,4.37,7,2,0,27,297,2
13848,59,Male,Teacher,1.75,61,6.01,4,6,3,56,31,3
13849,21,Male,Student,8.29,29,7.78,5,2,3,19,83,1
13850,33,Male,Teacher,4.68,117,5.27,5,6,5,99,36,7
13851,28,Female,Engineer,4.32,113,4.68,7,9,3,117,136,3
13852,38,Male,Engineer,6.71,89,7.62,7,7,2,54,66,8
13853,20,Female,Doctor,2.44,112,4.41,8,6,0,26,80,1
13854,54,Male,Designer,4.32,117,4.97,6,5,4,67,281,7
13855,51,Female,Doctor,6.81,70,4.61,1,8,2,109,24,6
13856,26,Male,Engineer,7.72,119,4.57,4,9,1,30,164,9
13857,28,Female,Student,6.43,8,4.09,8,5,5,15,122,5
13858,27,Male,Business,8.19,67,8.73,1,9,5,117,105,2
13859,21,Female,Engineer,3.72,24,8.29,8,6,5,47,141,8
13860,41,Male,Teacher,9.32,42,8.54,6,7,1,102,94,9
13861,19,Male,Student,8.46,88,8.22,2,1,1,75,280,3
13862,49,Male,Engineer,4.18,25,7.8,1,5,2,74,48,5
13863,26,Male,Teacher,3.44,17,8.51,7,7,3,30,83,4
13864,39,Female,Teacher,4.82,34,8.78,4,3,4,1,46,6
13865,39,Female,Teacher,8.74,26,7.92,3,6,3,52,98,2
13866,51,Male,Engineer,2.82,25,8.33,7,3,4,13,158,2
13867,18,Female,Engineer,5.79,95,6.16,2,3,0,30,110,2
13868,54,Female,Designer,6.14,89,5.23,9,1,4,90,254,3
13869,46,Male,Designer,1.04,106,7.8,3,8,4,9,91,7
13870,19,Female,Designer,2.67,35,4.35,2,6,4,51,282,9
13871,56,Male,Teacher,8.01,77,5.81,5,9,4,26,249,7
13872,24,Male,Student,5.44,94,4.23,6,4,3,103,254,4
13873,41,Male,Designer,8.75,14,4.88,8,1,4,93,283,1
13874,48,Male,Student,8.81,116,8.53,5,6,1,83,65,2
13875,35,Male,Designer,2.53,50,4.93,5,5,3,12,102,8
13876,57,Female,Designer,2.29,62,6.52,7,3,0,113,28,2
13877,38,Male,Business,4.59,112,8.72,7,8,5,26,40,1
13878,58,Female,Teacher,2.64,50,7.05,2,8,2,77,55,7
13879,30,Female,Designer,4.97,7,7.56,9,3,5,60,48,4
13880,47,Female,Doctor,1.73,12,5.91,1,1,1,5,162,2
13881,22,Female,Doctor,6.05,73,4.86,2,2,3,107,115,7
13882,29,Female,Engineer,8.87,69,4.31,7,2,4,89,290,5
13883,40,Female,Teacher,5.04,30,4.22,3,3,1,10,43,1
13884,44,Female,Teacher,3.67,18,8.79,2,5,3,111,26,1
13885,53,Male,Teacher,3.19,106,5.44,5,9,3,49,131,3
13886,19,Female,Designer,8.91,96,5.0,8,2,0,6,263,4
13887,43,Male,Designer,5.52,17,4.51,1,2,2,27,204,9
13888,24,Male,Doctor,3.29,78,4.02,8,3,4,81,249,3
13889,45,Male,Doctor,7.93,113,7.68,8,2,3,41,88,9
13890,44,Male,Business,7.33,30,4.97,6,1,5,7,257,7
13891,18,Female,Student,3.4,12,7.79,4,1,4,90,153,5
13892,42,Male,Teacher,2.74,59,5.02,7,8,3,30,64,2
13893,19,Male,Doctor,3.5,70,4.6,5,2,4,28,230,5
13894,26,Female,Engineer,2.15,96,7.07,2,3,2,57,212,4
13895,53,Female,Student,7.04,24,8.3,2,8,3,39,62,3
13896,18,Female,Designer,2.53,38,4.12,8,7,4,72,153,8
13897,34,Female,Designer,1.28,103,8.26,3,3,5,46,117,8
13898,44,Female,Teacher,8.75,8,4.41,7,1,5,24,101,7
13899,26,Male,Business,6.89,86,5.72,9,6,3,103,174,6
13900,29,Female,Teacher,9.63,19,6.85,1,2,5,11,61,7
13901,21,Male,Student,7.16,69,4.31,1,8,0,14,28,5
13902,41,Male,Student,6.26,95,4.15,1,2,3,94,33,1
13903,31,Female,Engineer,4.18,101,4.18,9,7,2,75,166,8
13904,29,Female,Designer,6.56,40,5.37,9,5,4,70,282,6
13905,38,Female,Engineer,5.81,70,6.96,6,6,2,42,288,1
13906,31,Female,Doctor,1.03,30,6.26,6,7,1,77,240,8
13907,58,Female,Business,5.22,106,7.31,4,9,0,55,142,8
13908,45,Female,Business,7.66,57,5.27,6,6,2,78,175,4
13909,57,Male,Doctor,1.03,50,8.75,5,8,4,105,26,1
13910,59,Female,Designer,9.99,55,7.09,4,9,0,14,296,4
13911,45,Female,Student,5.21,46,5.64,1,1,0,67,104,8
13912,24,Female,Designer,7.89,27,4.57,9,5,4,116,176,6
13913,29,Male,Business,7.6,56,6.86,9,1,4,23,160,6
13914,54,Female,Designer,2.73,71,7.54,6,2,0,40,274,3
13915,25,Male,Designer,5.85,83,4.43,1,1,5,51,41,4
13916,59,Female,Teacher,9.57,29,4.6,8,2,3,60,163,5
13917,44,Female,Doctor,3.48,63,7.93,1,2,3,25,100,2
13918,41,Male,Business,4.33,15,6.38,9,7,0,63,139,2
13919,58,Male,Doctor,2.69,82,7.06,1,2,2,92,36,7
13920,53,Male,Engineer,1.36,6,6.88,4,7,5,39,203,3
13921,52,Female,Designer,7.42,83,8.29,6,5,0,90,81,2
13922,20,Male,Student,1.5,112,8.11,7,7,5,95,285,7
13923,51,Female,Business,5.42,119,7.28,1,4,4,114,266,8
13924,43,Male,Engineer,2.51,67,4.95,9,8,3,17,172,1
13925,31,Female,Doctor,8.41,25,4.53,1,6,5,104,102,6
13926,56,Male,Designer,7.14,27,5.51,6,4,4,14,162,1
13927,25,Female,Teacher,7.09,74,8.34,1,6,1,26,263,1
13928,31,Male,Teacher,1.45,38,8.05,9,7,3,24,72,4
13929,19,Male,Student,9.83,62,8.03,6,1,5,48,35,9
13930,54,Male,Teacher,1.4,12,7.95,2,8,3,40,191,1
13931,49,Female,Teacher,6.61,102,8.24,2,4,3,101,270,4
13932,40,Female,Teacher,4.46,41,6.56,8,8,1,33,196,1
13933,32,Female,Teacher,3.12,22,8.84,4,7,0,103,140,2
13934,54,Male,Teacher,7.84,100,6.81,2,3,4,105,193,5
13935,59,Male,Engineer,1.49,79,5.34,7,6,0,89,257,4
13936,25,Male,Doctor,7.25,92,6.1,9,8,4,80,51,3
13937,52,Female,Teacher,3.03,77,4.78,6,9,0,32,124,2
13938,48,Female,Teacher,8.28,77,5.32,2,7,0,88,206,3
13939,40,Female,Business,5.73,45,5.49,4,7,4,107,198,1
13940,44,Male,Doctor,3.02,35,8.08,9,9,5,7,37,7
13941,47,Male,Teacher,8.12,79,8.82,8,9,1,115,23,7
13942,29,Female,Business,2.71,12,6.51,9,3,2,100,175,3
13943,23,Female,Doctor,1.2,78,6.33,7,5,5,27,294,3
13944,20,Male,Teacher,9.11,84,6.06,5,7,4,73,186,3
13945,26,Male,Doctor,9.04,59,8.63,6,2,0,2,251,7
13946,22,Female,Engineer,8.83,99,7.44,2,1,5,104,105,4
13947,58,Female,Student,5.64,71,7.94,3,6,3,100,288,4
13948,56,Male,Doctor,9.22,44,5.14,1,1,3,62,150,3
13949,42,Female,Doctor,1.51,74,4.5,6,8,1,78,95,2
13950,22,Male,Designer,2.01,65,7.15,5,4,0,106,88,4
13951,18,Female,Student,5.24,18,4.71,4,4,4,29,165,4
13952,43,Male,Doctor,4.05,17,8.5,8,3,2,108,57,5
13953,39,Male,Teacher,1.94,33,6.86,8,6,1,12,107,9
13954,48,Female,Designer,6.74,106,6.32,8,3,5,114,26,3
13955,22,Female,Doctor,4.58,38,6.99,7,8,1,115,110,6
13956,40,Female,Business,2.39,8,8.71,3,7,1,9,98,6
13957,23,Male,Teacher,2.73,91,7.89,2,8,4,21,151,4
13958,37,Male,Designer,8.87,115,6.58,7,8,3,99,208,2
13959,23,Female,Business,2.99,18,4.97,3,2,4,6,93,2
13960,55,Female,Engineer,6.12,58,8.99,2,5,1,116,98,2
13961,30,Female,Doctor,1.72,116,8.0,9,5,5,87,230,8
13962,37,Female,Designer,9.72,35,8.13,2,3,5,72,244,7
13963,39,Male,Teacher,1.29,119,5.72,8,7,1,51,150,2
13964,43,Female,Teacher,4.27,114,7.31,9,2,1,113,50,7
13965,39,Male,Designer,6.46,117,8.66,8,8,4,45,114,9
13966,57,Female,Designer,6.77,40,5.29,5,5,2,95,69,8
13967,29,Male,Designer,3.3,90,8.16,2,1,1,104,215,3
13968,20,Female,Teacher,8.78,89,6.84,8,8,5,106,111,1
13969,50,Male,Teacher,5.05,17,8.81,2,3,0,31,157,6
13970,23,Female,Engineer,5.39,65,7.88,8,5,4,47,38,2
13971,23,Female,Engineer,2.43,56,5.97,7,8,3,81,21,2
13972,58,Female,Business,1.37,13,5.5,9,1,3,64,289,8
13973,40,Male,Doctor,2.77,104,6.49,1,4,1,95,45,4
13974,18,Male,Doctor,1.73,10,7.43,1,3,3,50,155,4
13975,18,Male,Engineer,4.8,67,6.8,1,8,4,16,165,5
13976,23,Male,Doctor,4.32,51,8.46,2,8,4,45,233,3
13977,25,Male,Student,8.88,69,6.46,7,7,0,44,288,2
13978,37,Male,Business,1.73,111,5.61,1,7,0,104,279,1
13979,21,Male,Business,2.44,60,5.52,2,7,5,10,66,1
13980,23,Male,Doctor,4.57,102,5.04,9,9,2,118,255,4
13981,34,Female,Doctor,2.79,14,5.73,3,4,0,26,246,4
13982,20,Female,Business,7.69,85,5.14,9,9,4,14,248,8
13983,31,Female,Engineer,9.69,70,5.39,2,2,2,17,268,7
13984,56,Female,Engineer,6.6,69,6.9,8,8,3,87,38,2
13985,55,Female,Student,2.57,89,4.39,1,3,0,71,125,1
13986,51,Female,Designer,6.07,28,6.9,8,6,0,21,69,5
13987,33,Male,Designer,9.37,80,7.78,8,2,4,7,247,3
13988,38,Female,Teacher,7.07,65,6.09,5,1,0,71,235,6
13989,49,Male,Student,5.84,63,5.97,2,3,1,1,187,2
13990,20,Male,Doctor,2.02,40,6.95,1,6,3,18,231,4
13991,30,Female,Engineer,4.38,27,6.52,8,2,1,82,184,2
13992,28,Female,Doctor,1.16,39,4.17,5,4,5,15,197,3
13993,34,Female,Business,5.75,11,7.82,4,6,3,45,184,8
13994,27,Female,Teacher,9.92,108,4.96,5,9,4,15,180,7
13995,40,Female,Engineer,3.2,69,6.68,7,5,4,28,213,7
13996,47,Male,Business,2.83,92,7.39,5,8,5,49,251,6
13997,19,Female,Engineer,9.98,8,7.32,8,5,4,88,116,1
13998,53,Female,Engineer,3.5,38,8.05,1,4,1,4,119,1
13999,18,Female,Business,7.59,55,6.13,1,6,4,91,240,8
14000,38,Male,Designer,2.21,57,6.2,9,7,5,60,273,1
14001,51,Female,Designer,6.93,75,8.16,8,5,5,23,286,4
14002,59,Male,Business,4.0,38,4.79,5,1,5,60,239,6
14003,28,Female,Designer,7.88,65,4.15,3,1,0,64,279,2
14004,26,Female,Student,8.7,6,5.76,6,2,3,40,52,1
14005,50,Female,Student,9.09,26,4.85,3,1,5,9,173,1
14006,33,Female,Doctor,5.99,5,8.9,4,2,5,6,249,2
14007,54,Female,Engineer,1.52,101,4.63,2,2,0,15,103,4
14008,45,Female,Student,8.68,50,4.51,9,2,0,118,60,8
14009,22,Male,Teacher,9.31,46,8.61,2,3,1,45,206,6
14010,50,Male,Designer,9.95,69,4.91,4,7,5,4,38,9
14011,24,Female,Business,1.86,75,6.12,4,6,4,69,295,9
14012,25,Male,Engineer,6.42,23,4.75,6,5,0,86,207,7
14013,52,Female,Teacher,2.6,81,7.33,1,1,2,84,90,7
14014,48,Male,Engineer,9.35,51,8.46,9,9,3,78,108,6
14015,38,Male,Engineer,5.25,38,4.08,6,9,5,110,72,1
14016,58,Female,Designer,3.68,24,6.28,1,1,2,30,281,8
14017,21,Male,Business,6.06,42,7.64,2,7,2,113,161,5
14018,35,Female,Engineer,5.12,91,8.97,2,2,0,85,203,5
14019,43,Male,Business,4.64,36,8.16,9,7,2,68,93,8
14020,49,Female,Doctor,7.21,101,5.99,6,7,3,42,177,8
14021,52,Female,Student,8.24,49,5.16,7,8,4,38,59,6
14022,57,Female,Student,4.16,57,8.79,1,2,5,4,52,1
14023,32,Female,Teacher,6.33,10,4.73,5,8,1,36,172,1
14024,32,Male,Designer,1.31,31,5.69,3,3,4,18,81,2
14025,21,Female,Doctor,1.19,59,7.12,2,8,2,53,150,7
14026,50,Female,Teacher,5.65,64,4.61,8,1,0,112,32,7
14027,47,Male,Business,4.32,63,6.61,7,2,2,29,278,8
14028,47,Female,Business,4.32,29,7.7,6,6,4,55,212,4
14029,30,Female,Engineer,2.09,32,7.52,1,6,1,118,299,4
14030,40,Male,Designer,4.01,23,6.85,3,4,2,98,194,4
14031,41,Female,Doctor,6.53,51,4.86,8,9,1,93,86,4
14032,56,Female,Business,5.6,81,7.4,1,1,1,92,180,1
14033,41,Female,Business,7.17,49,4.45,7,4,2,112,88,5
14034,25,Female,Engineer,4.26,64,6.4,4,3,4,95,238,3
14035,52,Female,Designer,1.66,115,7.88,3,6,4,116,293,6
14036,39,Male,Business,5.1,119,4.12,6,2,5,50,240,7
14037,40,Male,Business,4.95,27,7.16,1,1,2,28,196,3
14038,21,Male,Student,8.35,97,7.91,5,6,3,101,108,1
14039,42,Male,Student,6.17,48,5.43,9,2,3,26,103,4
14040,43,Female,Doctor,4.86,95,8.7,1,8,2,84,92,6
14041,43,Female,Engineer,7.66,86,7.95,6,1,4,15,265,8
14042,37,Male,Business,9.57,115,5.12,1,4,1,119,183,4
14043,32,Male,Student,4.55,54,4.12,5,7,1,21,151,1
14044,26,Female,Student,4.03,15,5.43,6,1,3,35,227,8
14045,55,Female,Business,6.96,94,7.42,7,1,0,55,280,3
14046,35,Male,Doctor,8.87,23,8.0,8,8,0,54,163,5
14047,43,Female,Business,8.12,28,6.97,1,6,4,109,62,6
14048,46,Female,Student,6.72,110,6.06,7,2,1,117,194,7
14049,48,Female,Doctor,3.05,44,6.34,5,8,0,101,145,8
14050,32,Female,Designer,1.55,103,7.95,5,3,0,92,274,9
14051,33,Female,Teacher,1.51,42,5.88,1,4,1,98,53,5
14052,38,Female,Business,7.34,17,5.03,8,2,2,98,92,7
14053,20,Female,Engineer,6.12,116,6.3,6,1,0,72,149,3
14054,44,Female,Business,3.35,90,7.53,3,2,2,99,256,9
14055,30,Female,Designer,2.37,108,7.63,4,5,1,68,234,3
14056,28,Female,Doctor,5.66,35,4.21,9,2,3,84,139,6
14057,35,Female,Business,8.03,109,8.15,4,3,1,69,235,4
14058,27,Female,Teacher,2.42,10,5.93,4,5,3,95,140,2
14059,24,Female,Student,3.39,112,6.23,4,6,0,114,246,3
14060,18,Female,Doctor,4.97,78,8.01,7,3,1,118,139,5
14061,24,Female,Engineer,3.66,65,7.9,2,9,1,65,261,9
14062,42,Female,Business,8.22,48,4.85,6,4,4,18,34,5
14063,39,Male,Student,7.78,83,6.67,9,5,2,99,23,9
14064,23,Male,Engineer,1.84,56,7.07,6,2,2,57,57,5
14065,55,Male,Student,7.44,83,4.89,8,3,2,103,52,2
14066,32,Male,Student,3.55,111,7.99,4,7,1,58,295,3
14067,27,Female,Doctor,1.44,98,4.05,7,3,1,78,90,1
14068,32,Female,Designer,7.7,94,6.43,6,9,0,34,150,3
14069,20,Female,Designer,9.4,68,7.76,6,1,4,33,118,9
14070,51,Female,Teacher,6.9,25,4.9,8,4,0,24,90,3
14071,27,Female,Doctor,4.68,27,7.2,3,9,0,63,46,1
14072,24,Male,Teacher,9.04,36,7.99,8,9,3,5,26,8
14073,49,Male,Doctor,8.0,91,8.82,6,8,3,20,67,4
14074,47,Male,Student,3.0,48,6.24,4,6,0,0,124,4
14075,22,Male,Designer,8.98,78,6.93,7,7,1,9,96,3
14076,24,Female,Teacher,2.57,79,5.55,3,3,1,98,237,2
14077,56,Male,Business,6.1,119,6.52,1,6,5,43,31,7
14078,29,Female,Student,3.55,24,6.0,4,4,0,105,274,2
14079,56,Female,Student,4.79,29,6.79,3,2,1,85,201,2
14080,48,Male,Student,8.83,25,8.07,9,5,0,28,212,6
14081,22,Female,Designer,6.5,99,4.97,9,2,4,2,145,3
14082,35,Female,Designer,8.08,38,7.02,6,5,1,71,193,7
14083,41,Female,Teacher,3.39,44,6.56,9,2,5,32,216,6
14084,31,Male,Teacher,1.28,49,5.58,6,6,5,55,223,4
14085,53,Female,Engineer,5.94,113,8.22,2,1,5,78,257,1
14086,27,Female,Teacher,6.36,5,4.08,9,8,3,25,283,2
14087,51,Female,Teacher,6.08,64,4.98,8,1,0,76,182,7
14088,27,Male,Designer,8.14,67,8.52,6,4,0,83,244,5
14089,39,Female,Teacher,8.97,107,4.46,9,3,4,36,186,2
14090,50,Female,Engineer,4.44,47,6.73,3,8,0,105,174,1
14091,59,Female,Doctor,9.9,114,5.25,7,1,2,61,176,7
14092,41,Male,Doctor,1.49,16,7.12,8,4,5,80,198,6
14093,55,Male,Teacher,9.96,62,7.07,7,8,0,65,225,3
14094,35,Female,Designer,5.74,65,8.04,7,5,2,26,182,7
14095,34,Female,Student,6.04,110,8.2,9,8,2,79,224,9
14096,30,Male,Teacher,7.85,75,7.59,5,3,2,76,236,8
14097,25,Female,Designer,9.59,45,5.92,8,2,0,97,130,9
14098,42,Female,Teacher,8.43,78,8.38,2,7,4,67,140,8
14099,33,Male,Teacher,4.41,9,5.92,3,9,2,77,234,4
14100,57,Female,Doctor,1.15,64,4.47,4,7,4,34,73,6
14101,34,Female,Designer,9.13,85,8.56,4,4,2,81,160,7
14102,53,Male,Engineer,7.81,56,4.7,2,8,3,119,272,6
14103,35,Female,Designer,7.01,51,7.88,5,5,2,109,239,9
14104,56,Female,Student,5.66,12,4.14,1,1,4,30,200,7
14105,42,Female,Doctor,6.04,85,4.28,7,6,0,113,162,4
14106,24,Male,Doctor,5.05,94,8.16,4,5,2,37,94,2
14107,34,Male,Designer,8.37,68,8.2,6,9,2,109,152,8
14108,45,Male,Doctor,7.54,67,5.17,2,3,3,69,278,9
14109,59,Male,Engineer,1.12,55,5.46,3,5,1,19,23,7
14110,39,Male,Designer,4.71,34,6.54,5,3,1,70,244,4
14111,31,Female,Engineer,9.43,34,5.3,3,6,2,35,126,6
14112,52,Male,Engineer,8.97,96,7.11,9,5,0,70,273,4
14113,38,Female,Engineer,1.64,25,8.44,6,7,1,42,49,9
14114,27,Female,Business,8.16,103,8.79,2,4,3,83,176,1
14115,43,Female,Designer,7.91,47,6.39,5,9,2,41,236,2
14116,34,Female,Student,3.75,96,4.64,8,9,5,44,291,5
14117,41,Female,Student,5.92,118,5.97,4,2,3,63,180,2
14118,52,Male,Teacher,8.21,94,4.87,1,7,4,99,138,4
14119,30,Female,Designer,8.89,44,5.86,6,3,0,96,126,4
14120,29,Male,Doctor,9.47,38,5.41,3,9,4,46,225,2
14121,57,Female,Engineer,3.51,88,5.01,3,4,3,52,71,5
14122,50,Male,Teacher,4.73,113,5.18,8,2,4,110,241,6
14123,57,Male,Doctor,3.76,92,5.14,5,2,1,64,105,6
14124,59,Male,Business,1.7,108,7.72,7,5,0,112,27,1
14125,45,Male,Business,8.19,114,6.54,7,7,0,91,285,7
14126,29,Female,Designer,4.61,8,5.59,1,7,3,9,88,7
14127,43,Female,Teacher,5.79,86,7.06,4,1,4,68,288,7
14128,42,Female,Engineer,4.75,39,8.39,5,6,5,47,91,6
14129,30,Female,Doctor,1.62,14,5.21,5,8,2,51,265,7
14130,28,Female,Designer,9.08,107,7.11,2,7,3,60,59,6
14131,33,Male,Business,7.35,49,8.47,8,4,2,31,290,5
14132,39,Female,Engineer,3.5,103,4.31,3,5,3,2,35,2
14133,39,Male,Engineer,3.17,43,7.42,9,4,3,77,287,1
14134,23,Female,Business,4.29,19,5.32,4,8,0,64,56,2
14135,35,Male,Business,5.84,65,6.09,6,9,1,59,241,4
14136,41,Female,Student,8.05,95,7.79,2,9,5,71,127,9
14137,20,Male,Business,9.28,32,8.69,7,8,0,42,258,6
14138,34,Female,Designer,3.52,10,4.39,3,2,5,27,49,5
14139,41,Male,Student,4.75,69,4.84,7,9,5,79,93,5
14140,38,Female,Teacher,5.57,33,5.98,4,1,0,119,129,7
14141,36,Female,Doctor,2.8,91,8.3,8,7,4,116,297,1
14142,42,Male,Student,9.56,67,7.78,5,9,4,102,105,9
14143,45,Female,Teacher,1.99,105,6.75,9,1,3,45,187,5
14144,29,Male,Doctor,6.6,45,4.64,9,4,0,26,45,7
14145,51,Female,Doctor,1.94,6,4.1,7,9,2,80,156,1
14146,23,Female,Business,4.96,88,6.74,7,4,3,71,207,1
14147,58,Male,Engineer,7.56,37,7.18,9,4,5,64,220,9
14148,36,Male,Doctor,6.87,85,6.99,9,3,0,50,146,4
14149,55,Female,Engineer,9.98,88,7.34,8,5,5,110,54,8
14150,44,Male,Doctor,9.4,107,6.9,3,7,1,117,169,4
14151,34,Female,Designer,6.75,93,7.12,8,3,0,32,178,9
14152,57,Male,Designer,2.21,11,7.83,9,6,3,45,104,9
14153,19,Male,Engineer,2.84,56,7.51,2,1,1,85,160,9
14154,32,Female,Doctor,1.42,73,8.2,5,4,0,89,232,3
14155,37,Female,Doctor,2.09,73,7.49,3,1,2,95,185,3
14156,32,Female,Business,8.98,33,8.54,1,1,2,110,188,1
14157,42,Male,Doctor,3.55,19,7.46,2,4,5,58,84,3
14158,18,Male,Engineer,7.36,6,7.01,3,7,3,9,96,5
14159,47,Female,Designer,2.71,72,5.4,5,3,4,13,289,9
14160,47,Female,Engineer,7.01,119,6.72,3,9,4,60,82,9
14161,20,Female,Engineer,5.68,105,4.79,5,8,4,5,232,6
14162,51,Male,Student,2.27,59,6.69,1,9,5,119,53,4
14163,53,Male,Engineer,1.45,104,4.93,3,5,5,4,259,8
14164,30,Female,Designer,6.35,104,6.89,9,4,2,66,223,8
14165,40,Male,Engineer,3.21,31,8.6,4,1,3,87,102,2
14166,41,Male,Doctor,6.91,67,7.61,2,1,0,58,154,7
14167,45,Female,Designer,2.82,51,7.49,3,4,0,30,120,6
14168,42,Male,Teacher,8.69,83,6.36,6,9,4,25,191,9
14169,34,Male,Student,7.1,11,6.95,7,4,0,86,275,1
14170,42,Male,Designer,9.07,104,6.19,8,1,1,94,127,7
14171,56,Female,Student,6.58,11,4.31,4,9,2,15,105,7
14172,51,Male,Engineer,4.14,43,5.51,9,1,4,5,164,6
14173,36,Female,Engineer,4.45,52,8.61,8,5,3,23,34,1
14174,43,Female,Business,3.32,73,7.87,8,5,4,28,25,1
14175,27,Male,Doctor,4.54,52,4.53,8,6,5,101,265,8
14176,32,Female,Designer,6.01,10,6.11,4,4,3,18,298,5
14177,20,Male,Teacher,9.1,40,5.61,9,4,2,4,140,5
14178,43,Male,Doctor,7.6,93,6.2,9,5,5,39,203,2
14179,35,Male,Teacher,8.42,109,6.92,2,2,3,114,131,5
14180,23,Male,Teacher,4.63,110,5.23,1,4,0,45,83,1
14181,36,Male,Student,7.46,60,8.07,8,8,5,2,254,6
14182,35,Male,Business,8.92,80,4.74,9,7,1,14,141,5
14183,54,Male,Student,8.19,64,7.33,2,6,0,89,222,4
14184,19,Male,Student,2.25,22,4.96,3,8,3,72,298,6
14185,43,Male,Business,2.19,92,5.63,8,1,0,101,21,2
14186,40,Male,Teacher,4.58,69,6.89,1,9,0,38,189,3
14187,39,Female,Teacher,2.89,33,5.19,7,7,3,67,292,6
14188,24,Female,Engineer,2.74,65,7.32,4,9,5,41,75,2
14189,42,Female,Student,1.75,98,5.5,9,6,0,28,233,1
14190,22,Male,Designer,6.16,91,4.25,9,3,5,65,126,6
14191,56,Male,Designer,7.74,40,4.72,3,6,2,94,124,9
14192,55,Male,Business,6.56,92,8.08,8,8,1,60,139,2
14193,54,Female,Student,1.47,15,8.62,5,5,0,22,86,5
14194,35,Male,Doctor,9.81,93,4.35,9,9,2,18,46,7
14195,53,Female,Student,5.86,101,5.39,3,4,4,118,107,2
14196,50,Male,Business,5.54,40,7.27,1,6,5,101,156,7
14197,19,Male,Business,10.0,12,6.85,4,9,3,101,281,8
14198,32,Female,Teacher,2.38,37,5.24,8,8,0,7,135,8
14199,56,Male,Doctor,2.38,98,5.37,8,5,2,32,280,1
14200,47,Female,Student,7.57,18,8.14,1,4,4,18,230,5
14201,36,Male,Business,1.79,6,7.2,1,2,0,49,219,8
14202,41,Male,Business,7.98,103,8.43,2,5,4,42,173,7
14203,53,Male,Doctor,4.96,31,5.47,4,3,5,7,114,8
14204,18,Male,Doctor,6.68,39,8.33,1,8,5,6,28,4
14205,44,Female,Business,9.58,28,4.13,2,3,5,47,116,7
14206,43,Female,Student,1.99,71,7.18,7,8,5,82,299,2
14207,40,Female,Student,5.51,55,5.32,8,9,5,97,35,1
14208,27,Female,Doctor,2.8,90,7.66,6,4,4,86,169,1
14209,57,Male,Business,1.77,23,5.45,3,8,4,81,226,5
14210,59,Male,Doctor,3.42,20,4.67,3,3,0,82,36,3
14211,48,Female,Teacher,1.11,75,4.83,3,5,1,22,171,6
14212,37,Female,Teacher,3.96,22,4.42,3,7,5,104,229,9
14213,47,Male,Business,4.09,103,6.42,3,7,1,27,20,7
14214,38,Male,Doctor,5.59,77,6.95,4,2,3,36,253,5
14215,40,Female,Teacher,7.26,24,6.26,7,2,5,64,74,9
14216,26,Female,Engineer,3.84,79,7.61,4,9,1,108,158,3
14217,26,Male,Business,6.28,63,8.71,8,9,4,75,54,3
14218,50,Female,Engineer,5.8,107,7.96,5,3,0,66,141,6
14219,42,Male,Teacher,6.5,85,6.28,3,4,2,1,36,8
14220,55,Female,Designer,3.17,44,6.15,5,4,2,31,221,2
14221,18,Female,Student,1.64,35,7.19,5,8,4,8,50,7
14222,51,Female,Business,3.66,89,5.68,3,9,1,62,70,7
14223,43,Female,Business,9.67,10,6.72,3,1,3,115,286,1
14224,18,Female,Student,1.43,119,5.87,7,9,3,58,173,2
14225,19,Male,Doctor,3.26,104,5.55,2,4,1,117,117,6
14226,40,Female,Business,9.28,86,4.39,8,2,4,20,116,4
14227,58,Male,Engineer,3.83,85,6.63,1,3,5,34,199,5
14228,36,Female,Designer,8.79,31,6.03,4,7,4,80,218,9
14229,18,Female,Teacher,2.71,15,5.2,4,4,1,105,149,6
14230,42,Male,Business,5.59,115,8.47,4,5,0,51,94,6
14231,56,Male,Designer,7.92,15,8.68,1,6,2,107,157,6
14232,19,Female,Engineer,8.68,67,6.31,1,1,2,19,264,4
14233,30,Male,Doctor,7.75,46,7.78,3,3,3,28,224,5
14234,34,Male,Student,8.91,104,8.23,7,4,2,86,188,3
14235,23,Male,Student,9.03,115,5.11,5,7,1,106,99,5
14236,43,Female,Business,6.73,99,6.85,3,5,5,23,241,1
14237,34,Female,Doctor,1.33,54,5.43,8,4,5,74,61,5
14238,26,Male,Business,2.73,35,4.23,6,1,4,24,183,6
14239,42,Male,Designer,6.76,105,8.54,8,7,0,54,183,9
14240,31,Female,Business,8.11,8,6.14,5,4,4,107,197,2
14241,20,Male,Engineer,5.69,98,5.26,3,4,2,67,235,8
14242,28,Female,Designer,5.48,80,4.77,6,1,5,87,81,8
14243,39,Female,Engineer,2.38,114,5.55,7,3,2,105,107,1
14244,43,Female,Doctor,1.37,54,8.42,5,5,3,16,58,7
14245,31,Male,Doctor,1.87,64,7.19,1,7,1,100,20,8
14246,23,Female,Engineer,9.52,62,5.61,9,5,4,62,192,2
14247,54,Male,Business,1.29,78,6.37,3,5,5,96,261,4
14248,56,Female,Engineer,8.03,105,5.55,5,6,4,72,112,9
14249,45,Male,Doctor,9.92,79,8.01,6,3,2,10,144,6
14250,55,Male,Designer,7.76,117,8.02,9,1,1,91,231,6
14251,21,Male,Teacher,8.06,29,5.89,7,6,0,49,67,4
14252,34,Female,Teacher,2.1,65,4.31,6,2,1,99,129,1
14253,46,Female,Student,4.11,42,5.73,2,1,1,108,218,2
14254,26,Male,Business,8.42,37,5.33,2,1,3,44,94,8
14255,21,Female,Teacher,7.01,39,6.72,4,7,1,7,80,5
14256,38,Male,Designer,9.45,9,5.68,8,7,3,54,131,4
14257,31,Male,Designer,2.06,52,7.92,8,3,4,85,275,8
14258,50,Female,Teacher,9.92,73,8.63,4,1,0,44,56,1
14259,49,Female,Engineer,2.39,108,4.86,8,2,0,93,176,3
14260,49,Male,Engineer,4.06,76,8.46,6,3,1,47,285,1
14261,52,Male,Business,2.88,62,4.49,4,6,0,36,275,8
14262,25,Male,Teacher,2.32,75,8.36,9,6,4,17,211,8
14263,55,Female,Business,5.95,30,6.8,9,7,0,23,102,6
14264,37,Female,Engineer,5.47,102,4.34,6,3,5,0,43,2
14265,23,Male,Engineer,6.68,30,6.52,1,9,1,67,204,8
14266,51,Female,Engineer,2.14,9,5.18,6,7,5,8,34,4
14267,18,Female,Student,3.18,97,6.9,4,8,5,113,209,8
14268,48,Male,Designer,6.22,54,6.78,2,4,3,94,279,7
14269,43,Male,Business,7.51,71,5.37,2,9,4,102,154,2
14270,32,Female,Doctor,4.31,23,6.0,3,1,4,90,112,5
14271,28,Male,Teacher,5.11,109,5.92,2,3,2,88,141,7
14272,58,Male,Designer,6.59,5,6.48,6,4,5,103,74,3
14273,31,Male,Engineer,5.72,104,4.31,8,1,5,118,43,5
14274,18,Female,Designer,2.2,5,4.81,6,7,5,47,143,9
14275,42,Female,Doctor,6.45,68,5.6,3,3,5,110,275,8
14276,41,Male,Business,8.73,104,5.1,2,2,5,10,240,5
14277,51,Male,Business,9.97,8,7.17,7,5,5,76,290,5
14278,27,Male,Student,7.76,22,7.05,9,9,2,98,68,8
14279,41,Female,Engineer,4.49,34,6.4,8,8,1,92,71,1
14280,40,Female,Designer,8.86,35,6.49,5,6,0,93,256,7
14281,48,Female,Student,2.88,88,8.19,1,3,0,17,90,9
14282,27,Female,Designer,1.4,7,8.51,5,4,3,116,189,4
14283,52,Female,Teacher,9.08,92,6.67,4,3,1,59,82,8
14284,56,Female,Designer,1.05,60,8.99,2,1,3,90,253,2
14285,27,Male,Designer,3.24,62,4.67,8,4,1,45,162,1
14286,52,Male,Engineer,7.31,11,7.39,5,2,3,113,209,8
14287,43,Male,Student,8.68,60,5.09,3,7,4,7,180,8
14288,20,Female,Doctor,3.41,51,5.99,3,6,5,61,213,7
14289,18,Female,Engineer,6.73,110,7.09,2,1,5,14,58,4
14290,23,Male,Doctor,5.99,11,7.36,2,7,1,87,108,6
14291,28,Male,Business,6.95,103,7.57,5,4,3,9,248,9
14292,46,Male,Doctor,4.45,71,5.56,8,9,5,52,298,4
14293,40,Female,Doctor,4.45,19,5.84,1,1,5,32,140,2
14294,29,Male,Student,7.15,35,4.41,2,2,2,6,40,3
14295,48,Female,Student,8.58,25,8.72,8,5,5,41,151,7
14296,53,Male,Teacher,4.88,58,4.11,7,4,1,40,203,2
14297,38,Female,Designer,7.7,115,4.78,9,5,1,97,265,2
14298,40,Male,Engineer,5.1,14,8.79,8,4,3,115,198,6
14299,52,Female,Teacher,9.23,90,8.16,7,5,4,31,106,1
14300,35,Female,Doctor,3.72,96,6.98,7,7,3,88,97,4
14301,47,Male,Teacher,8.36,51,4.62,5,5,2,19,110,5
14302,46,Female,Engineer,7.78,87,6.78,3,2,4,19,173,7
14303,30,Male,Teacher,2.02,64,8.9,2,6,5,91,36,3
14304,56,Female,Student,8.66,58,6.7,5,9,3,74,161,8
14305,24,Male,Business,5.03,24,8.73,4,6,1,41,50,8
14306,28,Female,Engineer,7.19,87,8.77,8,2,3,41,65,5
14307,21,Female,Student,4.91,82,8.49,7,8,5,63,90,8
14308,25,Female,Designer,9.76,52,4.18,3,2,3,109,100,8
14309,24,Male,Designer,6.04,113,8.17,6,8,0,38,255,2
14310,36,Male,Teacher,1.46,113,4.24,5,7,1,15,147,8
14311,38,Male,Designer,3.0,71,6.25,2,4,3,57,184,2
14312,59,Male,Doctor,8.56,73,8.05,9,7,5,7,260,1
14313,26,Female,Doctor,7.71,102,4.03,2,4,5,7,273,9
14314,47,Female,Student,6.34,111,6.83,9,8,3,93,53,3
14315,23,Male,Designer,8.7,11,4.72,7,1,4,37,216,5
14316,26,Male,Doctor,8.07,105,4.23,5,5,4,91,118,4
14317,42,Male,Doctor,4.8,105,8.89,8,6,4,114,268,8
14318,23,Male,Engineer,4.94,109,6.72,4,5,1,49,152,6
14319,33,Female,Business,8.25,37,6.97,5,3,2,36,30,7
14320,33,Female,Teacher,9.39,78,9.0,1,8,4,15,162,6
14321,40,Male,Engineer,6.4,115,6.49,5,5,0,109,250,2
14322,50,Female,Student,5.0,39,6.87,3,2,4,111,83,4
14323,34,Male,Teacher,8.18,81,8.73,5,8,3,2,198,3
14324,38,Male,Business,6.38,34,8.91,3,9,0,86,208,3
14325,49,Male,Engineer,6.02,96,7.41,5,1,1,3,189,6
14326,35,Female,Student,2.73,6,8.06,1,9,1,114,34,4
14327,20,Female,Student,1.06,101,4.75,2,9,4,119,113,2
14328,51,Female,Student,9.04,6,6.83,7,9,2,48,206,8
14329,34,Female,Business,6.65,96,4.41,2,4,0,65,53,7
14330,29,Male,Student,9.67,74,4.26,4,9,5,64,123,6
14331,47,Male,Designer,2.6,31,7.38,8,3,5,101,248,6
14332,21,Female,Student,3.18,64,8.42,2,4,0,54,115,7
14333,39,Male,Designer,7.83,39,7.27,1,5,3,78,147,6
14334,18,Female,Engineer,3.45,23,4.31,9,9,3,21,96,8
14335,57,Female,Doctor,6.92,100,6.55,2,8,5,110,238,9
14336,19,Male,Teacher,5.03,31,8.3,9,9,1,43,261,5
14337,28,Female,Doctor,2.58,20,6.22,2,9,2,72,199,4
14338,53,Female,Teacher,1.91,62,6.58,5,9,1,89,233,8
14339,32,Female,Business,2.99,94,4.25,4,3,5,19,280,2
14340,59,Male,Student,7.2,64,5.08,4,1,1,79,191,5
14341,21,Male,Engineer,9.31,41,5.56,8,8,4,115,273,8
14342,41,Male,Student,8.58,79,6.36,8,4,3,65,165,5
14343,57,Female,Teacher,7.86,46,5.35,5,2,5,100,197,8
14344,34,Female,Teacher,7.73,50,4.01,3,3,1,48,156,4
14345,30,Male,Designer,8.24,115,6.47,1,4,1,0,149,4
14346,49,Female,Teacher,1.12,84,6.55,7,4,0,110,264,3
14347,33,Female,Student,7.36,20,5.62,6,4,0,35,231,5
14348,58,Female,Engineer,1.3,67,8.78,4,2,3,72,124,9
14349,33,Male,Teacher,8.5,36,8.88,5,9,2,39,280,6
14350,48,Female,Doctor,9.5,9,7.98,4,8,2,7,151,6
14351,28,Female,Teacher,6.9,19,8.47,2,5,3,15,280,8
14352,30,Male,Student,3.39,57,7.22,1,7,3,24,22,5
14353,19,Male,Teacher,7.57,33,6.94,5,5,5,35,133,7
14354,28,Female,Student,9.6,82,8.27,8,9,1,66,84,1
14355,28,Female,Business,6.47,8,8.83,7,1,3,2,109,6
14356,53,Male,Doctor,1.72,104,4.89,4,3,4,24,29,4
14357,33,Female,Doctor,1.29,114,7.25,9,8,1,119,256,9
14358,54,Female,Teacher,2.84,28,8.44,8,6,1,45,287,9
14359,48,Male,Teacher,1.52,81,6.14,3,1,3,37,282,2
14360,35,Female,Designer,4.36,93,8.14,3,3,2,39,138,1
14361,30,Female,Student,7.94,5,7.03,9,8,4,40,130,5
14362,34,Female,Doctor,5.07,61,4.49,1,4,0,4,93,6
14363,19,Female,Business,4.37,11,7.67,3,1,1,107,292,4
14364,40,Male,Student,4.38,67,4.99,3,8,4,27,97,8
14365,38,Female,Teacher,6.06,58,8.72,3,7,1,32,156,6
14366,41,Male,Business,8.61,73,4.08,6,5,3,54,171,1
14367,48,Female,Designer,7.52,34,8.94,1,8,5,97,97,2
14368,33,Female,Student,8.78,22,8.69,4,4,1,47,33,7
14369,47,Male,Doctor,1.22,80,8.64,4,6,5,56,170,7
14370,29,Male,Engineer,4.31,70,5.98,5,6,0,77,241,9
14371,50,Female,Engineer,6.54,118,5.45,8,6,5,55,125,6
14372,26,Female,Business,8.99,86,4.7,9,2,1,10,266,2
14373,43,Male,Engineer,6.18,26,5.34,5,7,4,49,119,6
14374,27,Male,Engineer,2.18,103,6.38,4,4,0,93,249,6
14375,34,Male,Engineer,2.98,88,8.59,2,7,0,86,113,1
14376,19,Female,Doctor,6.92,112,4.76,4,8,0,60,34,4
14377,50,Male,Designer,3.39,28,7.15,9,7,1,44,252,4
14378,40,Female,Teacher,3.35,71,6.2,9,7,4,65,46,8
14379,56,Male,Teacher,6.53,12,7.42,9,8,5,7,102,5
14380,53,Female,Engineer,7.14,108,5.61,4,3,4,19,201,5
14381,52,Female,Engineer,3.88,92,4.12,8,5,4,56,98,1
14382,57,Male,Designer,9.88,117,7.46,5,3,1,14,29,4
14383,35,Male,Engineer,4.3,94,8.6,8,4,5,2,293,9
14384,40,Female,Student,5.77,18,4.17,6,8,0,15,101,6
14385,32,Male,Business,4.05,92,4.11,9,9,1,8,127,7
14386,22,Male,Business,4.23,68,8.44,2,6,5,20,262,9
14387,45,Female,Doctor,4.3,99,4.62,1,5,4,19,299,8
14388,37,Female,Teacher,7.83,54,8.8,5,5,5,61,175,8
14389,45,Male,Business,6.43,77,7.24,6,3,3,54,186,5
14390,29,Male,Engineer,2.56,74,8.16,9,9,5,2,284,1
14391,18,Female,Business,2.02,92,5.49,1,6,3,47,179,6
14392,57,Male,Designer,6.96,44,6.86,7,3,3,0,97,4
14393,24,Male,Designer,9.1,5,7.31,9,6,1,98,71,7
14394,47,Male,Business,2.95,81,8.76,3,8,4,32,216,3
14395,56,Female,Student,3.38,50,8.61,2,1,3,41,241,3
14396,43,Male,Designer,3.12,68,7.24,9,4,0,94,133,1
14397,33,Male,Designer,5.49,76,5.34,9,9,5,104,227,1
14398,52,Male,Student,4.42,15,5.68,8,5,4,90,248,8
14399,25,Male,Engineer,9.7,56,6.68,5,7,0,54,26,3
14400,34,Female,Doctor,6.38,99,5.54,1,4,5,21,211,2
14401,56,Female,Business,7.85,93,4.76,9,2,5,14,130,1
14402,33,Male,Engineer,8.92,9,4.24,6,3,5,103,101,8
14403,43,Female,Student,6.88,43,4.78,3,3,3,100,205,8
14404,59,Male,Doctor,5.24,84,4.41,2,1,3,99,61,6
14405,22,Male,Doctor,9.56,43,5.87,5,8,4,80,20,4
14406,33,Male,Designer,8.85,103,8.18,2,6,5,57,229,8
14407,56,Female,Doctor,3.3,37,6.76,9,9,0,113,117,4
14408,52,Male,Engineer,5.77,112,4.78,8,5,2,14,74,3
14409,25,Male,Teacher,6.35,34,8.51,9,3,0,66,203,8
14410,59,Female,Teacher,4.97,24,8.62,7,2,1,115,243,5
14411,52,Female,Teacher,9.37,58,4.38,1,8,1,18,39,7
14412,36,Female,Designer,5.5,62,7.03,2,2,4,78,111,7
14413,38,Female,Engineer,7.69,18,5.79,6,8,1,17,155,8
14414,58,Male,Student,5.1,103,5.33,3,6,4,105,290,3
14415,47,Male,Doctor,2.1,106,7.31,2,1,2,84,261,2
14416,21,Male,Doctor,8.94,78,8.03,8,4,2,89,249,4
14417,39,Female,Student,4.42,77,6.07,9,9,0,88,141,1
14418,25,Female,Teacher,8.6,34,7.87,7,8,2,27,36,2
14419,36,Male,Designer,6.92,115,4.48,2,4,0,102,75,8
14420,58,Male,Engineer,6.53,72,4.11,6,8,3,113,114,7
14421,54,Female,Doctor,4.75,99,8.21,8,6,2,23,149,9
14422,43,Male,Student,4.07,98,6.4,9,3,3,11,145,6
14423,55,Female,Designer,4.73,54,7.85,5,3,5,102,136,2
14424,33,Male,Doctor,5.58,69,8.43,6,9,4,104,144,5
14425,25,Female,Doctor,2.26,37,7.07,9,1,3,109,163,9
14426,47,Male,Teacher,3.3,59,7.79,6,1,0,61,85,2
14427,40,Female,Business,2.43,95,7.03,9,9,0,34,272,1
14428,49,Female,Student,1.31,119,7.13,4,7,1,46,235,8
14429,58,Male,Doctor,3.36,61,6.08,7,8,3,49,297,9
14430,50,Female,Teacher,3.26,92,6.41,8,1,3,65,244,1
14431,25,Female,Doctor,6.58,106,8.14,1,5,4,61,207,2
14432,58,Male,Designer,5.2,60,7.9,5,6,2,104,184,6
14433,52,Female,Designer,9.01,5,7.27,3,4,2,14,121,5
14434,44,Female,Student,8.67,29,8.64,4,4,2,57,104,5
14435,58,Male,Student,5.24,24,7.45,5,2,3,94,188,1
14436,43,Female,Business,5.12,22,5.46,8,4,4,22,23,9
14437,46,Male,Student,9.46,26,6.55,3,5,3,52,277,7
14438,55,Male,Engineer,3.59,110,4.18,9,8,2,61,39,2
14439,41,Male,Doctor,7.84,72,7.6,3,7,0,103,199,7
14440,51,Male,Teacher,4.78,118,7.81,2,4,4,49,103,2
14441,45,Male,Engineer,6.93,13,4.84,7,4,0,62,50,2
14442,22,Male,Teacher,3.43,99,4.03,3,9,3,55,206,4
14443,49,Male,Teacher,1.15,37,8.46,3,7,3,83,64,3
14444,53,Male,Student,5.73,32,7.73,7,6,0,88,124,6
14445,45,Female,Designer,3.98,75,6.37,2,8,5,10,250,9
14446,32,Male,Doctor,2.74,87,5.26,6,9,4,44,180,6
14447,46,Female,Designer,4.75,46,8.57,8,1,0,57,216,2
14448,58,Female,Student,3.53,62,4.41,4,6,5,56,295,3
14449,45,Female,Designer,7.01,71,7.6,8,7,2,88,167,5
14450,34,Female,Doctor,2.36,59,4.51,2,3,5,84,203,7
14451,39,Male,Doctor,1.27,114,6.2,4,4,5,26,23,5
14452,29,Male,Doctor,1.27,106,5.31,5,6,4,56,188,7
14453,37,Male,Business,3.05,19,4.6,8,7,5,21,221,5
14454,32,Male,Student,5.1,116,4.68,4,7,4,13,101,7
14455,33,Female,Designer,7.35,101,5.79,7,3,3,100,27,8
14456,49,Female,Designer,5.62,30,5.26,5,2,0,108,45,9
14457,57,Male,Business,1.32,103,8.56,6,6,1,84,57,4
14458,42,Female,Student,1.05,84,8.46,3,5,0,113,181,3
14459,43,Female,Teacher,2.14,31,5.93,8,8,2,56,242,3
14460,44,Female,Doctor,6.78,43,4.59,7,1,1,52,266,9
14461,33,Female,Teacher,4.51,102,5.81,8,4,3,102,62,4
14462,29,Male,Business,6.43,18,8.58,4,7,4,21,243,2
14463,39,Female,Designer,2.52,117,5.49,3,9,5,40,116,8
14464,26,Male,Teacher,3.15,61,4.99,4,5,3,7,223,9
14465,54,Male,Teacher,5.3,62,7.86,7,6,2,64,55,6
14466,37,Female,Teacher,2.87,50,6.38,7,5,2,10,93,7
14467,49,Female,Engineer,2.82,111,7.76,3,6,4,103,274,4
14468,41,Female,Business,4.18,48,6.65,6,9,3,80,112,3
14469,38,Female,Engineer,7.28,53,7.76,1,8,4,47,75,3
14470,41,Female,Designer,6.83,78,6.09,3,4,0,70,121,6
14471,29,Male,Student,3.94,74,7.18,6,7,5,50,261,9
14472,40,Female,Business,8.18,41,6.99,8,2,2,77,175,4
14473,33,Male,Student,3.14,27,6.14,1,3,1,99,34,6
14474,24,Male,Doctor,3.49,116,4.2,4,9,1,35,259,2
14475,46,Male,Designer,4.11,67,5.76,3,9,5,103,290,7
14476,49,Female,Engineer,8.17,41,5.9,4,6,5,74,250,9
14477,18,Female,Business,9.91,42,6.1,2,7,0,90,176,3
14478,23,Female,Doctor,3.82,85,7.47,9,1,2,42,285,1
14479,54,Male,Designer,4.08,49,5.79,9,3,4,10,273,4
14480,43,Female,Teacher,9.01,79,6.42,9,2,2,60,136,1
14481,47,Female,Engineer,6.34,14,7.9,9,9,0,61,235,3
14482,44,Female,Teacher,1.99,17,6.1,6,7,1,49,175,5
14483,23,Female,Student,5.62,11,8.33,9,8,2,67,244,4
14484,56,Female,Student,6.99,95,8.21,9,5,4,25,279,3
14485,19,Male,Doctor,4.54,68,5.98,8,2,0,22,265,3
14486,55,Male,Doctor,1.72,58,7.43,7,4,4,20,267,4
14487,55,Female,Designer,8.65,11,7.77,5,5,5,81,164,4
14488,24,Male,Business,1.71,33,7.85,1,3,1,33,39,9
14489,31,Female,Designer,5.73,24,8.88,8,4,3,81,95,3
14490,41,Male,Doctor,6.25,115,5.05,3,7,1,67,67,9
14491,44,Male,Teacher,4.61,115,8.17,6,2,4,27,162,6
14492,49,Female,Engineer,9.29,6,6.79,5,3,0,92,170,8
14493,32,Male,Designer,6.34,50,7.62,6,5,0,10,271,7
14494,35,Male,Student,1.1,69,8.8,2,5,1,70,164,3
14495,52,Female,Designer,1.44,63,8.37,2,9,3,19,165,4
14496,19,Male,Teacher,6.22,107,8.4,3,9,3,2,257,2
14497,26,Male,Doctor,2.95,116,7.22,3,3,4,101,82,5
14498,26,Female,Designer,3.34,99,4.94,7,8,4,98,136,6
14499,26,Male,Teacher,7.37,115,5.97,3,6,2,17,278,7
14500,52,Male,Business,4.31,53,5.3,7,4,0,46,206,8
14501,38,Male,Designer,6.73,115,7.38,5,7,4,12,80,1
14502,33,Female,Teacher,7.93,101,8.15,4,1,1,11,68,8
14503,48,Female,Doctor,4.53,9,6.35,6,9,4,88,45,7
14504,49,Female,Teacher,9.65,8,7.86,9,8,1,30,32,4
14505,50,Male,Designer,8.8,102,5.17,1,1,2,27,81,7
14506,34,Male,Engineer,7.9,81,7.4,5,8,4,82,254,8
14507,32,Male,Engineer,8.44,26,8.46,1,5,1,24,250,9
14508,26,Female,Engineer,1.57,91,4.69,7,4,0,75,150,7
14509,32,Female,Engineer,2.01,39,4.99,4,2,2,68,212,1
14510,49,Female,Business,8.83,106,7.59,2,1,5,23,158,9
14511,51,Female,Designer,5.89,28,7.84,1,2,1,47,187,2
14512,20,Male,Teacher,9.71,106,7.34,8,2,0,75,266,5
14513,56,Female,Teacher,3.74,34,8.3,6,4,3,21,217,8
14514,41,Female,Doctor,1.4,41,6.7,3,5,3,67,45,6
14515,42,Female,Business,8.23,49,7.79,4,2,5,80,138,2
14516,50,Female,Designer,7.45,21,4.73,9,3,0,54,192,9
14517,25,Male,Engineer,6.08,57,5.21,3,5,3,41,127,7
14518,42,Female,Engineer,2.37,69,8.37,7,3,5,37,210,9
14519,47,Female,Engineer,8.02,71,7.17,4,2,4,74,279,5
14520,19,Male,Business,3.92,118,8.14,3,8,1,65,139,8
14521,51,Male,Student,2.16,20,5.09,4,3,5,27,184,6
14522,22,Male,Doctor,8.18,56,7.38,6,8,0,40,21,8
14523,26,Female,Teacher,9.92,99,8.44,3,3,5,26,209,4
14524,39,Male,Teacher,9.64,33,7.16,2,1,3,33,24,4
14525,21,Male,Teacher,6.79,77,7.98,4,3,4,105,46,4
14526,33,Female,Engineer,5.3,72,7.14,8,9,3,17,195,3
14527,57,Male,Teacher,8.33,65,8.04,2,4,0,53,219,1
14528,29,Male,Business,5.06,6,5.24,5,5,5,65,279,3
14529,19,Male,Teacher,4.6,69,7.17,8,6,5,118,265,7
14530,25,Male,Business,8.01,88,4.24,7,3,0,83,116,1
14531,51,Male,Student,1.96,95,7.72,2,5,4,91,231,9
14532,21,Female,Designer,6.56,74,6.28,6,9,0,113,243,2
14533,18,Male,Doctor,9.51,11,4.92,9,4,3,95,282,5
14534,30,Male,Designer,7.44,73,6.7,4,1,1,72,223,3
14535,29,Male,Teacher,7.07,59,8.28,5,8,0,110,91,4
14536,27,Male,Student,9.56,116,5.55,4,7,5,17,34,8
14537,43,Male,Doctor,6.58,47,8.03,6,3,3,44,120,1
14538,36,Female,Designer,1.15,33,8.37,4,3,1,82,22,7
14539,50,Male,Doctor,8.48,101,5.36,2,4,3,7,184,3
14540,26,Female,Doctor,7.48,109,6.53,9,1,1,119,240,7
14541,23,Male,Engineer,7.35,98,5.21,3,5,0,93,108,8
14542,23,Female,Business,9.19,81,4.9,1,2,5,41,152,8
14543,41,Male,Doctor,2.6,36,6.13,2,4,3,84,282,8
14544,33,Female,Designer,3.35,75,6.48,4,6,3,96,65,3
14545,29,Female,Teacher,5.53,113,6.4,2,8,5,39,96,3
14546,52,Female,Teacher,5.5,80,7.43,7,7,5,12,259,7
14547,36,Female,Engineer,1.04,113,7.99,1,5,4,104,39,6
14548,58,Female,Engineer,1.11,118,6.75,8,9,5,7,24,6
14549,19,Female,Engineer,9.6,36,7.63,3,2,0,2,119,1
14550,19,Female,Engineer,4.69,65,8.97,5,4,0,104,288,5
14551,26,Male,Business,2.29,118,4.35,1,7,4,43,202,7
14552,34,Female,Student,2.08,45,5.61,6,3,1,68,203,2
14553,31,Male,Doctor,2.91,42,8.99,3,8,1,85,203,8
14554,52,Male,Teacher,2.59,18,4.64,1,3,4,94,95,6
14555,33,Female,Student,6.29,59,4.19,7,9,1,43,216,4
14556,57,Female,Doctor,4.77,31,8.44,3,1,2,92,98,1
14557,52,Male,Designer,3.21,109,8.96,9,3,4,63,106,3
14558,59,Male,Designer,2.15,105,7.24,6,3,3,11,40,6
14559,56,Male,Doctor,7.08,28,4.75,2,2,1,49,157,9
14560,59,Male,Engineer,9.84,36,7.09,4,5,5,44,87,7
14561,23,Female,Doctor,5.83,61,6.64,9,1,3,56,231,6
14562,26,Female,Business,5.96,13,6.61,2,4,0,104,250,5
14563,40,Female,Student,5.19,18,7.35,2,9,5,100,53,5
14564,31,Male,Engineer,7.12,97,8.91,3,8,1,88,242,7
14565,58,Male,Engineer,6.13,95,4.76,1,6,1,73,23,9
14566,49,Male,Business,2.57,25,6.0,9,5,3,16,80,1
14567,38,Male,Business,4.07,45,6.46,3,5,1,4,150,5
14568,21,Female,Teacher,3.85,25,5.82,2,8,3,105,133,9
14569,44,Male,Engineer,6.2,114,8.88,3,6,4,36,84,7
14570,50,Female,Designer,4.53,32,7.18,8,2,3,15,40,8
14571,59,Female,Teacher,6.48,51,6.11,8,5,2,44,47,6
14572,57,Male,Engineer,2.36,101,6.43,2,9,1,113,90,5
14573,28,Male,Doctor,6.72,44,7.17,3,7,2,109,89,6
14574,45,Female,Engineer,6.62,27,8.98,9,2,4,47,238,8
14575,54,Female,Student,7.94,17,8.3,4,2,4,2,151,5
14576,46,Female,Doctor,1.93,34,8.82,8,9,5,21,20,7
14577,37,Male,Engineer,4.69,78,7.87,1,3,1,114,92,6
14578,31,Female,Engineer,9.81,102,7.36,2,8,4,71,231,1
14579,21,Female,Designer,6.77,35,6.7,1,3,0,91,107,7
14580,20,Female,Engineer,6.22,73,6.47,5,2,2,59,176,8
14581,37,Female,Engineer,9.11,33,8.35,8,1,5,111,292,4
14582,39,Female,Business,8.29,90,6.4,8,6,1,59,228,4
14583,30,Male,Doctor,5.11,13,5.39,5,6,4,94,144,4
14584,49,Male,Designer,5.15,39,8.46,3,2,2,50,103,8
14585,59,Male,Student,8.16,111,7.82,8,7,1,55,31,7
14586,21,Female,Doctor,8.07,40,7.14,4,6,0,83,141,3
14587,31,Male,Designer,5.68,107,6.75,9,6,4,17,117,3
14588,37,Female,Teacher,9.03,14,8.62,3,7,2,1,247,8
14589,43,Male,Teacher,5.08,67,4.9,5,9,2,8,128,4
14590,33,Male,Engineer,4.69,31,7.25,7,7,1,19,62,8
14591,21,Male,Designer,7.74,13,5.62,9,9,0,17,104,1
14592,27,Female,Student,6.38,17,5.53,2,2,2,29,92,6
14593,32,Female,Business,7.39,26,7.83,5,8,2,30,73,6
14594,37,Male,Doctor,9.75,50,5.58,2,3,3,92,146,1
14595,26,Female,Engineer,3.33,29,8.45,6,7,0,23,256,3
14596,57,Male,Student,1.98,78,5.61,5,3,1,93,112,9
14597,29,Female,Student,6.57,47,8.85,7,9,1,116,23,7
14598,56,Female,Designer,2.93,119,8.32,5,6,4,81,200,3
14599,55,Male,Engineer,3.47,36,5.75,3,5,0,38,271,6
14600,20,Female,Business,9.21,16,4.31,1,3,5,91,272,9
14601,25,Female,Designer,9.73,91,4.55,6,5,4,27,202,7
14602,20,Female,Business,6.46,81,4.71,2,6,1,23,262,1
14603,59,Female,Engineer,4.25,113,4.57,3,5,5,50,104,9
14604,38,Female,Designer,6.53,8,8.49,5,3,1,55,189,3
14605,32,Male,Engineer,3.94,92,5.58,9,7,1,17,104,8
14606,27,Male,Designer,7.19,42,4.94,5,6,3,54,245,4
14607,58,Female,Student,4.39,75,8.14,2,8,2,116,52,3
14608,18,Male,Engineer,9.12,113,5.18,7,3,4,32,220,2
14609,53,Female,Business,1.81,7,4.47,6,3,4,21,173,5
14610,46,Male,Engineer,9.79,55,7.18,2,6,4,78,101,5
14611,57,Male,Student,8.87,101,8.44,7,5,0,0,197,5
14612,26,Female,Doctor,4.36,115,5.16,8,7,4,100,295,5
14613,35,Female,Teacher,7.05,85,5.78,5,1,3,8,161,3
14614,43,Male,Designer,7.67,108,5.07,7,5,2,117,167,2
14615,54,Male,Teacher,5.74,11,6.16,3,4,4,119,94,8
14616,40,Male,Business,6.94,34,7.43,4,7,0,65,129,2
14617,35,Female,Student,2.0,14,5.51,5,4,0,116,153,7
14618,41,Male,Designer,6.86,52,4.6,1,8,0,28,208,5
14619,44,Male,Engineer,6.95,75,8.38,4,2,3,95,50,6
14620,18,Male,Business,7.13,82,8.88,9,9,3,34,21,2
14621,59,Female,Teacher,4.75,45,5.4,3,3,4,1,87,1
14622,54,Male,Designer,7.33,30,6.82,2,6,2,6,29,3
14623,28,Male,Student,7.73,46,4.0,2,2,1,22,271,8
14624,31,Male,Engineer,3.82,65,5.22,5,8,4,48,295,5
14625,35,Female,Teacher,3.87,7,5.27,2,7,3,5,294,1
14626,35,Female,Designer,3.01,94,7.38,9,4,2,50,96,1
14627,58,Male,Student,8.06,98,8.96,7,1,5,111,151,4
14628,33,Male,Business,2.65,45,4.53,6,9,1,18,81,6
14629,28,Male,Business,9.04,67,7.48,3,2,1,5,195,3
14630,21,Male,Teacher,7.59,41,8.35,3,2,4,106,148,6
14631,32,Female,Doctor,2.18,80,8.02,2,8,2,50,51,6
14632,53,Male,Engineer,8.16,86,8.35,3,2,5,80,36,8
14633,30,Female,Engineer,3.04,65,4.19,8,1,3,60,254,8
14634,59,Male,Designer,1.79,23,8.87,7,3,3,26,296,3
14635,59,Male,Business,4.96,55,7.47,1,5,4,62,106,9
14636,51,Male,Engineer,4.75,64,8.08,1,8,0,113,41,7
14637,46,Male,Business,9.02,7,4.86,4,6,3,9,43,1
14638,26,Female,Doctor,5.5,22,5.38,5,7,5,63,84,5
14639,29,Male,Engineer,9.55,59,6.08,4,1,0,118,211,6
14640,46,Male,Engineer,1.07,53,6.78,7,1,4,71,85,5
14641,47,Male,Engineer,7.96,76,4.77,6,6,3,18,158,5
14642,52,Male,Student,5.07,29,5.33,8,6,5,30,257,7
14643,34,Male,Designer,2.02,39,6.08,9,9,0,0,98,7
14644,53,Male,Teacher,6.89,64,8.88,6,7,3,49,90,4
14645,49,Male,Teacher,2.6,20,8.32,4,1,4,15,234,1
14646,59,Male,Engineer,7.11,63,5.75,8,1,3,39,231,9
14647,26,Male,Business,1.25,71,5.05,1,8,2,37,126,2
14648,49,Female,Student,1.77,14,7.35,9,7,0,105,256,2
14649,59,Female,Teacher,5.96,35,6.41,7,6,5,46,264,4
14650,20,Female,Teacher,7.91,114,7.76,3,7,3,27,216,5
14651,27,Male,Student,1.21,71,5.23,3,3,2,16,226,5
14652,25,Male,Teacher,3.26,103,8.15,9,4,1,10,189,8
14653,54,Female,Designer,7.61,32,7.06,4,7,2,44,92,3
14654,21,Female,Designer,8.42,108,7.54,1,6,0,95,90,5
14655,52,Male,Engineer,1.81,97,4.2,9,9,2,102,288,6
14656,37,Male,Business,3.64,42,7.54,8,6,5,27,285,1
14657,31,Female,Teacher,4.11,70,7.3,5,5,1,96,134,5
14658,18,Female,Student,5.49,73,6.29,3,8,0,109,115,8
14659,54,Female,Business,4.1,32,4.18,6,9,3,99,185,1
14660,30,Female,Teacher,5.29,63,6.25,4,2,4,27,21,4
14661,44,Female,Business,1.28,87,5.7,8,1,5,118,170,1
14662,53,Male,Business,6.47,108,8.31,8,7,0,69,279,3
14663,57,Female,Doctor,3.83,69,5.28,6,9,5,61,153,4
14664,25,Male,Student,1.05,100,6.25,5,3,3,77,53,7
14665,49,Male,Business,7.61,93,8.98,9,9,1,44,175,7
14666,50,Female,Teacher,5.38,91,4.83,6,6,1,109,122,3
14667,26,Male,Student,8.51,44,5.5,4,7,3,34,209,4
14668,28,Male,Engineer,8.21,117,5.21,6,8,4,19,186,3
14669,52,Male,Teacher,8.67,47,5.88,3,4,3,67,216,1
14670,49,Female,Business,9.32,92,7.54,7,4,5,67,252,8
14671,49,Female,Designer,5.78,67,8.1,1,6,4,91,86,7
14672,55,Female,Doctor,9.43,28,7.48,7,2,1,3,100,3
14673,28,Female,Student,6.42,30,4.57,3,2,0,69,247,7
14674,33,Female,Doctor,1.43,76,8.99,9,6,1,73,81,7
14675,25,Female,Business,9.06,36,5.73,4,3,1,12,209,6
14676,22,Female,Designer,2.82,7,5.86,2,5,2,105,74,2
14677,59,Female,Engineer,6.93,79,5.77,2,5,1,27,199,6
14678,30,Male,Business,3.34,35,5.23,9,1,2,49,154,4
14679,56,Female,Teacher,1.84,10,6.41,2,6,1,35,282,2
14680,22,Male,Engineer,1.52,95,7.96,1,2,3,58,36,2
14681,38,Male,Student,3.51,26,4.29,7,3,0,101,141,4
14682,45,Male,Engineer,6.5,82,7.57,7,8,1,45,223,2
14683,29,Male,Engineer,1.45,92,4.62,1,6,1,99,78,9
14684,48,Male,Engineer,2.65,50,6.39,2,1,3,62,32,4
14685,51,Female,Doctor,9.41,24,5.57,4,3,5,49,139,7
14686,49,Female,Engineer,4.59,67,7.75,4,1,3,27,221,9
14687,25,Male,Teacher,5.18,28,7.93,9,2,2,66,293,4
14688,24,Female,Teacher,4.01,93,8.23,8,2,4,114,49,2
14689,30,Male,Student,1.13,84,7.15,6,2,0,2,203,4
14690,24,Female,Teacher,1.99,76,6.4,7,9,0,115,211,1
14691,58,Female,Engineer,5.5,97,8.82,3,2,1,25,278,9
14692,27,Male,Engineer,3.94,25,5.23,1,1,4,60,72,4
14693,22,Male,Doctor,8.77,82,8.38,4,5,2,41,172,2
14694,44,Female,Teacher,1.94,23,8.12,1,5,1,12,155,2
14695,52,Male,Student,7.28,12,7.11,1,5,1,45,127,9
14696,40,Male,Business,7.24,71,8.0,7,2,3,10,141,6
14697,20,Female,Student,4.08,13,4.71,5,6,2,39,99,5
14698,36,Male,Doctor,1.64,53,8.32,6,3,4,23,294,5
14699,35,Male,Designer,4.91,19,8.53,2,1,3,72,74,4
14700,36,Female,Teacher,6.59,60,7.75,2,7,0,61,143,5
14701,53,Male,Business,5.98,109,4.77,5,3,0,97,187,7
14702,49,Male,Teacher,5.66,106,5.11,9,2,4,104,68,6
14703,29,Male,Doctor,8.38,108,5.26,9,6,0,23,211,7
14704,36,Male,Student,3.0,9,4.5,2,1,5,59,143,4
14705,57,Female,Student,6.22,96,5.57,8,5,4,48,21,5
14706,52,Female,Business,3.64,15,8.55,8,1,3,114,133,3
14707,59,Male,Student,9.46,52,5.01,4,8,0,11,55,1
14708,37,Male,Business,8.49,5,5.05,4,5,2,38,56,4
14709,46,Male,Doctor,6.25,113,7.56,8,6,3,38,230,8
14710,34,Male,Teacher,1.97,115,8.04,1,6,3,12,286,4
14711,58,Female,Engineer,9.57,24,5.26,7,5,1,95,263,7
14712,49,Female,Engineer,9.49,110,8.11,1,5,3,74,182,1
14713,36,Female,Doctor,4.15,61,5.03,2,5,2,51,111,2
14714,22,Female,Business,5.62,92,5.95,3,8,5,44,109,8
14715,31,Male,Doctor,2.24,81,6.8,1,2,1,94,27,1
14716,41,Female,Doctor,3.56,108,8.95,1,9,0,10,27,2
14717,31,Male,Doctor,7.47,25,4.46,4,9,2,114,256,5
14718,56,Female,Teacher,1.45,106,4.5,9,8,2,1,101,9
14719,43,Male,Teacher,7.31,98,5.98,5,4,5,46,77,5
14720,29,Female,Designer,4.65,64,7.97,7,5,1,54,124,8
14721,48,Male,Teacher,5.4,88,5.94,3,8,1,10,160,8
14722,19,Male,Student,5.07,112,4.75,1,7,5,95,244,8
14723,29,Female,Business,2.46,107,8.34,4,1,3,61,133,2
14724,39,Female,Doctor,7.25,91,5.48,7,8,2,81,59,3
14725,21,Male,Doctor,7.17,36,6.51,2,1,2,99,53,1
14726,28,Female,Business,3.63,84,7.99,4,9,2,61,240,6
14727,37,Male,Business,3.85,8,7.36,6,1,5,110,112,9
14728,43,Male,Doctor,9.31,76,6.05,1,7,2,98,122,3
14729,57,Male,Business,4.97,105,4.82,7,2,0,115,20,5
14730,38,Male,Business,2.48,12,7.23,9,9,3,53,27,7
14731,19,Male,Student,2.58,76,5.53,3,5,4,4,46,2
14732,19,Female,Teacher,1.09,18,7.64,9,9,3,8,134,5
14733,31,Female,Designer,6.11,69,5.79,8,5,1,81,23,9
14734,46,Male,Teacher,3.87,65,6.44,8,8,1,63,290,1
14735,23,Female,Student,2.22,119,8.93,2,4,0,15,130,7
14736,46,Male,Student,7.03,83,7.85,9,5,1,101,94,7
14737,36,Male,Designer,6.48,53,4.33,7,7,3,34,296,7
14738,55,Male,Business,4.23,61,4.36,8,9,5,36,205,1
14739,22,Male,Designer,4.38,42,7.53,3,8,2,80,80,2
14740,23,Female,Doctor,1.97,88,5.76,7,8,2,47,214,4
14741,31,Male,Doctor,8.46,83,4.88,4,2,4,48,259,9
14742,44,Male,Designer,6.03,84,6.44,4,9,4,90,80,2
14743,26,Male,Engineer,6.22,64,6.05,2,7,3,72,227,5
14744,42,Female,Engineer,3.9,15,8.03,1,2,4,14,190,2
14745,36,Male,Business,3.45,95,5.12,4,3,3,53,41,8
14746,21,Male,Business,7.87,36,6.39,8,2,5,20,177,9
14747,31,Male,Business,1.46,25,6.14,4,9,0,105,146,1
14748,19,Female,Designer,9.48,75,7.43,9,6,0,55,93,7
14749,18,Male,Doctor,1.2,7,5.48,7,9,1,47,226,4
14750,56,Female,Designer,7.97,7,5.6,7,1,5,85,197,9
14751,42,Female,Student,2.21,62,7.63,8,6,5,42,113,4
14752,46,Female,Student,5.02,54,8.4,1,3,5,62,176,7
14753,54,Female,Engineer,9.19,24,4.25,2,5,5,0,175,9
14754,41,Female,Engineer,2.96,72,5.53,2,8,1,38,266,4
14755,41,Male,Designer,5.69,63,6.1,4,5,3,35,274,8
14756,40,Female,Doctor,3.85,119,4.36,3,1,1,81,127,5
14757,46,Female,Business,6.14,89,7.5,2,8,0,25,98,7
14758,45,Male,Business,3.85,81,8.53,6,7,4,36,70,1
14759,53,Female,Student,6.74,18,7.75,7,2,3,58,73,6
14760,34,Female,Designer,3.26,101,4.69,6,2,2,118,46,1
14761,39,Male,Designer,3.85,47,6.69,7,3,5,100,156,7
14762,51,Male,Teacher,7.73,119,8.69,1,7,1,45,296,1
14763,30,Female,Business,3.53,33,8.42,3,6,3,104,72,5
14764,30,Male,Business,8.76,98,8.35,5,6,2,119,175,6
14765,42,Male,Designer,4.03,47,8.83,5,4,0,0,156,4
14766,18,Male,Designer,6.83,114,4.9,6,7,4,52,139,8
14767,57,Female,Designer,7.95,66,8.0,2,6,3,41,34,8
14768,26,Male,Engineer,2.56,42,5.78,4,3,4,94,210,2
14769,46,Female,Designer,3.77,55,4.48,2,5,1,31,283,8
14770,48,Female,Business,4.2,106,8.62,3,6,2,97,128,3
14771,29,Female,Engineer,7.83,103,7.86,6,3,5,15,260,6
14772,46,Male,Engineer,6.25,5,5.81,7,3,2,117,170,5
14773,47,Male,Business,4.62,87,5.58,5,7,0,3,127,8
14774,21,Female,Teacher,6.52,46,8.41,7,5,0,58,269,6
14775,47,Female,Business,7.28,48,5.97,6,5,3,37,183,1
14776,42,Female,Business,4.13,103,5.59,2,8,1,52,56,1
14777,53,Male,Doctor,2.15,89,4.71,5,6,0,31,266,8
14778,46,Female,Business,6.54,89,4.38,2,9,3,1,180,9
14779,37,Female,Business,3.76,34,8.58,3,5,0,15,207,7
14780,23,Male,Engineer,7.21,53,6.7,9,7,0,56,30,7
14781,56,Female,Teacher,2.76,73,5.86,1,3,0,19,143,6
14782,22,Male,Engineer,4.2,118,7.95,3,3,1,68,58,5
14783,51,Female,Designer,8.53,58,7.78,9,9,1,98,37,2
14784,36,Female,Teacher,2.07,68,6.19,9,8,4,72,38,8
14785,55,Male,Designer,4.06,73,4.24,9,1,4,88,228,8
14786,49,Female,Designer,2.15,111,4.86,6,6,4,75,139,1
14787,32,Male,Business,9.49,96,4.71,4,4,0,27,219,8
14788,19,Male,Engineer,7.0,10,4.63,6,1,2,56,234,7
14789,47,Male,Doctor,9.05,72,4.47,6,2,0,119,112,3
14790,25,Male,Designer,4.04,5,6.27,4,6,1,107,284,7
14791,55,Female,Student,8.08,38,5.04,9,3,2,82,218,3
14792,20,Female,Business,5.47,37,4.41,5,7,0,29,143,9
14793,24,Male,Doctor,8.81,60,6.05,1,3,0,43,33,3
14794,45,Male,Business,1.91,9,5.04,5,1,1,35,211,3
14795,37,Female,Doctor,5.79,39,7.53,3,9,4,20,251,9
14796,27,Female,Doctor,3.46,50,5.67,3,2,3,114,278,9
14797,59,Female,Teacher,3.89,41,8.39,1,2,0,107,241,8
14798,27,Male,Designer,2.27,95,6.73,1,9,3,4,185,6
14799,29,Male,Engineer,8.15,88,4.72,3,4,1,6,238,4
14800,30,Male,Engineer,6.42,56,8.82,8,3,4,21,78,6
14801,33,Male,Engineer,5.92,97,6.99,8,7,5,96,172,4
14802,34,Female,Doctor,1.29,50,5.68,7,8,3,56,174,1
14803,59,Female,Teacher,2.08,111,6.96,7,7,0,111,109,8
14804,33,Male,Doctor,5.9,79,6.44,7,5,5,25,215,2
14805,22,Female,Doctor,4.07,42,4.2,3,3,1,52,119,4
14806,18,Female,Engineer,2.42,107,7.91,8,7,0,47,35,9
14807,29,Male,Business,7.51,53,4.01,3,1,4,22,167,3
14808,24,Female,Student,3.33,79,4.09,5,8,1,48,98,1
14809,52,Female,Engineer,4.06,81,7.57,8,3,5,25,188,8
14810,45,Female,Business,6.17,52,6.05,4,7,3,31,92,5
14811,42,Female,Doctor,4.75,115,7.37,4,8,4,19,263,5
14812,53,Female,Engineer,6.19,114,4.72,4,8,2,63,289,8
14813,32,Female,Teacher,4.98,90,5.39,4,6,4,100,294,7
14814,59,Male,Student,4.13,71,6.42,3,8,4,59,63,1
14815,27,Female,Student,3.95,5,8.41,9,4,3,65,217,1
14816,29,Male,Designer,3.11,45,4.05,8,2,4,54,283,9
14817,40,Male,Teacher,8.72,8,8.8,3,3,3,114,109,4
14818,42,Male,Business,7.89,6,8.12,9,9,1,3,138,2
14819,33,Female,Designer,9.51,80,4.0,9,3,1,75,68,5
14820,58,Male,Engineer,6.45,98,8.82,2,2,1,106,25,9
14821,27,Male,Doctor,3.74,40,4.71,4,9,0,94,254,3
14822,59,Female,Student,3.99,91,7.4,6,4,4,12,21,9
14823,25,Female,Doctor,3.94,114,8.47,1,5,5,118,296,7
14824,19,Female,Doctor,4.27,18,5.43,4,3,4,14,21,4
14825,19,Male,Business,8.86,7,4.35,5,2,3,43,51,1
14826,33,Male,Teacher,9.16,103,5.18,3,2,1,4,153,9
14827,31,Male,Designer,9.99,71,5.11,2,2,1,92,33,8
14828,25,Male,Doctor,6.99,101,6.28,8,8,3,27,192,2
14829,37,Male,Teacher,5.54,104,6.72,1,2,1,28,267,6
14830,58,Female,Teacher,1.2,6,5.0,6,4,5,113,192,1
14831,20,Female,Student,4.7,109,4.96,9,4,5,22,207,2
14832,40,Female,Engineer,8.97,53,6.41,3,9,5,84,163,3
14833,43,Male,Designer,4.08,8,8.6,2,1,0,108,99,4
14834,48,Male,Business,2.59,108,5.56,1,8,0,72,249,8
14835,45,Male,Engineer,2.02,107,7.0,2,5,3,73,207,3
14836,58,Female,Student,8.04,39,6.05,6,1,4,72,43,2
14837,31,Female,Doctor,8.82,117,7.95,4,9,3,76,269,2
14838,43,Male,Designer,6.89,95,8.12,8,1,4,5,202,8
14839,22,Female,Teacher,2.49,7,8.99,7,6,4,52,275,7
14840,25,Male,Engineer,1.53,52,7.7,7,9,3,6,46,7
14841,38,Male,Student,3.92,80,7.54,1,4,4,19,117,9
14842,43,Female,Designer,1.83,91,6.93,8,2,1,78,234,3
14843,20,Female,Engineer,1.02,42,4.83,1,4,1,53,70,9
14844,31,Female,Designer,5.24,5,8.37,5,6,4,31,102,2
14845,46,Male,Designer,8.57,56,5.44,2,3,3,1,292,2
14846,31,Male,Student,5.35,104,7.71,2,7,1,8,156,8
14847,21,Female,Doctor,1.0,70,7.12,4,7,4,39,136,2
14848,54,Female,Teacher,8.1,60,4.02,8,9,4,37,81,2
14849,35,Female,Business,8.49,33,7.14,4,5,3,9,263,6
14850,22,Male,Doctor,7.35,23,5.47,1,2,3,71,21,2
14851,41,Male,Engineer,8.61,87,8.95,6,4,1,86,159,5
14852,50,Male,Student,2.48,78,7.66,8,4,5,33,73,7
14853,34,Male,Designer,9.92,103,8.87,8,7,1,4,46,4
14854,56,Male,Teacher,3.63,99,7.92,8,1,5,98,249,4
14855,50,Female,Student,4.14,14,6.85,9,2,5,86,51,1
14856,51,Male,Student,9.95,9,7.42,6,4,3,61,190,2
14857,56,Male,Engineer,6.54,113,5.15,5,6,0,11,160,2
14858,58,Female,Doctor,4.48,47,8.94,8,7,3,26,104,4
14859,40,Male,Doctor,5.32,99,6.37,4,8,1,76,104,1
14860,50,Male,Teacher,2.54,30,7.76,5,8,5,46,169,7
14861,35,Female,Engineer,2.54,6,5.66,4,4,3,59,72,5
14862,38,Male,Doctor,6.76,89,4.55,1,6,1,76,217,1
14863,48,Female,Engineer,9.86,86,7.98,4,7,2,79,162,6
14864,41,Male,Teacher,3.79,43,5.61,6,3,2,103,265,3
14865,23,Female,Teacher,6.33,22,5.59,6,5,5,25,194,3
14866,28,Female,Doctor,6.59,91,5.29,1,5,1,29,263,9
14867,50,Male,Business,7.56,116,5.85,8,3,1,109,208,5
14868,55,Female,Business,9.47,102,6.59,4,8,4,32,289,9
14869,45,Male,Business,5.67,58,6.18,3,2,4,24,142,5
14870,42,Male,Engineer,9.85,78,8.69,4,6,5,80,81,3
14871,51,Male,Teacher,5.3,37,4.79,9,2,5,38,196,1
14872,55,Male,Teacher,1.86,35,6.78,9,7,4,85,296,3
14873,59,Female,Teacher,8.24,95,5.13,8,8,3,55,52,3
14874,45,Female,Teacher,1.63,16,5.93,3,8,2,57,190,9
14875,34,Male,Teacher,4.69,70,8.69,4,7,5,45,69,5
14876,41,Male,Teacher,5.51,9,4.69,6,9,0,39,169,4
14877,24,Male,Engineer,3.76,108,8.01,5,8,5,36,257,4
14878,57,Female,Doctor,8.31,86,5.17,9,5,2,105,70,4
14879,21,Male,Student,4.2,66,4.8,8,8,3,64,204,3
14880,18,Male,Doctor,7.48,67,4.72,7,6,1,4,214,2
14881,50,Female,Teacher,1.66,31,6.54,6,9,2,40,294,8
14882,37,Female,Engineer,8.72,71,4.14,1,6,5,36,243,8
14883,26,Male,Teacher,3.14,71,4.28,3,8,2,54,266,5
14884,50,Female,Student,1.76,96,4.74,6,4,0,59,252,2
14885,45,Female,Teacher,2.93,11,5.18,3,9,1,107,95,1
14886,19,Female,Student,4.23,69,7.29,5,5,0,37,94,1
14887,57,Female,Doctor,3.19,79,7.77,5,2,4,11,292,1
14888,28,Female,Teacher,3.86,66,6.36,7,5,5,75,281,7
14889,34,Female,Designer,4.99,90,4.17,9,6,5,21,119,6
14890,31,Female,Doctor,1.19,108,7.0,9,3,5,64,208,7
14891,31,Female,Engineer,9.46,103,7.89,7,8,1,99,136,7
14892,31,Male,Doctor,3.09,85,5.93,4,2,4,118,88,4
14893,39,Male,Doctor,4.89,35,6.61,6,7,3,117,58,6
14894,55,Female,Student,5.37,58,4.56,8,1,2,36,179,5
14895,20,Female,Engineer,9.46,102,7.53,7,1,2,32,186,3
14896,46,Female,Doctor,9.27,59,7.27,7,3,1,1,188,3
14897,18,Male,Doctor,3.21,107,5.71,2,3,5,84,41,2
14898,35,Female,Designer,4.89,88,5.8,3,5,0,52,141,3
14899,47,Male,Engineer,5.99,95,8.25,8,4,1,37,25,7
14900,53,Male,Student,9.41,49,6.44,6,5,0,89,123,1
14901,48,Female,Business,1.13,74,7.66,4,4,0,27,133,5
14902,38,Male,Business,2.53,30,7.2,5,7,1,73,104,3
14903,48,Female,Doctor,4.02,10,6.03,8,1,1,7,89,5
14904,57,Female,Teacher,7.82,65,4.94,3,7,5,12,117,9
14905,59,Male,Business,5.72,7,8.46,7,4,5,41,73,2
14906,31,Female,Business,4.94,119,8.7,4,6,3,97,71,2
14907,43,Male,Student,6.53,110,6.54,4,2,3,118,295,2
14908,23,Male,Designer,9.93,58,9.0,3,6,1,5,295,2
14909,24,Female,Business,2.34,14,4.12,7,8,1,69,216,7
14910,55,Female,Student,6.31,22,4.1,7,4,3,57,43,6
14911,28,Female,Designer,1.81,11,4.08,6,9,3,85,165,7
14912,31,Male,Business,8.87,108,6.71,4,8,1,107,29,8
14913,30,Female,Teacher,4.87,51,4.42,3,9,2,8,247,6
14914,38,Female,Doctor,1.92,86,8.52,4,4,0,87,291,8
14915,33,Male,Engineer,6.97,99,5.69,2,1,0,29,87,2
14916,31,Female,Doctor,7.88,87,5.58,6,2,0,2,196,6
14917,51,Male,Business,5.8,40,6.3,3,3,0,108,190,1
14918,44,Male,Designer,3.18,26,6.24,4,9,2,50,56,7
14919,59,Female,Designer,1.78,10,7.8,6,9,1,97,100,8
14920,42,Male,Doctor,5.24,53,5.23,1,3,0,12,228,9
14921,54,Male,Teacher,5.02,33,4.99,9,3,0,28,60,8
14922,32,Female,Student,6.34,49,4.66,4,3,1,50,265,2
14923,23,Male,Designer,2.59,65,8.76,5,4,3,70,140,7
14924,52,Male,Teacher,7.45,93,4.15,1,9,3,43,162,8
14925,52,Male,Teacher,7.3,108,4.68,5,3,5,83,290,3
14926,39,Male,Student,7.9,109,6.27,4,6,5,16,209,8
14927,31,Female,Designer,2.71,15,6.38,8,8,2,31,96,7
14928,33,Male,Designer,3.13,22,6.54,1,4,1,39,239,2
14929,43,Female,Teacher,6.12,54,6.98,4,4,3,40,56,8
14930,30,Female,Designer,3.13,27,4.47,1,5,3,84,217,9
14931,57,Male,Business,3.74,34,8.32,6,6,3,82,197,2
14932,20,Female,Engineer,2.6,61,4.68,7,2,5,5,32,4
14933,47,Male,Engineer,5.11,113,5.65,7,9,3,64,160,9
14934,22,Male,Business,6.64,80,4.77,2,6,3,4,32,4
14935,33,Male,Designer,5.17,16,8.46,5,4,1,50,179,3
14936,43,Female,Engineer,8.67,118,4.62,5,6,4,32,151,3
14937,41,Male,Doctor,4.36,72,6.74,9,1,0,114,58,8
14938,59,Female,Teacher,5.88,98,5.55,8,9,1,85,51,1
14939,45,Female,Engineer,5.92,110,7.82,8,4,0,65,282,3
14940,27,Female,Student,4.23,100,5.68,6,4,1,118,270,1
14941,37,Male,Designer,5.27,44,6.94,2,7,2,60,252,7
14942,20,Female,Teacher,1.56,71,4.53,2,7,2,72,21,5
14943,55,Male,Teacher,6.61,89,8.63,5,8,1,5,231,6
14944,19,Male,Doctor,9.49,15,7.83,2,7,1,105,31,8
14945,31,Female,Student,8.32,82,6.39,1,4,0,18,169,8
14946,59,Female,Business,3.82,112,8.92,1,8,5,80,250,4
14947,44,Male,Engineer,3.78,83,4.34,2,7,3,116,20,3
14948,19,Female,Doctor,6.42,110,4.99,1,4,1,0,81,4
14949,54,Female,Doctor,1.44,116,5.14,1,4,2,78,59,3
14950,50,Male,Engineer,6.46,94,6.5,1,4,4,11,212,8
14951,48,Female,Engineer,6.08,31,5.15,2,2,2,118,137,9
14952,53,Male,Student,8.48,96,4.33,8,4,2,99,58,9
14953,57,Female,Doctor,9.42,43,6.02,5,5,4,67,135,4
14954,31,Male,Designer,3.94,98,6.93,8,6,4,13,123,6
14955,31,Male,Business,6.65,79,8.43,7,6,0,7,236,7
14956,47,Male,Engineer,1.54,103,7.48,6,6,5,76,44,5
14957,54,Female,Designer,8.9,10,8.86,1,4,1,71,94,7
14958,28,Male,Teacher,9.31,47,8.04,8,5,4,82,132,1
14959,28,Male,Engineer,2.39,54,4.58,3,4,0,24,127,2
14960,57,Female,Teacher,4.28,75,6.93,7,9,1,43,220,6
14961,30,Male,Student,5.07,94,6.31,2,4,4,42,205,6
14962,46,Male,Business,9.17,84,5.99,8,8,5,117,68,2
14963,47,Female,Business,7.27,97,8.05,3,4,4,65,38,6
14964,58,Female,Engineer,8.66,53,8.89,3,2,5,50,75,8
14965,38,Female,Teacher,3.65,79,5.76,4,5,4,107,296,3
14966,37,Male,Doctor,1.54,66,5.47,6,8,0,37,200,8
14967,47,Male,Business,9.67,107,8.05,4,2,1,34,250,8
14968,44,Female,Engineer,5.92,108,8.8,7,2,5,52,41,8
14969,41,Male,Teacher,4.69,58,7.21,6,1,5,118,230,8
14970,36,Female,Engineer,5.78,28,5.91,2,7,5,84,281,6
14971,34,Female,Student,9.58,58,7.3,7,7,1,106,32,6
14972,51,Female,Business,1.4,112,8.47,3,3,2,20,115,9
14973,41,Female,Business,6.12,46,8.96,3,8,2,60,285,4
14974,48,Female,Student,9.85,65,4.16,3,3,0,11,238,8
14975,20,Male,Engineer,9.83,64,7.45,5,6,0,86,272,3
14976,42,Male,Business,6.93,21,7.76,9,4,1,104,105,6
14977,47,Male,Student,2.7,112,6.46,4,5,3,68,233,3
14978,46,Male,Student,7.94,108,7.74,4,3,4,80,286,7
14979,51,Male,Business,2.06,49,8.75,2,2,5,53,107,2
14980,26,Female,Teacher,4.66,60,7.67,9,4,2,52,40,3
14981,47,Male,Designer,1.12,91,8.08,2,9,3,101,94,4
14982,58,Male,Engineer,2.24,110,7.95,9,7,3,68,130,9
14983,22,Female,Designer,5.69,9,6.5,1,5,4,112,248,4
14984,54,Female,Engineer,5.24,42,5.26,7,2,2,38,228,2
14985,38,Female,Engineer,8.88,64,6.01,5,5,2,79,151,4
14986,51,Male,Teacher,1.88,6,8.45,6,1,1,110,171,3
14987,47,Female,Student,1.92,24,7.57,7,8,5,20,146,4
14988,29,Female,Student,8.09,46,6.23,5,5,2,43,263,2
14989,42,Female,Student,1.53,17,6.18,1,1,5,75,244,7
14990,46,Female,Engineer,2.37,25,6.11,3,4,3,68,100,9
14991,59,Male,Engineer,9.75,104,4.5,8,9,1,21,186,5
14992,52,Female,Student,2.91,64,7.81,8,3,2,63,214,8
14993,38,Female,Engineer,6.46,119,4.82,5,6,0,78,201,1
14994,33,Male,Designer,5.84,34,6.48,3,7,3,84,248,8
14995,29,Female,Teacher,9.21,93,8.73,4,6,1,49,133,7
14996,22,Female,Engineer,1.63,35,8.7,8,2,5,111,62,7
14997,40,Female,Designer,4.27,116,5.92,5,3,5,50,258,1
14998,29,Female,Engineer,1.49,30,5.7,3,1,2,69,52,9
14999,44,Male,Doctor,2.85,41,6.96,2,8,5,118,197,7
15000,45,Female,Student,7.96,64,4.8,7,8,1,69,173,4
